# Made in Blockbench 5.0.7
mtllib slender.mtl

o SM_Model
v -0.03609999999999999 2.4252 0.026200000000000008
v -0.3446 0.6541 -0.07119999999999992
v 0.0063999999999999595 2.3877 -0.1842
v 0.020199999999999958 2.4796 -0.1816
v -0.3076 0.1 0.07880000000000006
v -0.2593 0.0894 0.07230000000000006
v -0.293 0.0893 0.060900000000000065
v 0.2593 0.0894 0.07229999999999995
v 0.3076 0.1 0.07879999999999993
v 0.293 0.0893 0.06089999999999994
v -0.2593 0.2668 0.07110000000000005
v 0.2593 0.2668 0.07109999999999994
v -0.2255 0.0887 -0.027899999999999953
v -0.2593 0.266 -0.040499999999999946
v -0.2255 0.2661 -0.029099999999999952
v 0.2593 0.266 -0.04050000000000006
v 0.2255 0.0887 -0.02790000000000005
v 0.2255 0.2661 -0.02910000000000005
v -0.2593 0.1121 -0.09789999999999995
v -0.19700000000000004 0.1123 -0.07699999999999996
v 0.2593 0.1121 -0.09790000000000006
v 0.19699999999999998 0.1123 -0.07700000000000004
v -0.293 0.2668 0.059700000000000066
v -0.2593 0.1136 0.10770000000000006
v -0.3215 0.1134 0.08670000000000007
v 0.2593 0.1136 0.10769999999999995
v 0.293 0.2668 0.05969999999999994
v 0.3215 0.1134 0.08669999999999993
v -0.2035 0.089 0.016500000000000046
v -0.2035 0.2664 0.015300000000000044
v 0.2035 0.089 0.016499999999999956
v 0.2035 0.2664 0.015299999999999954
v -0.2255 0.2668 0.05970000000000005
v -0.1565 0.1129 0.0049000000000000345
v -0.19699999999999998 0.1134 0.08670000000000004
v 0.1565 0.1129 0.004899999999999965
v 0.2255 0.2668 0.059699999999999954
v 0.19700000000000004 0.1134 0.08669999999999996
v -0.293 0.2661 -0.029099999999999935
v -0.315 0.2664 0.015300000000000069
v -0.3621 0.1129 0.0049000000000000805
v -0.3215 0.1123 -0.07699999999999993
v 0.3621 0.1129 0.004899999999999919
v 0.315 0.2664 0.01529999999999993
v 0.293 0.2661 -0.029100000000000067
v 0.3215 0.1123 -0.07700000000000007
v -0.014700000000000003 1.3216 -0.017099999999999997
v -2.5557334026871102e-17 1.3741 -0.1151
v -3.7969627442180355e-18 1.3358 -0.0171
v 0.014699999999999996 1.3216 -0.017100000000000004
v -0.038200000000000026 1.4334 -0.1402
v -3.130828929442941e-17 1.3885 -0.141
v 0.03819999999999997 1.4334 -0.1402
v -0.2214 2.0985 -0.017099999999999952
v -0.1943 2.1216 0.04350000000000004
v -0.2034 2.1015 -0.016699999999999954
v 0.1943 2.1216 0.043499999999999955
v 0.2214 2.0985 -0.01710000000000005
v 0.2034 2.1015 -0.016700000000000045
v -0.12340000000000002 2.1059 -0.12399999999999997
v 0.12339999999999997 2.1059 -0.12400000000000003
v -3.3573144264664734e-17 1.9586 -0.1512
v -0.046300000000000036 2.1074 -0.1502
v -3.3573144264664734e-17 2.1074 -0.1512
v 0.046299999999999966 2.1074 -0.1502
v -1.962874307537277e-17 2.2864 -0.0884
v -0.048200000000000014 2.3247 -0.07509999999999999
v -0.0029000000000000193 2.3048 -0.0884
v 0.048199999999999986 2.3247 -0.07510000000000001
v 0.0028999999999999803 2.3048 -0.0884
v -0.0021000000000000177 2.3014 -0.0804
v -0.01620000000000002 2.2815 -0.0893
v -0.004700000000000019 2.3008 -0.0877
v 0.01619999999999998 2.2815 -0.0893
v 0.002099999999999982 2.3014 -0.0804
v 0.004699999999999981 2.3008 -0.0877
v -2.078337502098293e-17 2.2719 -0.0936
v -0.01650000000000002 2.2811 -0.0917
v -2.0827783941967935e-17 2.2715 -0.0938
v 0.01649999999999998 2.2811 -0.0917
v -0.01630000000000002 2.2831 -0.0939
v -2.133848653329551e-17 2.2731 -0.0961
v -0.01660000000000002 2.2827 -0.094
v 0.016299999999999978 2.2831 -0.0939
v 0.01659999999999998 2.2827 -0.094
v -0.11710000000000002 2.1802 -0.12479999999999997
v -0.12970000000000004 2.1877 -0.13139999999999996
v -0.06900000000000003 2.1286 -0.14469999999999997
v 0.12969999999999998 2.1877 -0.13140000000000002
v 0.11709999999999997 2.1802 -0.12480000000000002
v 0.06899999999999998 2.1286 -0.14470000000000002
v -0.0019000000000000356 2.0695 -0.1606
v 0.0018999999999999644 2.0695 -0.1606
v -0.08480000000000003 2.2585 -0.12289999999999998
v -0.08250000000000003 2.2659 -0.12959999999999997
v 0.08249999999999998 2.2659 -0.12960000000000002
v 0.08479999999999997 2.2585 -0.12290000000000001
v -0.025299999999999982 2.3132 0.0756
v -0.05989999999999999 2.3168 0.05780000000000001
v -0.06819999999999998 2.3243 0.05110000000000001
v 0.06820000000000001 2.3243 0.051099999999999986
v 0.059900000000000016 2.3168 0.05779999999999998
v 0.025300000000000017 2.3132 0.0756
v 1.696420781627239e-17 2.3115 0.0764
v -0.03349999999999998 2.3206 0.08180000000000001
v 1.780797731498751e-17 2.3189 0.0802
v 0.03350000000000002 2.3206 0.08179999999999998
v -0.06280000000000002 2.3192 -0.09489999999999998
v -0.055400000000000026 2.3186 -0.11169999999999998
v -0.060000000000000026 2.2935 -0.11349999999999999
v 0.05999999999999997 2.2935 -0.11350000000000002
v 0.05539999999999997 2.3186 -0.11170000000000001
v 0.06279999999999997 2.3192 -0.09490000000000001
v -0.3833 0.8032 -0.042299999999999914
v -0.3734 0.7999 -0.015399999999999917
v -0.3874 0.7975 -0.015199999999999913
v 0.3874 0.7975 -0.015200000000000087
v 0.3734 0.7999 -0.015400000000000084
v 0.3833 0.8032 -0.04230000000000008
v -0.4325 0.7918 -0.0325999999999999
v -0.4125 0.7956 -0.03729999999999991
v -0.4089 0.7645 -0.04479999999999991
v 0.4089 0.7645 -0.04480000000000009
v 0.4125 0.7956 -0.03730000000000009
v 0.4325 0.7918 -0.032600000000000094
v -0.4167 0.6463 -0.03449999999999991
v -0.3868 0.6525 -0.03959999999999992
v -0.387 0.6542 -0.03949999999999992
v 0.387 0.6542 -0.039500000000000084
v 0.3868 0.6525 -0.039600000000000087
v 0.4167 0.6463 -0.03450000000000009
v -0.3727 0.6372 -0.06849999999999992
v -0.3622 0.6383 -0.06999999999999992
v -0.3496 0.643 -0.06419999999999991
v -0.3527 0.6513 -0.057699999999999925
v 0.3496 0.643 -0.06420000000000008
v 0.3622 0.6383 -0.07000000000000009
v 0.3727 0.6372 -0.06850000000000009
v 0.3527 0.6513 -0.05770000000000008
v -0.3868 0.5675 -0.04169999999999992
v -0.3837 0.5631 -0.043499999999999914
v -0.3736 0.5655 -0.04459999999999992
v 0.3736 0.5655 -0.044600000000000084
v 0.3837 0.5631 -0.04350000000000008
v 0.3868 0.5675 -0.041700000000000084
v -0.3965 0.5805 -0.018399999999999913
v -0.3901 0.5672 -0.020199999999999912
v -0.3751 0.5718 -0.020199999999999916
v 0.3751 0.5718 -0.020200000000000082
v 0.3901 0.5672 -0.020200000000000086
v 0.3965 0.5805 -0.018400000000000086
v -0.3867 0.563 -0.021799999999999913
v -0.3759 0.5663 -0.021799999999999917
v 0.3759 0.5663 -0.021800000000000083
v 0.3867 0.563 -0.021800000000000087
v -0.3747 0.5728 0.025400000000000082
v -0.3752 0.5675 0.023300000000000085
v -0.374 0.5675 0.015100000000000084
v 0.374 0.5675 0.015099999999999917
v 0.3752 0.5675 0.023299999999999918
v 0.3747 0.5728 0.025399999999999916
v -0.006200000000000042 2.4077 -0.1924
v -4.272138198757602e-17 2.4109 -0.1924
v -4.272138198757602e-17 2.4062 -0.1924
v 0.006199999999999957 2.4077 -0.1924
v -4.432010314303625e-17 2.4259 -0.1996
v -0.01410000000000004 2.4321 -0.1784
v -0.010200000000000042 2.4365 -0.1885
v 0.010199999999999959 2.4365 -0.1885
v 0.01409999999999996 2.4321 -0.1784
v -0.056200000000000035 2.4693 -0.1587
v -0.05490000000000003 2.4634 -0.1611
v -0.058400000000000035 2.4618 -0.157
v -0.05970000000000004 2.4661 -0.1549
v 0.058399999999999966 2.4618 -0.157
v 0.05489999999999996 2.4634 -0.1611
v 0.056199999999999965 2.4693 -0.1587
v 0.05969999999999997 2.4661 -0.1549
v -0.36700000000000005 0.0086 -0.1643999999999999
v -0.36140000000000005 0.0121 -0.24749999999999991
v -0.31850000000000006 0.0097 -0.25869999999999993
v -0.30890000000000006 -0.001 -0.15479999999999994
v -0.27470000000000006 -0.001 -0.15479999999999994
v -0.2747 -0.001 -0.06369999999999995
v -0.24040000000000003 -0.001 -0.06369999999999995
v -0.2747 -0.001 0.027400000000000063
v -0.2404 -0.001 0.027400000000000053
v -0.2738 0.0136 0.11620000000000005
v -0.22879999999999998 0.0131 0.11480000000000005
v 0.2738 0.0136 0.11619999999999994
v 0.22880000000000003 0.0131 0.11479999999999994
v 0.2404 -0.001 0.02739999999999995
v 0.2747 -0.001 0.02739999999999994
v 0.24039999999999997 -0.001 -0.06370000000000006
v 0.2747 -0.001 -0.06370000000000006
v 0.27469999999999994 -0.001 -0.15480000000000005
v 0.30889999999999995 -0.001 -0.15480000000000005
v 0.31849999999999995 0.0097 -0.25870000000000004
v 0.36699999999999994 0.0086 -0.16440000000000007
v 0.36139999999999994 0.0121 -0.24750000000000008
v -0.2718 0.0512 0.11120000000000005
v -0.21909999999999996 0.1 0.07880000000000005
v -0.2624 0.1028 0.08480000000000006
v -0.3128 0.0487 0.10980000000000006
v -0.3473 0.0703 0.08810000000000008
v -0.353 0.0703 0.02830000000000008
v -0.3704 0.0339 0.029000000000000085
v -0.3695 0.0336 -0.056899999999999916
v -0.3686 0.0082 -0.061199999999999914
v 0.3686 0.0082 -0.06120000000000008
v 0.3695 0.0336 -0.05690000000000008
v 0.3704 0.0339 0.028999999999999918
v 0.353 0.0703 0.02829999999999992
v 0.3473 0.0703 0.08809999999999991
v 0.3128 0.0487 0.10979999999999993
v 0.2624 0.1028 0.08479999999999994
v 0.2718 0.0512 0.11119999999999994
v 0.21910000000000002 0.1 0.07879999999999994
v -0.2255 0.0893 0.06090000000000005
v 0.2255 0.0893 0.060899999999999954
v -0.315 0.089 0.01650000000000007
v 0.315 0.089 0.01649999999999993
v -0.293 0.0887 -0.027899999999999935
v -0.2593 0.0886 -0.039299999999999946
v 0.293 0.0887 -0.027900000000000067
v 0.2593 0.0886 -0.03930000000000006
v -0.22940000000000005 0.0097 -0.25869999999999993
v -0.18740000000000007 0.0121 -0.24749999999999997
v -0.24040000000000003 -0.001 -0.15479999999999994
v -0.18240000000000003 0.0086 -0.16439999999999996
v -0.1809 0.0082 -0.061199999999999956
v -0.1813 0.0089 0.037900000000000045
v -0.18539999999999998 0.0136 0.10710000000000004
v 0.18739999999999996 0.0121 -0.24750000000000003
v 0.22939999999999994 0.0097 -0.25870000000000004
v 0.24039999999999997 -0.001 -0.15480000000000005
v 0.18239999999999998 0.0086 -0.16440000000000002
v 0.1809 0.0082 -0.06120000000000004
v 0.1813 0.0089 0.03789999999999996
v 0.18540000000000004 0.0136 0.10709999999999996
v -0.3153 0.1064 0.01880000000000007
v -0.3077 0.1075 -0.05019999999999993
v -0.2598 0.1131 -0.060799999999999944
v -0.2165 0.1075 -0.05019999999999995
v -0.1939 0.1064 0.018800000000000042
v 0.3153 0.1064 0.01879999999999993
v 0.3077 0.1075 -0.05020000000000007
v 0.2598 0.1131 -0.060800000000000055
v 0.2165 0.1075 -0.05020000000000005
v 0.1939 0.1064 0.01879999999999996
v -0.22099999999999997 0.8647 0.06570000000000005
v -0.17409999999999998 0.7991 0.10340000000000005
v -0.16589999999999996 0.8584 0.10810000000000004
v -0.1877 1.1817 0.05540000000000004
v -0.12699999999999997 1.1395 0.12170000000000003
v -0.13329999999999997 1.4796 0.08090000000000003
v -0.08819999999999997 1.4203 0.12170000000000002
v -0.051199999999999975 1.4345 0.12170000000000002
v 1.7963408538435033e-17 1.375 0.0809
v -0.03679999999999997 1.5091 0.12170000000000002
v 2.5757174171303633e-17 1.5091 0.116
v 0.03680000000000003 1.5091 0.12169999999999999
v 0.05120000000000003 1.4345 0.12169999999999999
v 0.08820000000000003 1.4203 0.12169999999999999
v 0.13330000000000003 1.4796 0.08089999999999997
v 0.12700000000000003 1.1395 0.12169999999999997
v 0.1877 1.1817 0.055399999999999956
v 0.16590000000000002 0.8584 0.10809999999999996
v 0.22100000000000003 0.8647 0.06569999999999994
v 0.17410000000000003 0.7991 0.10339999999999996
v -0.08189999999999999 1.5172 0.08090000000000001
v -0.11489999999999999 1.4938 0.08090000000000003
v -0.1488 1.5179 -0.017099999999999966
v -0.22760000000000002 1.2088 -0.08709999999999994
v -0.257 0.8684 -0.07139999999999995
v -0.2272 0.7989 0.04880000000000005
v -0.2618 0.7984 -0.07709999999999995
v -0.2318 0.7401 0.05640000000000005
v -0.2642 0.7396 -0.06829999999999994
v -0.2766 0.5608 0.08170000000000005
v -0.3131 0.516 -0.03209999999999993
v 0.08190000000000001 1.5172 0.08089999999999999
v 0.11490000000000002 1.4938 0.08089999999999997
v 0.1488 1.5179 -0.017100000000000035
v 0.22759999999999997 1.2088 -0.08710000000000005
v 0.257 0.8684 -0.07140000000000006
v 0.2272 0.7989 0.048799999999999955
v 0.2618 0.7984 -0.07710000000000006
v 0.2318 0.7401 0.05639999999999995
v 0.2642 0.7396 -0.06830000000000006
v 0.2766 0.5608 0.08169999999999994
v 0.3131 0.516 -0.032100000000000066
v -0.04460000000000003 1.3599 -0.11509999999999998
v -0.06720000000000004 1.0958 -0.16139999999999996
v -0.027300000000000022 1.0687 -0.0871
v -0.11090000000000003 0.8508 -0.15579999999999997
v -0.07490000000000001 0.8471 -0.07139999999999999
v -0.12100000000000002 0.7981 -0.15499999999999997
v -0.08640000000000002 0.7986 -0.07709999999999999
v -0.13250000000000003 0.7393 -0.14029999999999998
v -0.10010000000000001 0.7398 -0.06829999999999997
v -0.16480000000000003 0.458 -0.10309999999999996
v -0.1283 0.5161 -0.03209999999999997
v 0.1283 0.5161 -0.032100000000000024
v 0.16479999999999997 0.458 -0.10310000000000004
v 0.10009999999999998 0.7398 -0.06830000000000003
v 0.13249999999999998 0.7393 -0.14030000000000004
v 0.08639999999999999 0.7986 -0.07710000000000002
v 0.12099999999999997 0.7981 -0.15500000000000003
v 0.07489999999999998 0.8471 -0.07140000000000002
v 0.11089999999999997 0.8508 -0.15580000000000002
v 0.02729999999999998 1.0687 -0.0871
v 0.06719999999999995 1.0958 -0.16140000000000002
v 0.04459999999999997 1.3599 -0.11510000000000001
v -0.08960000000000003 1.4192 -0.14019999999999996
v -0.12790000000000004 1.138 -0.17939999999999998
v -0.18850000000000003 1.1806 -0.16139999999999993
v -0.22110000000000002 0.8637 -0.15579999999999994
v 0.22109999999999996 0.8637 -0.15580000000000005
v 0.18849999999999997 1.1806 -0.16140000000000004
v 0.12789999999999999 1.138 -0.17940000000000003
v 0.08959999999999997 1.4192 -0.14020000000000002
v -0.043499999999999976 1.3608 0.08090000000000001
v 0.04350000000000002 1.3608 0.08089999999999999
v -0.13440000000000002 1.4788 -0.11509999999999997
v -0.08300000000000003 1.4929 -0.11509999999999998
v -0.1419 1.5552 -0.01709999999999997
v -0.08300000000000003 1.5164 -0.11509999999999998
v -0.1419 1.5747 -0.01709999999999997
v 0.03819999999999997 1.4606 -0.1402
v 0.08299999999999998 1.4929 -0.11510000000000001
v 0.08299999999999998 1.5164 -0.11510000000000001
v 0.1419 1.5552 -0.017100000000000032
v 0.1419 1.5747 -0.017100000000000032
v -0.038200000000000026 1.4606 -0.1402
v -0.2202 1.3267 -0.018799999999999952
v -0.16040000000000001 1.3267 -0.15309999999999999
v -0.05330000000000004 1.3267 -0.1839
v -4.110045637162329e-17 1.3267 -0.1851
v 0.2202 1.3267 -0.01880000000000005
v 0.16039999999999996 1.3267 -0.15310000000000004
v 0.05329999999999996 1.3267 -0.1839
v -0.16069999999999998 1.3267 0.11120000000000003
v -0.052999999999999964 1.3267 0.1654
v 3.519406988061746e-17 1.3267 0.1585
v 0.16070000000000004 1.3267 0.11119999999999995
v 0.05300000000000003 1.3267 0.1654
v -0.3195 1.3204 -0.01599999999999993
v -0.3123 1.4483 -0.01599999999999993
v -0.3238 1.4586 0.023100000000000072
v -0.3322 1.3285 0.02200000000000007
v -0.3694 1.472 0.03580000000000008
v -0.378 1.3341 0.034500000000000086
v -0.4145 1.4851 0.023100000000000093
v -0.4237 1.3402 0.022100000000000095
v -0.4381 1.336 -0.015999999999999903
v -0.4536 1.0305 0.0255000000000001
v -0.4692 1.0258 -0.015699999999999895
v -0.4457 0.8455 0.0211000000000001
v -0.4598 0.8421 -0.015499999999999898
v -0.4573 0.7577 0.0194000000000001
v -0.4673 0.7489 -0.015499999999999896
v 0.4573 0.7577 0.0193999999999999
v 0.4673 0.7489 -0.015500000000000104
v 0.4598 0.8421 -0.015500000000000102
v 0.4457 0.8455 0.0210999999999999
v 0.4692 1.0258 -0.015700000000000103
v 0.4536 1.0305 0.025499999999999898
v 0.4381 1.336 -0.016000000000000097
v 0.4237 1.3402 0.022099999999999908
v 0.4145 1.4851 0.023099999999999905
v 0.378 1.3341 0.03449999999999992
v 0.3694 1.472 0.035799999999999915
v 0.3322 1.3285 0.021999999999999926
v 0.3238 1.4586 0.023099999999999926
v 0.3195 1.3204 -0.01600000000000007
v 0.3123 1.4483 -0.01600000000000007
v -0.4266 1.6051 -0.016199999999999905
v -0.4049 1.8557 -0.01629999999999991
v -0.3874 1.8557 -0.060299999999999916
v -0.4104 1.6064 -0.05719999999999991
v -0.3637 1.5907 -0.07009999999999991
v -0.3694 1.4718 -0.06749999999999992
v -0.3239 1.4584 -0.05519999999999993
v -0.3322 1.3284 -0.05399999999999992
v -0.3546 1.0182 -0.05689999999999992
v -0.3408 1.0097 -0.015699999999999922
v -0.3598 0.8342 -0.051799999999999916
v -0.3476 0.8266 -0.015499999999999924
v -0.3668 0.7717 -0.050299999999999914
v -0.354 0.7674 -0.015499999999999922
v 0.3668 0.7717 -0.05030000000000008
v 0.354 0.7674 -0.015500000000000078
v 0.3476 0.8266 -0.015500000000000076
v 0.3598 0.8342 -0.05180000000000008
v 0.3408 1.0097 -0.015700000000000075
v 0.3546 1.0182 -0.056900000000000076
v 0.3322 1.3284 -0.054000000000000076
v 0.3239 1.4584 -0.05520000000000007
v 0.3694 1.4718 -0.06750000000000009
v 0.3637 1.5907 -0.07010000000000008
v 0.4104 1.6064 -0.05720000000000009
v 0.3874 1.8557 -0.06030000000000008
v 0.4266 1.6051 -0.016200000000000093
v 0.4049 1.8557 -0.01630000000000009
v -0.19450000000000003 2.1215 -0.07699999999999996
v -0.21330000000000002 2.1797 -0.09389999999999996
v -0.22670000000000004 2.2329 -0.07639999999999994
v -0.1995 2.2707 -0.017099999999999956
v -0.2538 2.2466 -0.016799999999999943
v 0.1995 2.2707 -0.017100000000000046
v 0.2537 2.2466 -0.016800000000000054
v 0.22669999999999998 2.2329 -0.07640000000000005
v 0.21329999999999996 2.1797 -0.09390000000000004
v 0.19449999999999998 2.1215 -0.07700000000000004
v -0.04330000000000003 1.9585 -0.1502
v -0.041900000000000034 1.8063 -0.1501
v -3.3573144264664734e-17 1.7883 -0.1512
v -0.04350000000000003 1.7051 -0.1501
v -3.3573144264664734e-17 1.6691 -0.1512
v -0.03750000000000003 1.5199 -0.167
v -3.7347902548390263e-17 1.5019 -0.1682
v 0.037499999999999964 1.5199 -0.167
v 0.04349999999999996 1.7051 -0.1501
v 0.041899999999999965 1.8063 -0.1501
v 0.04319999999999997 1.9585 -0.1502
v -0.008199999999999983 2.2932 0.079
v -0.038399999999999976 2.2948 0.07960000000000002
v -0.03019999999999998 2.2874 0.0863
v -0.08209999999999999 2.2889 0.05600000000000002
v -0.040799999999999975 2.2278 0.11510000000000001
v -0.11119999999999998 2.2585 0.08830000000000003
v -0.04259999999999998 2.1802 0.10680000000000002
v -0.11619999999999998 2.1803 0.09020000000000003
v -0.04449999999999998 2.1073 0.10680000000000002
v -0.12229999999999999 2.1059 0.08940000000000002
v -0.11549999999999999 1.9578 0.08840000000000003
v -0.2108 1.957 -0.017099999999999956
v -0.10599999999999998 1.82 0.08810000000000003
v -0.1899 1.8338 -0.01709999999999996
v -0.10499999999999998 1.7332 0.08780000000000003
v -0.1848 1.7617 -0.01709999999999996
v -0.12529999999999997 1.5339 0.09950000000000003
v -0.1845 1.5482 -0.017999999999999957
v 0.03840000000000002 2.2948 0.07959999999999999
v 0.008200000000000018 2.2932 0.079
v 0.030200000000000022 2.2874 0.0863
v 0.08210000000000002 2.2889 0.05599999999999998
v 0.04080000000000003 2.2278 0.11509999999999998
v 0.11120000000000001 2.2585 0.08829999999999998
v 0.04260000000000002 2.1802 0.10679999999999999
v 0.11620000000000001 2.1803 0.09019999999999997
v 0.04450000000000002 2.1073 0.10679999999999999
v 0.12230000000000002 2.1059 0.08939999999999997
v 0.11550000000000002 1.9578 0.08839999999999998
v 0.2108 1.957 -0.017100000000000046
v 0.10600000000000001 1.82 0.08809999999999997
v 0.1899 1.8338 -0.017100000000000042
v 0.10500000000000001 1.7332 0.08779999999999998
v 0.1848 1.7617 -0.017100000000000042
v 0.12530000000000002 1.5339 0.09949999999999998
v 0.1845 1.5482 -0.01800000000000004
v -0.04720000000000002 2.3111 -0.10499999999999998
v -0.048200000000000014 2.3063 -0.07509999999999999
v -0.05520000000000002 2.2864 -0.08839999999999999
v -0.05180000000000002 2.286 -0.10679999999999999
v -0.05900000000000002 2.2465 -0.09749999999999999
v -0.04580000000000003 2.2576 -0.1285
v -0.053000000000000026 2.2246 -0.11419999999999998
v -0.021000000000000036 2.1801 -0.1512
v -0.027700000000000027 2.165 -0.1317
v -2.9243274468626626e-17 2.1091 -0.1317
v 0.02769999999999997 2.165 -0.1317
v 0.020999999999999967 2.1801 -0.1512
v 0.05299999999999997 2.2246 -0.11420000000000001
v 0.04579999999999997 2.2576 -0.1285
v 0.058999999999999976 2.2465 -0.09750000000000002
v 0.05179999999999998 2.286 -0.10680000000000002
v 0.05519999999999998 2.2864 -0.08840000000000002
v 0.04719999999999998 2.3111 -0.10500000000000001
v 0.048199999999999986 2.3063 -0.07510000000000001
v -2.1649348980190553e-17 2.2465 -0.0975
v -2.5357493882438574e-17 2.2246 -0.1142
v -2.9243274468626626e-17 2.165 -0.1317
v 1.3211653993039362e-17 2.3061 0.0595
v 1.3211653993039362e-17 2.3245 0.0595
v -0.025699999999999987 2.3074 0.06080000000000001
v -0.025699999999999987 2.3258 0.06080000000000001
v -0.05229999999999999 2.3102 0.03720000000000001
v -0.05229999999999999 2.3286 0.03720000000000001
v -0.0843 2.3123 -0.018499999999999982
v -0.0843 2.3307 -0.018499999999999982
v 0.025700000000000014 2.3074 0.06079999999999999
v 0.025700000000000014 2.3258 0.06079999999999999
v 0.052300000000000006 2.3102 0.03719999999999998
v 0.052300000000000006 2.3286 0.03719999999999998
v 0.0843 2.3123 -0.018500000000000016
v 0.0843 2.3307 -0.018500000000000016
v -0.01560000000000002 2.28 -0.0975
v -0.06370000000000002 2.3 -0.08419999999999998
v -0.0999 2.3059 -0.013199999999999977
v -0.06779999999999999 2.3038 0.04250000000000002
v -0.025599999999999987 2.3011 0.0661
v 1.4410694859634532e-17 2.2998 0.0649
v 0.015599999999999978 2.28 -0.0975
v 0.06369999999999999 2.3 -0.08420000000000001
v 0.0999 2.3059 -0.013200000000000022
v 0.06780000000000001 2.3038 0.04249999999999999
v 0.025600000000000015 2.3011 0.0661
v 1.1324274851176596e-17 2.3227 0.051
v 1.2523315717771765e-17 2.2979 0.0564
v -0.02339999999999999 2.3233 0.052700000000000004
v -0.023699999999999985 2.2986 0.05800000000000001
v -0.046799999999999994 2.3248 0.03160000000000001
v -0.06219999999999999 2.2998 0.037300000000000014
v -0.0772 2.3257 -0.01799999999999998
v -0.0928 2.3009 -0.01339999999999998
v -0.04430000000000001 2.3205 -0.06849999999999999
v -0.05980000000000001 2.2957 -0.07759999999999999
v -0.014700000000000019 2.2766 -0.0895
v 0.02340000000000001 2.3233 0.05269999999999999
v 0.023700000000000013 2.2986 0.057999999999999996
v 0.04680000000000001 2.3248 0.031599999999999996
v 0.062200000000000005 2.2998 0.037299999999999986
v 0.0772 2.3257 -0.018000000000000016
v 0.0928 2.3009 -0.013400000000000021
v 0.044299999999999985 2.3205 -0.06850000000000002
v 0.059799999999999985 2.2957 -0.07760000000000002
v 0.01469999999999998 2.2766 -0.0895
v -0.04910000000000001 2.3183 -0.07049999999999998
v -0.0849 2.3233 -0.016599999999999983
v -0.051399999999999994 2.3225 0.033700000000000015
v -0.024999999999999988 2.321 0.05530000000000001
v 1.1968204205459188e-17 2.3206 0.0539
v 0.049099999999999984 2.3183 -0.07050000000000001
v 0.0849 2.3233 -0.016600000000000018
v 0.05140000000000001 2.3225 0.03369999999999999
v 0.025000000000000015 2.321 0.055299999999999995
v -0.06400000000000002 2.3009 -0.07809999999999999
v -0.0997 2.3061 -0.012099999999999977
v -0.06639999999999999 2.305 0.03790000000000002
v -0.024499999999999987 2.3037 0.058100000000000006
v 1.247890679678676e-17 2.3029 0.0562
v 0.024500000000000015 2.3037 0.05809999999999999
v 0.06640000000000001 2.305 0.03789999999999999
v 0.0997 2.3061 -0.012100000000000022
v 0.06399999999999999 2.3009 -0.07810000000000002
v -0.0963 2.3079 -0.011299999999999978
v -0.06300000000000001 2.3022 -0.08129999999999998
v 0.06299999999999999 2.3022 -0.08130000000000001
v 0.0963 2.3079 -0.01130000000000002
v 1.2589929099249275e-17 2.3215 0.0567
v -0.025599999999999987 2.3227 0.05800000000000001
v -0.051899999999999995 2.3248 0.03600000000000001
v -0.083 2.3266 -0.01679999999999998
v -0.04710000000000002 2.3208 -0.07309999999999998
v -0.00470000000000002 2.3016 -0.0893
v 0.025600000000000015 2.3227 0.057999999999999996
v 0.05190000000000001 2.3248 0.03599999999999998
v 0.083 2.3266 -0.016800000000000016
v 0.04709999999999999 2.3208 -0.07310000000000001
v 0.00469999999999998 2.3016 -0.0893
v 1.361133428190442e-17 2.3036 0.0613
v -0.025499999999999984 2.3045 0.0626
v -0.06639999999999999 2.3063 0.04090000000000001
v 0.025500000000000012 2.3045 0.0626
v 0.06640000000000001 2.3063 0.040899999999999985
v -2.000621890374532e-17 2.3029 -0.0901
v -2.0361490271625372e-17 2.3037 -0.0917
v -2.1804780203638073e-17 2.2735 -0.0982
v -3.079758670310184e-17 2.0975 -0.1387
v -3.0309088572266776e-17 2.0975 -0.1365
v -0.014400000000000029 2.0975 -0.1344
v -0.01450000000000003 2.0975 -0.1366
v -0.018700000000000033 2.1737 -0.1329
v -0.01910000000000003 2.1737 -0.1351
v 0.01439999999999997 2.0975 -0.1344
v 0.014499999999999971 2.0975 -0.1366
v 0.01869999999999997 2.1737 -0.1329
v 0.019099999999999968 2.1737 -0.1351
v -3.046451979571429e-17 2.1737 -0.1372
v -2.997602166487923e-17 2.1737 -0.135
v -0.029200000000000035 2.1876 -0.1579
v -0.05410000000000003 2.265 -0.1351
v -0.11350000000000002 2.2965 -0.09219999999999998
v -0.1389 2.2995 -0.02119999999999997
v -0.1098 2.327 -0.021299999999999975
v -0.09029999999999999 2.2964 0.04930000000000002
v 1.9029222642075183e-17 2.2857 0.0857
v 0.029199999999999966 2.1876 -0.1579
v 0.054099999999999974 2.265 -0.1351
v 0.11349999999999999 2.2965 -0.09220000000000003
v 0.1389 2.2995 -0.02120000000000003
v 0.1098 2.327 -0.021300000000000024
v 0.09030000000000002 2.2964 0.049299999999999976
v -0.1307 2.292 -0.014499999999999971
v 0.1307 2.292 -0.01450000000000003
v -0.08280000000000001 2.2891 -0.08549999999999999
v 0.08279999999999998 2.2891 -0.08550000000000002
v -0.1016 2.3195 -0.014599999999999978
v -0.054600000000000024 2.3117 -0.08819999999999999
v 0.1016 2.3195 -0.014600000000000023
v 0.05459999999999998 2.3117 -0.08820000000000001
v -0.4516 0.7843 -0.0153999999999999
v -0.4438 0.7911 -0.0423999999999999
v -0.4572 0.7576 -0.0504999999999999
v -0.4126 0.7969 -0.04989999999999991
v -0.417 0.7652 -0.06009999999999991
v 0.4516 0.7843 -0.015400000000000101
v 0.4438 0.7911 -0.0424000000000001
v 0.4572 0.7576 -0.05050000000000011
v 0.4126 0.7969 -0.04990000000000009
v 0.417 0.7652 -0.06010000000000009
v -0.4439 0.7911 0.011600000000000098
v -0.4171 0.7654 0.030200000000000095
v -0.4127 0.7971 0.01990000000000009
v -0.3667 0.7718 0.019200000000000078
v -0.3832 0.8033 0.011400000000000085
v 0.4439 0.7911 0.0115999999999999
v 0.4171 0.7654 0.030199999999999907
v 0.4127 0.7971 0.01989999999999991
v 0.3667 0.7718 0.01919999999999992
v 0.3832 0.8033 0.011399999999999915
v -0.4326 0.7919 0.0021000000000000957
v -0.4126 0.7957 0.007400000000000092
v -0.3937 0.7997 0.0020000000000000876
v 0.4126 0.7957 0.007399999999999908
v 0.4326 0.7919 0.002099999999999904
v 0.3937 0.7997 0.0019999999999999124
v -0.4375 0.7875 -0.015199999999999903
v 0.4375 0.7875 -0.015200000000000097
v -0.3937 0.7996 -0.03249999999999991
v 0.3937 0.7996 -0.03250000000000009
v -0.3755 0.7081 -0.07719999999999992
v -0.3823 0.6885 -0.06419999999999991
v -0.3911 0.7245 -0.07189999999999992
v -0.376 0.7277 -0.06539999999999992
v -0.4043 0.7422 -0.06449999999999992
v -0.3792 0.7476 -0.053699999999999914
v -0.3837 0.7699 -0.03829999999999992
v -0.3753 0.767 -0.015299999999999916
v 0.3823 0.6885 -0.06420000000000008
v 0.3755 0.7081 -0.07720000000000009
v 0.3911 0.7245 -0.07190000000000009
v 0.376 0.7277 -0.06540000000000008
v 0.4043 0.7422 -0.06450000000000009
v 0.3792 0.7476 -0.05370000000000008
v 0.3837 0.7699 -0.038300000000000084
v 0.3753 0.767 -0.015300000000000083
v -0.3837 0.7699 0.007700000000000085
v -0.3708 0.7447 -0.015499999999999918
v 0.3708 0.7447 -0.015500000000000081
v 0.3837 0.7699 0.007699999999999915
v -0.4128 0.6476 -0.05369999999999991
v -0.431 0.7372 -0.0539999999999999
v 0.4128 0.6476 -0.05370000000000009
v 0.431 0.7372 -0.0540000000000001
v -0.4422 0.7537 -0.0152999999999999
v -0.4356 0.7595 0.007800000000000097
v -0.4311 0.7373 0.022800000000000098
v -0.4044 0.7423 0.03470000000000009
v -0.3868 0.6543 0.03500000000000009
v -0.3823 0.6907 0.022900000000000083
v -0.3871 0.6543 0.010100000000000086
v -0.3843 0.6891 -0.015199999999999915
v -0.3873 0.6542 -0.014699999999999913
v 0.3843 0.6891 -0.015200000000000085
v 0.3873 0.6542 -0.014700000000000086
v 0.3871 0.6543 0.010099999999999913
v 0.3823 0.6907 0.022899999999999917
v 0.3868 0.6543 0.03499999999999992
v 0.4044 0.7423 0.03469999999999991
v 0.4311 0.7373 0.022799999999999904
v 0.4356 0.7595 0.0077999999999999025
v 0.4422 0.7537 -0.015300000000000098
v -0.3785 0.7206 -0.05339999999999992
v 0.3785 0.7206 -0.053400000000000086
v -0.3855 0.5653 0.021600000000000088
v -0.3892 0.5698 0.022900000000000087
v -0.3872 0.5695 0.011800000000000086
v -0.3931 0.583 0.009700000000000087
v -0.3742 0.5877 0.012100000000000083
v -0.3938 0.5857 0.009700000000000087
v -0.3749 0.5903 0.012100000000000083
v -0.4003 0.611 0.009700000000000089
v -0.3814 0.6156 0.012100000000000085
v -0.4016 0.6161 0.009700000000000089
v -0.3827 0.6207 0.012100000000000085
v -0.4168 0.6463 0.003900000000000092
v 0.3855 0.5653 0.021599999999999914
v 0.3892 0.5698 0.022899999999999913
v 0.3872 0.5695 0.011799999999999913
v 0.3931 0.583 0.009699999999999914
v 0.3742 0.5877 0.012099999999999916
v 0.3938 0.5857 0.009699999999999914
v 0.3749 0.5903 0.012099999999999916
v 0.4003 0.611 0.009699999999999912
v 0.3814 0.6156 0.012099999999999915
v 0.4016 0.6161 0.009699999999999912
v 0.3827 0.6207 0.012099999999999915
v 0.4168 0.6463 0.0038999999999999074
v -0.3847 0.6198 -0.018299999999999914
v -0.3847 0.6201 -0.03439999999999992
v -0.3834 0.6147 -0.018299999999999914
v -0.3834 0.615 -0.03439999999999992
v -0.377 0.5894 -0.018299999999999917
v -0.377 0.5896 -0.034299999999999914
v -0.3763 0.5867 -0.018299999999999917
v -0.3763 0.587 -0.034299999999999914
v -0.3751 0.572 -0.03209999999999991
v -0.3905 0.5678 -0.03179999999999992
v -0.3869 0.5634 -0.03009999999999991
v -0.3759 0.5665 -0.030299999999999917
v 0.3759 0.5665 -0.030300000000000084
v 0.3869 0.5634 -0.030100000000000085
v 0.3905 0.5678 -0.031800000000000085
v 0.3751 0.572 -0.03210000000000008
v 0.3763 0.587 -0.03430000000000008
v 0.3763 0.5867 -0.018300000000000084
v 0.377 0.5896 -0.03430000000000008
v 0.377 0.5894 -0.018300000000000084
v 0.3834 0.615 -0.03440000000000008
v 0.3834 0.6147 -0.018300000000000087
v 0.3847 0.6201 -0.03440000000000008
v 0.3847 0.6198 -0.018300000000000087
v -0.4135 0.6493 0.02310000000000009
v -0.4043 0.6166 0.024400000000000092
v -0.403 0.6115 0.024400000000000092
v -0.3966 0.5862 0.02440000000000009
v -0.3959 0.5836 0.02440000000000009
v 0.3959 0.5836 0.024399999999999915
v 0.3966 0.5862 0.024399999999999915
v 0.403 0.6115 0.02439999999999991
v 0.4043 0.6166 0.02439999999999991
v 0.4135 0.6493 0.02309999999999991
v -0.4053 0.6124 0.0037000000000000904
v -0.4043 0.6117 -0.01169999999999991
v -0.4201 0.6434 -0.015199999999999906
v -0.3841 0.6179 -0.011399999999999915
v 0.3841 0.6179 -0.011400000000000085
v 0.4201 0.6434 -0.015200000000000094
v 0.4043 0.6117 -0.01170000000000009
v 0.4053 0.6124 0.00369999999999991
v -0.3841 0.5651 0.013600000000000084
v -0.3731 0.5729 0.013700000000000084
v 0.3731 0.5729 0.013699999999999917
v 0.3841 0.5651 0.013599999999999914
v -0.3757 0.5849 -0.011299999999999916
v -0.3745 0.5699 -0.009399999999999917
v -0.3896 0.5653 -0.009699999999999914
v -0.3861 0.5611 -0.008099999999999915
v -0.3866 0.5615 0.00020000000000008585
v -0.3753 0.5644 -0.007899999999999918
v 0.3745 0.5699 -0.009400000000000084
v 0.3757 0.5849 -0.011300000000000083
v 0.3896 0.5653 -0.009700000000000087
v 0.3861 0.5611 -0.008100000000000085
v 0.3866 0.5615 0.00019999999999991417
v 0.3753 0.5644 -0.007900000000000084
v -0.3745 0.5655 -0.052999999999999915
v -0.3727 0.5709 -0.043299999999999915
v -0.374 0.5709 -0.05499999999999992
v -0.3739 0.5857 -0.04169999999999992
v -0.3756 0.5856 -0.05749999999999992
v -0.3763 0.5882 -0.05749999999999992
v -0.3958 0.5843 -0.05459999999999991
v -0.4023 0.6096 -0.05459999999999991
v -0.3999 0.609 -0.03969999999999991
v -0.4012 0.6141 -0.03969999999999991
v -0.3823 0.6187 -0.04169999999999992
v 0.3823 0.6187 -0.041700000000000084
v 0.4012 0.6141 -0.03970000000000009
v 0.3999 0.609 -0.03970000000000009
v 0.4023 0.6096 -0.05460000000000009
v 0.3958 0.5843 -0.05460000000000009
v 0.3763 0.5882 -0.057500000000000086
v 0.3756 0.5856 -0.057500000000000086
v 0.3739 0.5857 -0.041700000000000084
v 0.374 0.5709 -0.055000000000000084
v 0.3727 0.5709 -0.04330000000000008
v 0.3745 0.5655 -0.05300000000000008
v -0.3866 0.6526 -0.06399999999999992
v 0.3866 0.6526 -0.06400000000000008
v -0.3746 0.5883 -0.04169999999999992
v -0.3827 0.6135 -0.05749999999999992
v -0.4036 0.6147 -0.05459999999999991
v 0.4036 0.6147 -0.05460000000000009
v 0.3827 0.6135 -0.057500000000000086
v 0.3746 0.5883 -0.041700000000000084
v -0.3653 0.6614 -0.08149999999999992
v -0.3581 0.6509 -0.07709999999999992
v -0.3401 0.6668 -0.07069999999999993
v 0.3653 0.6614 -0.08150000000000009
v 0.3581 0.6509 -0.07710000000000009
v 0.3401 0.6668 -0.07070000000000007
v 0.3446 0.6541 -0.07120000000000008
v -0.3504 0.7135 -0.06639999999999992
v 0.3504 0.7135 -0.06640000000000008
v -0.3935 0.5837 -0.03969999999999991
v -0.3951 0.5816 -0.05459999999999991
v -0.3928 0.581 -0.03969999999999991
v 0.3935 0.5837 -0.03970000000000009
v 0.3951 0.5816 -0.05460000000000009
v 0.3928 0.581 -0.03970000000000009
v -0.4055 0.6144 -0.03389999999999991
v -0.4049 0.6136 -0.01839999999999991
v -0.4042 0.6093 -0.03389999999999991
v -0.4036 0.6085 -0.01839999999999991
v -0.3978 0.584 -0.033799999999999907
v -0.3972 0.5831 -0.018399999999999913
v -0.3971 0.5813 -0.033799999999999907
v 0.3971 0.5813 -0.03380000000000009
v 0.3972 0.5831 -0.018400000000000086
v 0.3978 0.584 -0.03380000000000009
v 0.4036 0.6085 -0.01840000000000009
v 0.4042 0.6093 -0.03390000000000009
v 0.4049 0.6136 -0.01840000000000009
v 0.4055 0.6144 -0.03390000000000009
v -0.3828 0.6128 -0.011399999999999915
v -0.3831 0.6131 0.004700000000000085
v -0.3766 0.5877 0.004800000000000083
v -0.3975 0.582 0.0037000000000000886
v -0.3969 0.5794 0.003700000000000088
v -0.3959 0.5786 -0.01159999999999991
v -0.3902 0.5658 0.0018000000000000867
v 0.3902 0.5658 0.0017999999999999132
v 0.3959 0.5786 -0.011600000000000088
v 0.3969 0.5794 0.003699999999999912
v 0.3975 0.582 0.0036999999999999117
v 0.3766 0.5877 0.004799999999999916
v 0.3831 0.6131 0.004699999999999915
v 0.3828 0.6128 -0.011400000000000085
v -0.3763 0.5875 -0.011299999999999916
v -0.376 0.5851 0.004800000000000083
v -0.3748 0.5701 0.0025000000000000833
v -0.3755 0.5646 0.0006000000000000833
v 0.3763 0.5875 -0.011300000000000083
v 0.376 0.5851 0.004799999999999916
v 0.3748 0.5701 0.002499999999999917
v 0.3755 0.5646 0.0005999999999999166
v -0.3847 0.6206 0.027900000000000088
v -0.3834 0.6155 0.027900000000000088
v -0.377 0.5902 0.027900000000000084
v -0.3763 0.5875 0.027900000000000084
v 0.3763 0.5875 0.027899999999999918
v 0.377 0.5902 0.027899999999999918
v 0.3834 0.6155 0.027899999999999914
v 0.3847 0.6206 0.027899999999999914
v -0.03230000000000004 2.5507 -0.1601
v -0.055400000000000026 2.5363 -0.1311
v -0.04890000000000002 2.555 -0.10039999999999999
v -0.03200000000000003 2.5666 -0.11119999999999998
v -0.036400000000000016 2.5793 -0.07309999999999998
v -0.015500000000000026 2.5722 -0.1159
v -0.01810000000000002 2.586 -0.0754
v -1.696420781627239e-17 2.5876 -0.0764
v -0.020100000000000007 2.5855 -0.03889999999999999
v -8.659739592076221e-18 2.5872 -0.039
v -1.0880185641326534e-18 2.574 -0.0049
v 0.020099999999999993 2.5855 -0.038900000000000004
v 0.018099999999999984 2.586 -0.0754
v 0.015499999999999974 2.5722 -0.1159
v 0.03639999999999999 2.5793 -0.07310000000000001
v 0.03199999999999997 2.5666 -0.11120000000000001
v 0.04889999999999998 2.555 -0.10040000000000002
v 0.03229999999999997 2.5507 -0.1601
v 0.05539999999999997 2.5363 -0.1311
v -4.274358644806853e-17 2.4828 -0.1925
v 0.009699999999999959 2.4915 -0.1893
v 0.01459999999999996 2.4712 -0.1832
v 0.024599999999999962 2.4707 -0.1779
v 0.01849999999999996 2.4671 -0.1793
v 0.019399999999999962 2.4602 -0.1779
v 0.01389999999999996 2.459 -0.1822
v -4.3365311341858615e-17 2.4603 -0.1953
v 0.012399999999999958 2.3929 -0.1847
v 0.016799999999999957 2.3929 -0.183
v 0.01719999999999996 2.3903 -0.1816
v 0.01979999999999996 2.392 -0.1812
v 0.021199999999999962 2.3908 -0.1794
v 0.021299999999999958 2.3943 -0.1809
v 0.024399999999999963 2.395 -0.1789
v 0.02119999999999996 2.4012 -0.1832
v 0.030199999999999963 2.3951 -0.1757
v 0.02689999999999996 2.4061 -0.1819
v 0.03229999999999996 2.4084 -0.1764
v 0.02209999999999996 2.4139 -0.1817
v 0.027499999999999962 2.4186 -0.1781
v 0.021099999999999963 2.4259 -0.1784
v 0.02479999999999996 2.4328 -0.1756
v 0.017199999999999962 2.4401 -0.177
v 0.017699999999999962 2.4459 -0.1768
v 0.010499999999999959 2.4519 -0.1842
v -4.2588155224621005e-17 2.4952 -0.1918
v -0.009700000000000042 2.4915 -0.1893
v -0.012000000000000042 2.5025 -0.1861
v -0.03290000000000004 2.5076 -0.1772
v -0.03300000000000004 2.5142 -0.1746
v -0.054800000000000036 2.5074 -0.1557
v -0.05590000000000003 2.5135 -0.1519
v -0.06750000000000003 2.4985 -0.12309999999999999
v -0.06820000000000002 2.5148 -0.10399999999999998
v 0.06819999999999997 2.5148 -0.10400000000000001
v 0.06749999999999998 2.4985 -0.12310000000000001
v 0.055899999999999964 2.5135 -0.1519
v 0.05479999999999997 2.5074 -0.1557
v 0.03299999999999996 2.5142 -0.1746
v 0.03289999999999996 2.5076 -0.1772
v 0.011999999999999959 2.5025 -0.1861
v -0.03290000000000004 2.5007 -0.1799
v -0.053800000000000035 2.5012 -0.1596
v -0.05270000000000003 2.4946 -0.1634
v -0.06860000000000002 2.4828 -0.13369999999999999
v -0.06710000000000003 2.4755 -0.14059999999999997
v -0.07040000000000003 2.4713 -0.12349999999999998
v -0.07030000000000003 2.4697 -0.12889999999999996
v -0.07030000000000003 2.4596 -0.12889999999999996
v -0.06820000000000002 2.4656 -0.13969999999999996
v -0.06750000000000003 2.4564 -0.14099999999999996
v -0.061800000000000035 2.4592 -0.1507
v -0.06420000000000002 2.4431 -0.14439999999999997
v -0.05800000000000004 2.4511 -0.1554
v -0.05370000000000003 2.4341 -0.1604
v -0.04980000000000003 2.4452 -0.1638
v -0.03770000000000003 2.431 -0.1648
v -0.03870000000000003 2.4431 -0.1693
v -0.02850000000000004 2.4458 -0.1746
v -0.028900000000000037 2.4529 -0.1748
v -0.02230000000000004 2.454 -0.1764
v -0.01940000000000004 2.4602 -0.1779
v -0.020200000000000037 2.4507 -0.1773
v -0.013900000000000039 2.459 -0.1822
v -0.01770000000000004 2.4459 -0.1768
v -0.010500000000000042 2.4519 -0.1842
v -0.017200000000000038 2.4401 -0.177
v -0.010100000000000041 2.4466 -0.1863
v 0.010099999999999958 2.4466 -0.1863
v -4.167777234442838e-17 2.362 -0.1877
v -4.121147867408581e-17 2.3525 -0.1856
v -0.01400000000000004 2.3536 -0.178
v -0.01260000000000004 2.3631 -0.1804
v -0.025300000000000038 2.3545 -0.172
v -0.021900000000000037 2.3643 -0.174
v -0.03450000000000004 2.3588 -0.1614
v -0.030100000000000033 2.3692 -0.1636
v -0.04350000000000003 2.3666 -0.152
v -0.03910000000000004 2.3798 -0.1541
v -0.05130000000000003 2.3839 -0.1485
v -0.04130000000000004 2.3976 -0.16
v -0.049700000000000036 2.4003 -0.1549
v -0.04040000000000003 2.4111 -0.1649
v -0.047200000000000034 2.4151 -0.1601
v -0.03580000000000001 2.3611 -0.06389999999999998
v -0.04620000000000001 2.3759 -0.047499999999999994
v -0.04570000000000001 2.3813 -0.055499999999999994
v -0.035600000000000014 2.3629 -0.07409999999999999
v -0.03660000000000002 2.3635 -0.08589999999999999
v -0.02640000000000002 2.3491 -0.0898
v -0.027500000000000024 2.3478 -0.1031
v -0.018600000000000023 2.338 -0.1162
v -0.02850000000000003 2.3485 -0.1195
v -0.019200000000000026 2.3394 -0.1321
v -0.024900000000000037 2.3436 -0.1652
v -0.00930000000000003 2.3352 -0.1396
v -0.014100000000000038 2.343 -0.1707
v -3.943512183468556e-17 2.3433 -0.1776
v -0.05760000000000003 2.4197 -0.1518
v -0.059400000000000036 2.4064 -0.1434
v -0.059500000000000025 2.3923 -0.1352
v -0.058800000000000026 2.3816 -0.1292
v -0.050400000000000035 2.3716 -0.1459
v -0.04900000000000003 2.3585 -0.1403
v -0.042400000000000035 2.3531 -0.1477
v -0.035900000000000036 2.3478 -0.155
v 0.014099999999999962 2.343 -0.1707
v 0.009299999999999968 2.3352 -0.1396
v 0.02489999999999996 2.3436 -0.1652
v 0.01919999999999997 2.3394 -0.1321
v 0.028499999999999973 2.3485 -0.1195
v 0.018599999999999974 2.338 -0.1162
v 0.027499999999999976 2.3478 -0.1031
v 0.02639999999999998 2.3491 -0.0898
v 0.03659999999999998 2.3635 -0.08590000000000002
v 0.035599999999999986 2.3629 -0.07410000000000001
v 0.045699999999999984 2.3813 -0.05550000000000001
v 0.035799999999999985 2.3611 -0.06390000000000001
v 0.046199999999999984 2.3759 -0.04750000000000001
v -0.01000000000000004 2.3696 -0.1818
v -4.165556788393587e-17 2.3693 -0.1876
v -0.007900000000000042 2.3744 -0.1838
v -4.138911435802584e-17 2.374 -0.1864
v -0.007300000000000041 2.3792 -0.1831
v -4.1033842990145784e-17 2.3788 -0.1848
v -4.092282068768327e-17 2.3831 -0.1843
v -4.221067939624845e-17 2.4023 -0.1901
v -4.189981694935341e-17 2.3986 -0.1887
v -0.006200000000000041 2.3995 -0.1887
v -0.006400000000000043 2.4035 -0.19
v -0.012900000000000042 2.4001 -0.187
v -0.014500000000000042 2.4059 -0.1882
v -0.01840000000000004 2.3978 -0.1836
v -0.02120000000000004 2.4012 -0.1832
v -0.02130000000000004 2.3943 -0.1809
v -0.02440000000000004 2.395 -0.1789
v -0.021200000000000038 2.3908 -0.1794
v -0.02400000000000004 2.3895 -0.1762
v -0.018200000000000043 2.3875 -0.1798
v -0.02000000000000004 2.3842 -0.177
v -0.01350000000000004 2.3848 -0.1812
v -0.01450000000000004 2.3805 -0.1798
v -0.00680000000000004 2.3836 -0.1832
v 0.007299999999999959 2.3792 -0.1831
v 0.00789999999999996 2.3744 -0.1838
v 0.00999999999999996 2.3696 -0.1818
v 0.01259999999999996 2.3631 -0.1804
v 0.02189999999999996 2.3643 -0.174
v 0.02529999999999996 2.3545 -0.172
v 0.03449999999999997 2.3588 -0.1614
v 0.03589999999999997 2.3478 -0.155
v 0.042399999999999965 2.3531 -0.1477
v 0.03709999999999998 2.3627 -0.10390000000000002
v 0.04629999999999998 2.3813 -0.08680000000000002
v 0.04689999999999998 2.385 -0.06560000000000002
v 0.056799999999999996 2.4121 -0.04160000000000001
v 0.05349999999999999 2.4006 -0.03360000000000001
v 0.053599999999999995 2.3911 -0.02810000000000001
v 0.054 2.4141 -0.008800000000000013
v 0.0541 2.4031 -0.006500000000000012
v 0.0478 2.4104 0.01219999999999999
v 0.0213 2.5725 -0.005600000000000004
v 0.0412 2.5671 -0.007800000000000009
v 0.021600000000000005 2.5515 0.022899999999999997
v 0.041800000000000004 2.5468 0.01849999999999999
v 0.03930000000000001 2.5167 0.039999999999999994
v 0.058 2.5394 0.010899999999999988
v 0.055900000000000005 2.5107 0.029299999999999986
v 0.0678 2.5046 0.011099999999999985
v 0.062000000000000006 2.4741 0.018299999999999986
v 0.0744 2.5 -0.015700000000000016
v 0.0691 2.4689 -0.009700000000000016
v 0.07129999999999999 2.4634 -0.038300000000000015
v 0.0627 2.445 -0.008600000000000014
v 0.06469999999999998 2.4374 -0.036900000000000016
v 0.062499999999999986 2.4272 -0.06000000000000001
v 0.055399999999999984 2.4033 -0.07000000000000002
v 0.05729999999999997 2.3816 -0.11010000000000002
v 0.048999999999999974 2.3585 -0.1403
v 0.04349999999999996 2.3666 -0.152
v 0.030099999999999964 2.3692 -0.1636
v 0.019299999999999963 2.3707 -0.1767
v 0.015899999999999963 2.3751 -0.178
v 0.01449999999999996 2.3805 -0.1798
v 0.006799999999999959 2.3836 -0.1832
v -4.107825191113079e-17 2.3871 -0.185
v -4.165556788393587e-17 2.395 -0.1876
v -0.006100000000000042 2.3959 -0.1876
v -0.012400000000000041 2.3966 -0.1861
v -0.017100000000000042 2.3953 -0.1836
v -0.019800000000000043 2.3937 -0.1819
v -0.019800000000000043 2.392 -0.1812
v -0.01720000000000004 2.3903 -0.1816
v -0.01280000000000004 2.3887 -0.1828
v -0.006400000000000041 2.3877 -0.1842
v 0.05879999999999997 2.3816 -0.1292
v 0.05029999999999996 2.3716 -0.1459
v 0.051299999999999964 2.3839 -0.1485
v 0.03909999999999997 2.3798 -0.1541
v 0.027499999999999962 2.3756 -0.1683
v 0.022899999999999962 2.3793 -0.1726
v 0.019999999999999962 2.3842 -0.177
v 0.01349999999999996 2.3848 -0.1812
v -0.01920000000000004 2.3929 -0.182
v -0.01680000000000004 2.3929 -0.183
v -0.012400000000000041 2.3929 -0.1847
v -0.006200000000000041 2.3919 -0.1859
v -4.134470543704083e-17 2.3911 -0.1862
v 0.01979999999999996 2.3937 -0.1819
v 0.019199999999999957 2.3929 -0.182
v 0.01709999999999996 2.3953 -0.1836
v 0.012399999999999958 2.3966 -0.1861
v 0.006099999999999959 2.3959 -0.1876
v 0.006199999999999958 2.3919 -0.1859
v -4.39648317751562e-17 2.4383 -0.198
v -0.011000000000000043 2.4122 -0.1924
v -4.354294702579864e-17 2.4134 -0.1961
v -0.018800000000000042 2.4223 -0.1824
v 0.01879999999999996 2.4223 -0.1824
v 0.010999999999999956 2.4122 -0.1924
v -0.03430000000000004 2.4845 -0.1755
v -0.02020000000000004 2.4796 -0.1816
v -0.03600000000000004 2.4736 -0.1738
v -0.02460000000000004 2.4707 -0.1779
v -0.03710000000000004 2.4633 -0.1724
v -0.02680000000000004 2.4618 -0.1758
v 0.03709999999999996 2.4633 -0.1724
v 0.026799999999999963 2.4618 -0.1758
v 0.035999999999999956 2.4736 -0.1738
v 0.034299999999999956 2.4845 -0.1755
v 0.03289999999999996 2.5007 -0.1799
v 0.053799999999999966 2.5012 -0.1596
v 0.06799999999999998 2.4909 -0.12840000000000001
v 0.07089999999999998 2.4777 -0.10550000000000001
v 0.07349999999999998 2.4853 -0.08460000000000001
v 0.07059999999999998 2.5154 -0.07530000000000002
v 0.07359999999999998 2.487 -0.06240000000000001
v 0.07459999999999999 2.5284 -0.05320000000000001
v 0.07489999999999998 2.4947 -0.042400000000000014
v 0.0738 2.5306 -0.02610000000000002
v -0.038500000000000034 2.4527 -0.1714
v -0.048200000000000034 2.4543 -0.1666
v -0.047500000000000035 2.4638 -0.167
v 0.02019999999999996 2.4507 -0.1773
v 0.02659999999999996 2.4384 -0.1759
v 0.028499999999999963 2.4458 -0.1746
v 0.03769999999999996 2.431 -0.1648
v 0.038699999999999964 2.4431 -0.1693
v 0.04979999999999996 2.4452 -0.1638
v 0.038499999999999965 2.4527 -0.1714
v 0.048199999999999965 2.4543 -0.1666
v 0.047499999999999966 2.4638 -0.167
v -1.7719159473017497e-17 2.337 -0.0798
v -2.3292479056635783e-17 2.1874 -0.1049
v -0.010400000000000017 2.3391 -0.0777
v -0.013900000000000022 2.1899 -0.1018
v -0.020700000000000017 2.3438 -0.0723
v -0.027900000000000022 2.1954 -0.0937
v -0.031100000000000013 2.3495 -0.0643
v -0.04180000000000002 2.202 -0.08179999999999998
v -0.04230000000000001 2.3573 -0.05349999999999999
v -0.05690000000000001 2.2111 -0.06579999999999998
v -0.05410000000000001 2.3675 -0.039699999999999985
v -0.07280000000000002 2.223 -0.045299999999999986
v -0.05680000000000001 2.3756 -0.023099999999999985
v -0.0765 2.2324 -0.020599999999999983
v -0.0574 2.3864 -0.0036999999999999876
v -0.0772 2.2449 0.008200000000000018
v -0.0503 2.3962 0.01290000000000001
v -0.04909999999999999 2.2563 0.03290000000000001
v -0.043399999999999994 2.3989 0.02130000000000001
v -0.04229999999999999 2.2595 0.04530000000000001
v -0.027499999999999993 2.3969 0.023500000000000007
v -0.036999999999999984 2.2572 0.048600000000000004
v -0.013299999999999994 2.3944 0.021500000000000002
v -0.01789999999999999 2.2543 0.04560000000000001
v 4.3076653355456075e-18 2.393 0.0194
v 9.459100169806333e-18 2.2527 0.0426
v 0.010399999999999982 2.3391 -0.0777
v 0.013899999999999977 2.1899 -0.1018
v 0.020699999999999982 2.3438 -0.0723
v 0.02789999999999998 2.1954 -0.0937
v 0.031099999999999985 2.3495 -0.0643
v 0.041799999999999976 2.202 -0.08180000000000001
v 0.04229999999999998 2.3573 -0.053500000000000006
v 0.056899999999999985 2.2111 -0.06580000000000001
v 0.054099999999999995 2.3675 -0.03970000000000001
v 0.07279999999999999 2.223 -0.045300000000000014
v 0.056799999999999996 2.3756 -0.023100000000000013
v 0.0765 2.2324 -0.020600000000000018
v 0.0574 2.3864 -0.0037000000000000127
v 0.0772 2.2449 0.008199999999999983
v 0.0503 2.3962 0.01289999999999999
v 0.049100000000000005 2.2563 0.032899999999999985
v 0.04340000000000001 2.3989 0.02129999999999999
v 0.042300000000000004 2.2595 0.04529999999999999
v 0.027500000000000007 2.3969 0.023499999999999993
v 0.03700000000000001 2.2572 0.04859999999999999
v 0.013300000000000005 2.3944 0.021499999999999995
v 0.01790000000000001 2.2543 0.045599999999999995
v 0.022299999999999962 2.454 -0.1764
v 0.02889999999999996 2.4529 -0.1748
v -0.01460000000000004 2.4712 -0.1832
v -0.018500000000000037 2.4671 -0.1793
v -0.06250000000000003 2.4664 -0.1493
v -0.05530000000000004 2.4574 -0.1607
v 0.023999999999999962 2.3895 -0.1762
v 0.029199999999999962 2.3883 -0.1695
v 0.03499999999999997 2.3958 -0.1707
v 0.04129999999999997 2.3976 -0.16
v 0.040399999999999964 2.4111 -0.1649
v 0.049699999999999966 2.4003 -0.1549
v 0.047199999999999964 2.4151 -0.1601
v 0.05939999999999997 2.4064 -0.1434
v 0.057599999999999964 2.4197 -0.1518
v 0.06779999999999997 2.4177 -0.12600000000000003
v 0.06689999999999997 2.4303 -0.13560000000000003
v 0.06959999999999997 2.4362 -0.12160000000000001
v 0.06939999999999998 2.4456 -0.13120000000000004
v 0.07069999999999997 2.455 -0.12020000000000002
v 0.07029999999999997 2.4596 -0.12890000000000001
v 0.07039999999999998 2.4713 -0.12350000000000001
v 0.07029999999999997 2.4697 -0.12890000000000001
v 0.06699999999999998 2.4755 -0.14060000000000003
v 0.06819999999999997 2.4656 -0.13970000000000002
v 0.062499999999999965 2.4664 -0.1493
v 0.061799999999999966 2.4592 -0.1507
v 0.05529999999999997 2.4574 -0.1607
v -0.2202 2.08 -0.01659999999999995
v -0.22710000000000002 2.0994 -0.06699999999999995
v -0.2599 2.1483 -0.08469999999999994
v -0.2923 2.1945 -0.06659999999999994
v -0.3079 2.2057 -0.01659999999999993
v 0.2202 2.08 -0.01660000000000005
v 0.22709999999999997 2.0994 -0.06700000000000006
v 0.2599 2.1483 -0.08470000000000005
v 0.2923 2.1945 -0.06660000000000008
v 0.3079 2.2057 -0.01660000000000007
v -0.3165 1.575 0.02470000000000007
v -0.305 1.5641 -0.01619999999999993
v -0.2897 1.8136 0.027300000000000067
v -0.2786 1.8008 -0.016299999999999936
v -0.248 2.0625 0.025100000000000056
v -0.2415 2.0478 -0.01649999999999995
v -0.227 2.0995 0.03390000000000005
v 0.3165 1.575 0.02469999999999993
v 0.305 1.5641 -0.01620000000000007
v 0.2897 1.8136 0.027299999999999935
v 0.2786 1.8008 -0.01630000000000006
v 0.248 2.0625 0.025099999999999945
v 0.2415 2.0478 -0.016500000000000053
v 0.227 2.0995 0.03389999999999995
v -0.31150000000000005 0.0375 -0.25189999999999996
v -0.27380000000000004 0.0097 -0.2607999999999999
v -0.27190000000000003 0.0384 -0.25359999999999994
v -0.23310000000000006 0.0375 -0.25189999999999996
v -0.19270000000000007 0.0336 -0.23439999999999994
v -0.19930000000000006 0.0618 -0.20329999999999995
v -0.18320000000000003 0.0334 -0.14649999999999996
v -0.19720000000000001 0.0673 -0.13369999999999996
v -0.1805 0.0336 -0.05689999999999996
v -0.1961 0.07 -0.05089999999999996
v -0.1797 0.0339 0.029000000000000043
v -0.1949 0.0703 0.02830000000000004
v -0.18709999999999996 0.0363 0.10000000000000005
v -0.19519999999999998 0.0703 0.08810000000000004
v 0.19520000000000004 0.0703 0.08809999999999996
v 0.18710000000000002 0.0363 0.09999999999999996
v 0.1949 0.0703 0.028299999999999957
v 0.1797 0.0339 0.02899999999999996
v 0.1961 0.07 -0.05090000000000004
v 0.1805 0.0336 -0.05690000000000004
v 0.19719999999999996 0.0673 -0.13370000000000007
v 0.18319999999999997 0.0334 -0.14650000000000002
v 0.19929999999999995 0.0618 -0.20330000000000006
v 0.19269999999999995 0.0336 -0.23440000000000005
v 0.23309999999999995 0.0375 -0.25190000000000007
v 0.2718999999999999 0.0384 -0.25360000000000005
v 0.27379999999999993 0.0097 -0.26080000000000003
v 0.31149999999999994 0.0375 -0.25190000000000007
v -0.23139999999999997 0.0487 0.10980000000000005
v 0.23140000000000002 0.0487 0.10979999999999994
v -0.3681 0.0089 0.037900000000000086
v -0.3633 0.0136 0.10710000000000008
v -0.3608 0.0363 0.10000000000000009
v -0.3191 0.0131 0.11480000000000007
v 0.3633 0.0136 0.10709999999999992
v 0.3681 0.0089 0.03789999999999992
v 0.3608 0.0363 0.09999999999999992
v 0.3191 0.0131 0.11479999999999993
v -0.3089 -0.001 -0.06369999999999994
v -0.3089 -0.001 0.02740000000000007
v 0.3089 -0.001 0.02739999999999993
v 0.3089 -0.001 -0.06370000000000008
v -0.36650000000000005 0.0334 -0.1464999999999999
v -0.35570000000000007 0.0336 -0.23439999999999991
v -0.30790000000000006 0.0731 -0.20679999999999996
v -0.26270000000000004 0.0756 -0.20719999999999994
v -0.22140000000000007 0.0731 -0.20679999999999996
v 0.22139999999999996 0.0731 -0.20680000000000007
v 0.26269999999999993 0.0756 -0.20720000000000005
v 0.30789999999999995 0.0731 -0.20680000000000007
v 0.35569999999999996 0.0336 -0.23440000000000008
v 0.36649999999999994 0.0334 -0.14650000000000007
v -0.22720000000000004 0.7979 -0.15499999999999994
v -0.23180000000000003 0.7392 -0.14029999999999995
v -0.2766 0.4579 -0.10309999999999994
v 0.2766 0.4579 -0.10310000000000005
v 0.23179999999999998 0.7392 -0.14030000000000006
v 0.22719999999999999 0.7979 -0.15500000000000005
v -0.06639999999999999 1.0969 0.05540000000000001
v -0.11079999999999998 0.8518 0.06570000000000002
v -0.12099999999999998 0.7991 0.04880000000000003
v -0.1325 0.7402 0.056400000000000027
v -0.16479999999999997 0.5609 0.08170000000000004
v 0.16480000000000003 0.5609 0.08169999999999995
v 0.1325 0.7402 0.05639999999999997
v 0.12100000000000001 0.7991 0.048799999999999975
v 0.11080000000000001 0.8518 0.06569999999999997
v 0.06640000000000001 1.0969 0.055399999999999984
v -0.18219999999999997 0.7403 0.10810000000000004
v 0.18220000000000003 0.7403 0.10809999999999996
v -0.22069999999999998 0.561 0.12170000000000006
v 0.22070000000000004 0.561 0.12169999999999995
v 0.13439999999999996 1.4788 -0.11510000000000002
v -0.16600000000000004 0.8571 -0.17739999999999997
v -0.17410000000000003 0.7979 -0.17499999999999996
v -0.18210000000000004 0.7391 -0.15869999999999998
v -0.22070000000000004 0.4578 -0.12279999999999995
v 0.22069999999999998 0.4578 -0.12280000000000006
v 0.18209999999999998 0.7391 -0.15870000000000004
v 0.17409999999999998 0.7979 -0.17500000000000002
v 0.16599999999999998 0.8571 -0.17740000000000003
v -0.3556 0.127 0.004900000000000079
v -0.317 0.1276 0.08280000000000007
v -0.2577 0.1277 0.10280000000000006
v -0.19839999999999997 0.1276 0.08280000000000004
v -0.1598 0.127 0.004900000000000035
v -0.19840000000000002 0.1265 -0.07309999999999996
v -0.2577 0.1263 -0.09309999999999995
v -0.317 0.1265 -0.07309999999999993
v 0.317 0.1265 -0.07310000000000007
v 0.2577 0.1263 -0.09310000000000006
v 0.19839999999999997 0.1265 -0.07310000000000004
v 0.1598 0.127 0.004899999999999964
v 0.19840000000000002 0.1276 0.08279999999999996
v 0.2577 0.1277 0.10279999999999995
v 0.317 0.1276 0.08279999999999993
v 0.3556 0.127 0.004899999999999921
v -0.4041 1.0244 0.03880000000000009
v -0.3545 1.0183 0.025500000000000078
v -0.4026 0.8402 0.03300000000000009
v -0.3598 0.8344 0.02070000000000008
v 0.4041 1.0244 0.03879999999999991
v 0.3545 1.0183 0.02549999999999992
v 0.4026 0.8402 0.03299999999999991
v 0.3598 0.8344 0.02069999999999992
v -0.4456 0.8454 -0.0520999999999999
v -0.4027 0.8401 -0.06319999999999992
v -0.4536 1.0304 -0.056899999999999895
v -0.4041 1.0243 -0.06979999999999992
v -0.4237 1.3401 -0.0539999999999999
v -0.378 1.334 -0.06609999999999992
v -0.4145 1.485 -0.05519999999999991
v 0.4145 1.485 -0.05520000000000009
v 0.378 1.334 -0.06610000000000009
v 0.4237 1.3401 -0.0540000000000001
v 0.4041 1.0243 -0.06980000000000008
v 0.4536 1.0304 -0.0569000000000001
v 0.4027 0.8401 -0.06320000000000009
v 0.4456 0.8454 -0.0521000000000001
v -0.2135 2.1797 0.06040000000000005
v -0.2317 2.233 0.04290000000000005
v 0.2317 2.233 0.04289999999999995
v 0.2135 2.1797 0.060399999999999954
v 2.4935609133081015e-17 2.2282 0.1123
v 2.3159252293680766e-17 2.1801 0.1043
v 2.3159252293680766e-17 2.1075 0.1043
v -0.04149999999999998 1.9584 0.10680000000000002
v -0.04019999999999998 1.8065 0.10680000000000002
v -0.04189999999999997 1.7055 0.12380000000000001
v -0.03649999999999996 1.5201 0.1485
v 0.03650000000000003 1.5201 0.1485
v 0.04190000000000003 1.7055 0.12379999999999998
v 0.04020000000000002 1.8065 0.10679999999999999
v 0.04150000000000002 1.9584 0.10679999999999999
v -0.4298 1.4829 -0.015999999999999903
v 0.4298 1.4829 -0.016000000000000097
v -0.4104 1.6065 0.02480000000000009
v -0.3874 1.8558 0.027600000000000086
v -0.3381 2.1354 -0.016499999999999924
v -0.3227 2.1301 0.02490000000000007
v -0.2927 2.1946 0.033500000000000064
v 0.2927 2.1946 0.03349999999999994
v 0.3227 2.1301 0.024899999999999926
v 0.3381 2.1354 -0.016500000000000077
v 0.3874 1.8558 0.027599999999999913
v 0.4104 1.6065 0.02479999999999991
v -0.3166 1.5749 -0.05699999999999993
v -0.2898 1.8135 -0.059999999999999935
v -0.2481 2.0624 -0.05809999999999994
v 0.2481 2.0624 -0.058100000000000054
v 0.2898 1.8135 -0.06000000000000006
v 0.3166 1.5749 -0.05700000000000007
v -0.3387 1.8346 -0.07409999999999993
v -0.3228 2.1301 -0.05789999999999993
v 0.3387 1.8346 -0.07410000000000007
v 0.3228 2.1301 -0.05790000000000007
v -0.11630000000000003 1.9579 -0.12329999999999998
v -0.10670000000000003 1.8198 -0.12299999999999997
v -0.10560000000000003 1.7328 -0.12279999999999998
v -0.12540000000000004 1.5337 -0.13659999999999997
v 0.12539999999999998 1.5337 -0.13660000000000003
v 0.10559999999999997 1.7328 -0.12280000000000003
v 0.10659999999999997 1.8198 -0.12300000000000003
v 0.11629999999999997 1.9579 -0.12330000000000003
v 2.3137047833188263e-17 1.9586 0.1042
v 2.2581936320875684e-17 1.7926 0.1017
v 2.5801583092288637e-17 1.6777 0.1162
v 3.135269821541442e-17 1.5062 0.1412
v -0.4377 0.7314 -0.015499999999999903
v -0.4355 0.7595 -0.0383999999999999
v 0.4377 0.7314 -0.015500000000000097
v 0.4355 0.7595 -0.038400000000000094
v -0.3792 0.7477 0.022600000000000082
v -0.4089 0.7646 0.01500000000000009
v 0.3792 0.7477 0.022599999999999915
v 0.4089 0.7646 0.01499999999999991
v -0.3966 0.5813 -0.01159999999999991
v -0.403 0.6066 -0.01169999999999991
v -0.404 0.6073 0.00370000000000009
v -0.3844 0.6181 0.004700000000000085
v 0.3844 0.6181 0.004699999999999915
v 0.404 0.6073 0.0036999999999999104
v 0.403 0.6066 -0.01170000000000009
v 0.3966 0.5813 -0.011600000000000088
v -0.384 0.6186 -0.057599999999999915
v -0.3811 0.6136 -0.04169999999999992
v 0.384 0.6186 -0.05760000000000008
v 0.3811 0.6136 -0.041700000000000084
v -0.3885 0.5679 -0.05289999999999992
v -0.3848 0.5633 -0.05159999999999992
v 0.3885 0.5679 -0.052900000000000086
v 0.3848 0.5633 -0.05160000000000008
v -0.009799999999999994 2.4103 0.027000000000000003
v 5.8175686490358205e-18 2.4094 0.0262
v -0.009899999999999994 2.4251 0.0337
v -0.022199999999999994 2.412 0.027300000000000005
v -0.022399999999999993 2.4255 0.032400000000000005
v -0.02469999999999999 2.4404 0.04050000000000001
v -0.038799999999999994 2.439 0.031900000000000005
v -0.04359999999999999 2.4554 0.037000000000000005
v -0.0505 2.435 0.01550000000000001
v -0.05569999999999999 2.4513 0.018400000000000014
v -0.0627 2.445 -0.008599999999999986
v -0.06199999999999999 2.4741 0.018300000000000014
v -0.0691 2.4689 -0.009699999999999985
v -0.0744 2.5 -0.01569999999999998
v -0.07130000000000002 2.4634 -0.03829999999999999
v -0.07490000000000001 2.4947 -0.042399999999999986
v -0.07360000000000001 2.487 -0.06239999999999998
v -0.07460000000000001 2.5284 -0.05319999999999998
v -0.07060000000000001 2.5154 -0.07529999999999999
v -0.06640000000000001 2.5505 -0.06209999999999999
v -0.06220000000000002 2.5378 -0.08769999999999999
v 0.06639999999999999 2.5505 -0.062100000000000016
v 0.06219999999999998 2.5378 -0.08770000000000001
v -0.049699999999999994 2.4788 0.037800000000000014
v -0.033899999999999986 2.4822 0.049300000000000004
v -0.05589999999999999 2.5107 0.029300000000000014
v -0.03939999999999999 2.5167 0.04000000000000001
v -0.058 2.5394 0.010900000000000012
v -0.04179999999999999 2.5468 0.01850000000000001
v -0.0412 2.5671 -0.00779999999999999
v -0.021599999999999998 2.5515 0.022900000000000004
v -0.0213 2.5725 -0.005599999999999996
v -3.8347103270552905e-17 2.555 -0.1727
v -0.016200000000000037 2.5533 -0.1684
v -2.631228568361621e-17 2.5734 -0.1185
v 0.01619999999999996 2.5533 -0.1684
v -0.017600000000000022 2.3401 -0.1015
v -0.01710000000000002 2.3421 -0.0873
v -0.008300000000000024 2.3352 -0.1085
v -0.007900000000000022 2.337 -0.0936
v -2.1382895454280514e-17 2.3347 -0.0963
v 0.00789999999999998 2.337 -0.0936
v 0.008299999999999976 2.3352 -0.1085
v 0.01709999999999998 2.3421 -0.0873
v 0.01759999999999998 2.3401 -0.1015
v -2.466915560717098e-17 2.3334 -0.1111
v -2.811084698350896e-17 2.3321 -0.1266
v -0.008900000000000028 2.3332 -0.1238
v 0.008899999999999972 2.3332 -0.1238
v -0.02620000000000002 2.3499 -0.0773
v 0.026199999999999984 2.3499 -0.0773
v -0.02869999999999999 2.4577 0.04750000000000001
v -0.013699999999999988 2.459 0.0521
v -0.011299999999999989 2.4411 0.0435
v 9.725553695716371e-18 2.4414 0.0438
v 7.416289804496045e-18 2.4248 0.0334
v 0.055700000000000006 2.4513 0.018399999999999986
v 0.0505 2.435 0.01549999999999999
v 0.04360000000000001 2.4554 0.03699999999999999
v 0.03880000000000001 2.439 0.03189999999999999
v 0.02470000000000001 2.4404 0.040499999999999994
v 0.03610000000000001 2.4252 0.026199999999999994
v 0.022400000000000007 2.4255 0.03239999999999999
v 0.022200000000000008 2.412 0.027299999999999998
v 0.009900000000000008 2.4251 0.0337
v 0.009800000000000005 2.4103 0.026999999999999996
v 0.01130000000000001 2.4411 0.0435
v 0.013700000000000013 2.459 0.0521
v 0.02870000000000001 2.4577 0.047499999999999994
v 0.03390000000000001 2.4822 0.04929999999999999
v 0.04970000000000001 2.4788 0.037799999999999986
v -0.01999999999999999 2.5212 0.045700000000000005
v -0.016699999999999986 2.4844 0.054900000000000004
v 1.241229341530925e-17 2.4861 0.0559
v 1.1746159600534157e-17 2.4599 0.0529
v 0.016700000000000013 2.4844 0.05489999999999999
v 0.02000000000000001 2.5212 0.04569999999999999
v 1.0391687510491466e-17 2.5223 0.0468
v 5.3734794391857575e-18 2.5523 0.0242
v -0.07090000000000003 2.4777 -0.10549999999999998
v -0.07350000000000001 2.4853 -0.08459999999999998
v -0.07100000000000002 2.4503 -0.09899999999999999
v -0.07230000000000002 2.4479 -0.08249999999999999
v -0.06630000000000001 2.4324 -0.08149999999999999
v -0.06820000000000001 2.4521 -0.060799999999999986
v -0.06250000000000001 2.4272 -0.059999999999999984
v -0.06470000000000001 2.4374 -0.03689999999999999
v -0.05680000000000001 2.4121 -0.041599999999999984
v -0.057 2.4269 -0.009699999999999988
v -0.054 2.4141 -0.008799999999999988
v -0.0477 2.422 0.01270000000000001
v -0.0478 2.4104 0.012200000000000011
v -0.03599999999999999 2.4127 0.023200000000000005
v 0.057 2.4269 -0.009700000000000012
v 0.0477 2.422 0.012699999999999989
v 0.036000000000000004 2.4127 0.02319999999999999
v -0.053500000000000006 2.4006 -0.033599999999999984
v -0.05360000000000001 2.3911 -0.02809999999999999
v -0.0541 2.4031 -0.0064999999999999876
v -3.204103649068202e-17 2.3347 -0.1443
v -4.354294702579864e-17 2.4545 -0.1961
v -4.367617378875366e-17 2.4492 -0.1967
v -4.0656367161773235e-17 2.5237 -0.1831
v -0.01650000000000004 2.5226 -0.1796
v -0.03310000000000004 2.5205 -0.1719
v 0.033099999999999956 2.5205 -0.1719
v 0.016499999999999963 2.5226 -0.1796
v -0.022100000000000043 2.4139 -0.1817
v -0.02110000000000004 2.4259 -0.1784
v 0.014499999999999959 2.4059 -0.1882
v 0.006399999999999958 2.4035 -0.19
v 0.018399999999999958 2.3978 -0.1836
v 0.012899999999999958 2.4001 -0.187
v 0.006099999999999959 2.3995 -0.1887
v -0.01430000000000004 2.5129 -0.1828
v -4.134470543704083e-17 2.5052 -0.1862
v 0.01429999999999996 2.5129 -0.1828
v -4.1011638529653283e-17 2.5147 -0.1847
v -0.04790000000000003 2.4729 -0.1664
v -0.04900000000000004 2.4819 -0.1648
v -0.05920000000000004 2.4736 -0.153
v 0.06859999999999997 2.4828 -0.13370000000000004
v 0.05269999999999996 2.4946 -0.1634
v 0.04899999999999997 2.4819 -0.1648
v 0.05919999999999997 2.4736 -0.153
v 0.01399999999999996 2.3536 -0.178
v 0.01819999999999996 2.3875 -0.1798
v 0.01279999999999996 2.3887 -0.1828
v 0.04789999999999996 2.4729 -0.1664
v -0.3387 1.8347 0.041600000000000074
v -0.2854 2.0964 0.03840000000000006
v -0.2598 2.1484 0.051600000000000056
v 0.2598 2.1484 0.051599999999999945
v 0.2854 2.0964 0.038399999999999934
v 0.3387 1.8347 0.04159999999999992
v -0.2855 2.0963 -0.07129999999999993
v 0.2855 2.0963 -0.07130000000000007
v -0.3518 0.07 -0.050899999999999924
v -0.34980000000000006 0.0673 -0.13369999999999993
v -0.34480000000000005 0.0618 -0.20329999999999993
v -0.30800000000000005 0.0963 -0.13079999999999994
v -0.26020000000000004 0.1023 -0.13139999999999993
v -0.21770000000000003 0.0963 -0.13079999999999994
v 0.21769999999999998 0.0963 -0.13080000000000006
v 0.26019999999999993 0.1023 -0.13140000000000004
v 0.30799999999999994 0.0963 -0.13080000000000006
v 0.34479999999999994 0.0618 -0.2033000000000001
v 0.34979999999999994 0.0673 -0.1337000000000001
v 0.3518 0.07 -0.05090000000000008
v -0.3636 1.5908 0.03800000000000008
v 0.3636 1.5908 0.037999999999999916
v -0.0678 2.5046 0.011100000000000016
v -0.0738 2.5306 -0.026099999999999984
v -0.0687 2.533 -0.002699999999999985
v -0.0659 2.5503 -0.014799999999999987
v -0.0568 2.5589 -0.010899999999999988
v -0.055600000000000004 2.5682 -0.037699999999999984
v -0.03930000000000001 2.579 -0.03869999999999999
v 0.0687 2.533 -0.0027000000000000153
v 0.0659 2.5503 -0.014800000000000015
v 0.0568 2.5589 -0.010900000000000012
v 0.05559999999999999 2.5682 -0.03770000000000001
v 0.039299999999999995 2.579 -0.038700000000000005
v -0.05320000000000001 2.5673 -0.06869999999999998
v -0.06730000000000001 2.5532 -0.03469999999999999
v 0.05319999999999998 2.5673 -0.06870000000000001
v 0.06729999999999998 2.5532 -0.034700000000000016
v -0.04690000000000001 2.385 -0.06559999999999999
v -0.04630000000000002 2.3813 -0.08679999999999999
v -0.05540000000000001 2.4033 -0.06999999999999999
v -0.057300000000000025 2.3816 -0.11009999999999999
v -0.06440000000000001 2.4028 -0.08859999999999998
v -0.06930000000000003 2.4235 -0.09859999999999998
v -0.07070000000000003 2.4519 -0.11099999999999999
v -0.07040000000000003 2.4737 -0.11629999999999999
v -0.06810000000000002 2.4909 -0.12839999999999996
v 0.06819999999999998 2.4521 -0.060800000000000014
v 0.06629999999999998 2.4324 -0.08150000000000002
v 0.06439999999999999 2.4028 -0.08860000000000001
v 0.06699999999999998 2.4039 -0.10350000000000001
v 0.05949999999999997 2.3923 -0.1352
v -0.03710000000000002 2.3627 -0.10389999999999999
v -0.06700000000000003 2.4039 -0.10349999999999998
v -0.06710000000000003 2.4087 -0.11849999999999998
v -0.06780000000000003 2.4177 -0.12599999999999997
v -0.06700000000000003 2.4303 -0.13559999999999997
v 0.05799999999999997 2.4511 -0.1554
v 0.06419999999999997 2.4431 -0.14440000000000003
v 0.06749999999999998 2.4564 -0.14100000000000001
v 0.05369999999999996 2.4341 -0.1604
v -0.03020000000000004 2.3951 -0.1757
v -0.026900000000000042 2.4061 -0.1819
v -0.032300000000000044 2.4084 -0.1764
v -0.02750000000000004 2.4186 -0.1781
v -0.033000000000000036 2.4241 -0.1687
v -0.026600000000000037 2.4384 -0.1759
v -0.024800000000000037 2.4328 -0.1756
v 0.03299999999999997 2.4241 -0.1687
v -0.06940000000000003 2.4456 -0.13119999999999998
v -0.06960000000000002 2.4362 -0.12159999999999999
v -0.06930000000000003 2.4291 -0.11169999999999998
v -0.03500000000000004 2.3958 -0.1707
v -0.02920000000000004 2.3883 -0.1695
v -0.02290000000000004 2.3793 -0.1726
v -0.01590000000000004 2.3751 -0.178
v 0.033199999999999966 2.3848 -0.1645
v 0.06929999999999997 2.4291 -0.11170000000000001
v 0.06709999999999998 2.4087 -0.11850000000000001
v 0.06929999999999997 2.4235 -0.09860000000000001
v 0.07069999999999997 2.4519 -0.11100000000000002
v 0.07039999999999998 2.4737 -0.11630000000000001
v 0.07099999999999997 2.4503 -0.09900000000000002
v -0.07070000000000003 2.455 -0.12019999999999999
v -0.01930000000000004 2.3707 -0.1767
v -0.02750000000000004 2.3756 -0.1683
v -0.033200000000000035 2.3848 -0.1645
v 0.07229999999999999 2.4479 -0.08250000000000002
vt 0.505 0.4709
vt 0.4994 0.4598
vt 0.498 0.46720000000000006
vt 0.4994 0.4598
vt 0.505 0.4709
vt 0.498 0.46720000000000006
vt 0.498 0.46720000000000006
vt 0.4994 0.4598
vt 0.4897 0.4608
vt 0.4897 0.4608
vt 0.4994 0.4598
vt 0.498 0.46720000000000006
vt 0.4799 0.45399999999999996
vt 0.4877 0.4609
vt 0.4878 0.4605
vt 0.4877 0.4609
vt 0.4799 0.45399999999999996
vt 0.4878 0.4605
vt 0.4878 0.4605
vt 0.4883 0.4609
vt 0.4884 0.4608
vt 0.4883 0.4609
vt 0.4878 0.4605
vt 0.4884 0.4608
vt 0.4896 0.46120000000000005
vt 0.4889 0.4608
vt 0.4888 0.4610000000000001
vt 0.4889 0.4608
vt 0.4896 0.46120000000000005
vt 0.4888 0.4610000000000001
vt 0.4882 0.4508
vt 0.4799 0.45399999999999996
vt 0.4878 0.4605
vt 0.4882 0.4508
vt 0.4878 0.4605
vt 0.4886 0.46009999999999995
vt 0.4878 0.4605
vt 0.4799 0.45399999999999996
vt 0.4882 0.4508
vt 0.4878 0.4605
vt 0.4882 0.4508
vt 0.4886 0.46009999999999995
vt 0.4895 0.4603999999999999
vt 0.4886 0.46009999999999995
vt 0.4885 0.4606
vt 0.4895 0.4603999999999999
vt 0.4885 0.4606
vt 0.4888 0.4607
vt 0.4885 0.4606
vt 0.4886 0.46009999999999995
vt 0.4895 0.4603999999999999
vt 0.4885 0.4606
vt 0.4895 0.4603999999999999
vt 0.4888 0.4607
vt 0.4886 0.46009999999999995
vt 0.4878 0.4605
vt 0.4884 0.4608
vt 0.4886 0.46009999999999995
vt 0.4884 0.4608
vt 0.4885 0.4606
vt 0.4884 0.4608
vt 0.4878 0.4605
vt 0.4886 0.46009999999999995
vt 0.4884 0.4608
vt 0.4886 0.46009999999999995
vt 0.4885 0.4606
vt 0.4879 0.46140000000000003
vt 0.4888 0.4616
vt 0.4886 0.46110000000000007
vt 0.4879 0.46140000000000003
vt 0.4886 0.46110000000000007
vt 0.4884 0.4610000000000001
vt 0.4886 0.46110000000000007
vt 0.4888 0.4616
vt 0.4879 0.46140000000000003
vt 0.4886 0.46110000000000007
vt 0.4879 0.46140000000000003
vt 0.4884 0.4610000000000001
vt 0.4888 0.4616
vt 0.4896 0.46120000000000005
vt 0.4888 0.4610000000000001
vt 0.4888 0.4616
vt 0.4888 0.4610000000000001
vt 0.4886 0.46110000000000007
vt 0.4888 0.4610000000000001
vt 0.4896 0.46120000000000005
vt 0.4888 0.4616
vt 0.4888 0.4610000000000001
vt 0.4888 0.4616
vt 0.4886 0.46110000000000007
vt 0.2201 0.4414
vt 0.2526 0.4064
vt 0.2174 0.4336
vt 0.2526 0.4064
vt 0.2201 0.4414
vt 0.2174 0.4336
vt 0.2795 0.3852
vt 0.2534 0.3941
vt 0.2526 0.4064
vt 0.2534 0.3941
vt 0.2795 0.3852
vt 0.2526 0.4064
vt 0.7196 0.867
vt 0.7058 0.8903
vt 0.7257 0.8711
vt 0.7058 0.8903
vt 0.7196 0.867
vt 0.7257 0.8711
vt 0.4608 0.6393
vt 0.5305 0.6806
vt 0.5382 0.6792
vt 0.5382 0.6792
vt 0.5305 0.6806
vt 0.4608 0.6393
vt 0.3958 0.7298
vt 0.3988 0.6327
vt 0.3767 0.657
vt 0.3988 0.6327
vt 0.3958 0.7298
vt 0.3767 0.657
vt 0.8956 0.7479
vt 0.8769 0.7844
vt 0.8976 0.7568
vt 0.8769 0.7844
vt 0.8956 0.7479
vt 0.8976 0.7568
vt 0.4513 0.2875
vt 0.4571 0.2955
vt 0.4542 0.2874
vt 0.4571 0.2955
vt 0.4513 0.2875
vt 0.4542 0.2874
vt 0.4641 0.2933
vt 0.4576 0.2963
vt 0.465 0.29400000000000004
vt 0.4576 0.2963
vt 0.4641 0.2933
vt 0.465 0.29400000000000004
vt 0.4456 0.2889999999999999
vt 0.4425 0.2823
vt 0.4448 0.2894
vt 0.4425 0.2823
vt 0.4456 0.2889999999999999
vt 0.4448 0.2894
vt 0.4571 0.2955
vt 0.4562 0.29380000000000006
vt 0.4561 0.29400000000000004
vt 0.4571 0.2955
vt 0.4561 0.29400000000000004
vt 0.4563 0.29499999999999993
vt 0.4561 0.29400000000000004
vt 0.4562 0.29380000000000006
vt 0.4571 0.2955
vt 0.4561 0.29400000000000004
vt 0.4571 0.2955
vt 0.4563 0.29499999999999993
vt 0.3988 0.6327
vt 0.4738 0.5807
vt 0.4748 0.57
vt 0.3988 0.6327
vt 0.4748 0.57
vt 0.4291 0.6065
vt 0.4748 0.57
vt 0.4738 0.5807
vt 0.3988 0.6327
vt 0.4748 0.57
vt 0.3988 0.6327
vt 0.4291 0.6065
vt 0.3767 0.657
vt 0.3988 0.6327
vt 0.4291 0.6065
vt 0.3767 0.657
vt 0.4291 0.6065
vt 0.3634 0.6491
vt 0.4291 0.6065
vt 0.3988 0.6327
vt 0.3767 0.657
vt 0.4291 0.6065
vt 0.3767 0.657
vt 0.3634 0.6491
vt 0.4738 0.5807
vt 0.5172 0.5477
vt 0.5178 0.54
vt 0.4738 0.5807
vt 0.5178 0.54
vt 0.4748 0.57
vt 0.5178 0.54
vt 0.5172 0.5477
vt 0.4738 0.5807
vt 0.5178 0.54
vt 0.4738 0.5807
vt 0.4748 0.57
vt 0.8519 0.9149
vt 0.842 0.894
vt 0.8347 0.8877
vt 0.8347 0.8877
vt 0.842 0.894
vt 0.8519 0.9149
vt 0.8558 0.9265
vt 0.8449 0.9148
vt 0.8523 0.9233
vt 0.8449 0.9148
vt 0.8558 0.9265
vt 0.8523 0.9233
vt 0.8463 0.7683
vt 0.8481 0.7608
vt 0.8447 0.7517
vt 0.8447 0.7517
vt 0.8481 0.7608
vt 0.8463 0.7683
vt 0.7219 0.18779999999999997
vt 0.729 0.19689999999999996
vt 0.7324 0.19269999999999998
vt 0.7324 0.19269999999999998
vt 0.729 0.19689999999999996
vt 0.7219 0.18779999999999997
vt 0.7235 0.15859999999999996
vt 0.7256 0.17259999999999998
vt 0.7437 0.16969999999999996
vt 0.7437 0.16969999999999996
vt 0.7256 0.17259999999999998
vt 0.7235 0.15859999999999996
vt 0.42 0.3965000000000001
vt 0.4181 0.4106000000000001
vt 0.42 0.41080000000000005
vt 0.42 0.41080000000000005
vt 0.4181 0.4106000000000001
vt 0.42 0.3965000000000001
vt 0.5662 0.2825
vt 0.5677 0.28380000000000005
vt 0.5762 0.2869999999999999
vt 0.5662 0.2825
vt 0.5762 0.2869999999999999
vt 0.5792 0.2772
vt 0.5762 0.2869999999999999
vt 0.5677 0.28380000000000005
vt 0.5662 0.2825
vt 0.5762 0.2869999999999999
vt 0.5662 0.2825
vt 0.5792 0.2772
vt 0.6625 0.29390000000000005
vt 0.6633 0.2950999999999999
vt 0.6672 0.2963
vt 0.6672 0.2963
vt 0.6633 0.2950999999999999
vt 0.6625 0.29390000000000005
vt 0.4088 0.3388
vt 0.409 0.3429
vt 0.4146 0.34719999999999995
vt 0.4146 0.34719999999999995
vt 0.409 0.3429
vt 0.4088 0.3388
vt 0.409 0.3429
vt 0.4087 0.3441000000000001
vt 0.4112 0.3486
vt 0.409 0.3429
vt 0.4112 0.3486
vt 0.4146 0.34719999999999995
vt 0.4112 0.3486
vt 0.4087 0.3441000000000001
vt 0.409 0.3429
vt 0.4112 0.3486
vt 0.409 0.3429
vt 0.4146 0.34719999999999995
vt 0.6182 0.2909999999999999
vt 0.619 0.2924
vt 0.6224 0.29380000000000006
vt 0.6224 0.29380000000000006
vt 0.619 0.2924
vt 0.6182 0.2909999999999999
vt 0.8092 0.2901
vt 0.8129 0.28190000000000004
vt 0.8076 0.2821
vt 0.8076 0.2821
vt 0.8129 0.28190000000000004
vt 0.8092 0.2901
vt 0.8312 0.3173
vt 0.8396 0.32499999999999996
vt 0.8476 0.3173
vt 0.8476 0.3173
vt 0.8396 0.32499999999999996
vt 0.8312 0.3173
vt 0.8531 0.3833
vt 0.8554 0.37470000000000003
vt 0.8482 0.3817999999999999
vt 0.8531 0.3833
vt 0.8482 0.3817999999999999
vt 0.8506 0.38260000000000005
vt 0.8482 0.3817999999999999
vt 0.8554 0.37470000000000003
vt 0.8531 0.3833
vt 0.8482 0.3817999999999999
vt 0.8531 0.3833
vt 0.8506 0.38260000000000005
vt 0.844 0.03490000000000004
vt 0.8055 0.037900000000000045
vt 0.8006 0.05789999999999995
vt 0.844 0.03490000000000004
vt 0.8006 0.05789999999999995
vt 0.8489 0.062000000000000055
vt 0.8489 0.062000000000000055
vt 0.8006 0.05789999999999995
vt 0.8491 0.07779999999999998
vt 0.8489 0.062000000000000055
vt 0.8491 0.07779999999999998
vt 0.8911 0.07740000000000002
vt 0.8911 0.07740000000000002
vt 0.8491 0.07779999999999998
vt 0.8913 0.09319999999999995
vt 0.8911 0.07740000000000002
vt 0.8913 0.09319999999999995
vt 0.9331 0.07699999999999996
vt 0.9331 0.07699999999999996
vt 0.8913 0.09319999999999995
vt 0.9332 0.0928
vt 0.9331 0.07699999999999996
vt 0.9332 0.0928
vt 0.9746 0.07699999999999996
vt 0.9746 0.07699999999999996
vt 0.9332 0.0928
vt 0.9741 0.09789999999999999
vt 0.9746 0.07699999999999996
vt 0.9741 0.09789999999999999
vt 0.9332 0.0928
vt 0.9746 0.07699999999999996
vt 0.9332 0.0928
vt 0.9331 0.07699999999999996
vt 0.9331 0.07699999999999996
vt 0.9332 0.0928
vt 0.8913 0.09319999999999995
vt 0.9331 0.07699999999999996
vt 0.8913 0.09319999999999995
vt 0.8911 0.07740000000000002
vt 0.8911 0.07740000000000002
vt 0.8913 0.09319999999999995
vt 0.8491 0.07779999999999998
vt 0.8911 0.07740000000000002
vt 0.8491 0.07779999999999998
vt 0.8489 0.062000000000000055
vt 0.8489 0.062000000000000055
vt 0.8491 0.07779999999999998
vt 0.8006 0.05789999999999995
vt 0.8489 0.062000000000000055
vt 0.8006 0.05789999999999995
vt 0.844 0.03490000000000004
vt 0.844 0.03490000000000004
vt 0.8006 0.05789999999999995
vt 0.8055 0.037900000000000045
vt 0.5224 0.46009999999999995
vt 0.5018 0.4497
vt 0.5046 0.4598
vt 0.5224 0.46009999999999995
vt 0.5046 0.4598
vt 0.5231 0.4731000000000001
vt 0.5046 0.4598
vt 0.505 0.4709
vt 0.5231 0.4731000000000001
vt 0.5231 0.4731000000000001
vt 0.505 0.4709
vt 0.5131 0.48239999999999994
vt 0.5131 0.48239999999999994
vt 0.505 0.4709
vt 0.498 0.4899
vt 0.5131 0.48239999999999994
vt 0.498 0.4899
vt 0.503 0.5021
vt 0.503 0.5021
vt 0.498 0.4899
vt 0.4744 0.5113
vt 0.503 0.5021
vt 0.4744 0.5113
vt 0.475 0.5215
vt 0.475 0.5215
vt 0.4744 0.5113
vt 0.4299 0.5277
vt 0.475 0.5215
vt 0.4299 0.5277
vt 0.4744 0.5113
vt 0.475 0.5215
vt 0.4744 0.5113
vt 0.503 0.5021
vt 0.503 0.5021
vt 0.4744 0.5113
vt 0.498 0.4899
vt 0.503 0.5021
vt 0.498 0.4899
vt 0.5131 0.48239999999999994
vt 0.5131 0.48239999999999994
vt 0.498 0.4899
vt 0.505 0.4709
vt 0.5131 0.48239999999999994
vt 0.505 0.4709
vt 0.5231 0.4731000000000001
vt 0.5231 0.4731000000000001
vt 0.505 0.4709
vt 0.5046 0.4598
vt 0.5231 0.4731000000000001
vt 0.5046 0.4598
vt 0.5224 0.46009999999999995
vt 0.5224 0.46009999999999995
vt 0.5046 0.4598
vt 0.5018 0.4497
vt 0.4994 0.4598
vt 0.505 0.4709
vt 0.5046 0.4598
vt 0.4994 0.4598
vt 0.5046 0.4598
vt 0.4962 0.45320000000000005
vt 0.4962 0.45320000000000005
vt 0.5046 0.4598
vt 0.5018 0.4497
vt 0.4962 0.45320000000000005
vt 0.5018 0.4497
vt 0.5046 0.4598
vt 0.4962 0.45320000000000005
vt 0.5046 0.4598
vt 0.4994 0.4598
vt 0.4994 0.4598
vt 0.5046 0.4598
vt 0.505 0.4709
vt 0.498 0.46720000000000006
vt 0.4897 0.4608
vt 0.4896 0.46120000000000005
vt 0.498 0.46720000000000006
vt 0.4896 0.46120000000000005
vt 0.49 0.47120000000000006
vt 0.498 0.46720000000000006
vt 0.49 0.47120000000000006
vt 0.4896 0.46120000000000005
vt 0.498 0.46720000000000006
vt 0.4896 0.46120000000000005
vt 0.4897 0.4608
vt 0.4882 0.4508
vt 0.4886 0.46009999999999995
vt 0.4962 0.45320000000000005
vt 0.4962 0.45320000000000005
vt 0.4886 0.46009999999999995
vt 0.4895 0.4603999999999999
vt 0.4962 0.45320000000000005
vt 0.4895 0.4603999999999999
vt 0.4994 0.4598
vt 0.4994 0.4598
vt 0.4895 0.4603999999999999
vt 0.4897 0.4608
vt 0.4886 0.46009999999999995
vt 0.4882 0.4508
vt 0.4962 0.45320000000000005
vt 0.4886 0.46009999999999995
vt 0.4962 0.45320000000000005
vt 0.4895 0.4603999999999999
vt 0.4895 0.4603999999999999
vt 0.4962 0.45320000000000005
vt 0.4994 0.4598
vt 0.4895 0.4603999999999999
vt 0.4994 0.4598
vt 0.4897 0.4608
vt 0.49 0.47120000000000006
vt 0.4896 0.46120000000000005
vt 0.4888 0.4616
vt 0.49 0.47120000000000006
vt 0.4888 0.4616
vt 0.4809 0.46930000000000005
vt 0.4809 0.46930000000000005
vt 0.4888 0.4616
vt 0.4879 0.46140000000000003
vt 0.4809 0.46930000000000005
vt 0.4879 0.46140000000000003
vt 0.4777 0.4616
vt 0.4777 0.4616
vt 0.4879 0.46140000000000003
vt 0.4877 0.4609
vt 0.4777 0.4616
vt 0.4877 0.4609
vt 0.4799 0.45399999999999996
vt 0.4896 0.46120000000000005
vt 0.49 0.47120000000000006
vt 0.4888 0.4616
vt 0.4888 0.4616
vt 0.49 0.47120000000000006
vt 0.4809 0.46930000000000005
vt 0.4888 0.4616
vt 0.4809 0.46930000000000005
vt 0.4879 0.46140000000000003
vt 0.4879 0.46140000000000003
vt 0.4809 0.46930000000000005
vt 0.4777 0.4616
vt 0.4879 0.46140000000000003
vt 0.4777 0.4616
vt 0.4877 0.4609
vt 0.4877 0.4609
vt 0.4777 0.4616
vt 0.4799 0.45399999999999996
vt 0.4883 0.4609
vt 0.4878 0.4605
vt 0.4877 0.4609
vt 0.4883 0.4609
vt 0.4877 0.4609
vt 0.4884 0.4610000000000001
vt 0.4884 0.4610000000000001
vt 0.4877 0.4609
vt 0.4879 0.46140000000000003
vt 0.4884 0.4610000000000001
vt 0.4879 0.46140000000000003
vt 0.4877 0.4609
vt 0.4884 0.4610000000000001
vt 0.4877 0.4609
vt 0.4883 0.4609
vt 0.4883 0.4609
vt 0.4877 0.4609
vt 0.4878 0.4605
vt 0.4889 0.4608
vt 0.4896 0.46120000000000005
vt 0.4897 0.4608
vt 0.4889 0.4608
vt 0.4897 0.4608
vt 0.4888 0.4607
vt 0.4888 0.4607
vt 0.4897 0.4608
vt 0.4895 0.4603999999999999
vt 0.4888 0.4607
vt 0.4895 0.4603999999999999
vt 0.4897 0.4608
vt 0.4888 0.4607
vt 0.4897 0.4608
vt 0.4889 0.4608
vt 0.4889 0.4608
vt 0.4897 0.4608
vt 0.4896 0.46120000000000005
vt 0.801 0.09919999999999995
vt 0.8063 0.11870000000000003
vt 0.8492 0.09360000000000002
vt 0.8492 0.09360000000000002
vt 0.8063 0.11870000000000003
vt 0.8448 0.12080000000000002
vt 0.8492 0.09360000000000002
vt 0.8448 0.12080000000000002
vt 0.8913 0.09319999999999995
vt 0.8913 0.09319999999999995
vt 0.8448 0.12080000000000002
vt 0.8927 0.12109999999999999
vt 0.8913 0.09319999999999995
vt 0.8927 0.12109999999999999
vt 0.9332 0.0928
vt 0.9332 0.0928
vt 0.8927 0.12109999999999999
vt 0.9386 0.12029999999999996
vt 0.9332 0.0928
vt 0.9386 0.12029999999999996
vt 0.9741 0.09789999999999999
vt 0.9741 0.09789999999999999
vt 0.9386 0.12029999999999996
vt 0.9708 0.11809999999999998
vt 0.8063 0.11870000000000003
vt 0.801 0.09919999999999995
vt 0.8492 0.09360000000000002
vt 0.8063 0.11870000000000003
vt 0.8492 0.09360000000000002
vt 0.8448 0.12080000000000002
vt 0.8448 0.12080000000000002
vt 0.8492 0.09360000000000002
vt 0.8913 0.09319999999999995
vt 0.8448 0.12080000000000002
vt 0.8913 0.09319999999999995
vt 0.8927 0.12109999999999999
vt 0.8927 0.12109999999999999
vt 0.8913 0.09319999999999995
vt 0.9332 0.0928
vt 0.8927 0.12109999999999999
vt 0.9332 0.0928
vt 0.9386 0.12029999999999996
vt 0.9386 0.12029999999999996
vt 0.9332 0.0928
vt 0.9741 0.09789999999999999
vt 0.9386 0.12029999999999996
vt 0.9741 0.09789999999999999
vt 0.9708 0.11809999999999998
vt 0.505 0.4709
vt 0.498 0.46720000000000006
vt 0.4912 0.4759
vt 0.4912 0.4759
vt 0.498 0.46720000000000006
vt 0.49 0.47120000000000006
vt 0.4912 0.4759
vt 0.49 0.47120000000000006
vt 0.4723 0.4767
vt 0.4723 0.4767
vt 0.49 0.47120000000000006
vt 0.4809 0.46930000000000005
vt 0.4723 0.4767
vt 0.4809 0.46930000000000005
vt 0.4673 0.46219999999999994
vt 0.4673 0.46219999999999994
vt 0.4809 0.46930000000000005
vt 0.4777 0.4616
vt 0.4673 0.46219999999999994
vt 0.4777 0.4616
vt 0.4709 0.4487
vt 0.4709 0.4487
vt 0.4777 0.4616
vt 0.4799 0.45399999999999996
vt 0.4709 0.4487
vt 0.4799 0.45399999999999996
vt 0.4887 0.4457
vt 0.4887 0.4457
vt 0.4799 0.45399999999999996
vt 0.4882 0.4508
vt 0.4887 0.4457
vt 0.4882 0.4508
vt 0.5018 0.4497
vt 0.5018 0.4497
vt 0.4882 0.4508
vt 0.4962 0.45320000000000005
vt 0.498 0.46720000000000006
vt 0.505 0.4709
vt 0.4912 0.4759
vt 0.498 0.46720000000000006
vt 0.4912 0.4759
vt 0.49 0.47120000000000006
vt 0.49 0.47120000000000006
vt 0.4912 0.4759
vt 0.4723 0.4767
vt 0.49 0.47120000000000006
vt 0.4723 0.4767
vt 0.4809 0.46930000000000005
vt 0.4809 0.46930000000000005
vt 0.4723 0.4767
vt 0.4673 0.46219999999999994
vt 0.4809 0.46930000000000005
vt 0.4673 0.46219999999999994
vt 0.4777 0.4616
vt 0.4777 0.4616
vt 0.4673 0.46219999999999994
vt 0.4709 0.4487
vt 0.4777 0.4616
vt 0.4709 0.4487
vt 0.4799 0.45399999999999996
vt 0.4799 0.45399999999999996
vt 0.4709 0.4487
vt 0.4887 0.4457
vt 0.4799 0.45399999999999996
vt 0.4887 0.4457
vt 0.4882 0.4508
vt 0.4882 0.4508
vt 0.4887 0.4457
vt 0.5018 0.4497
vt 0.4882 0.4508
vt 0.5018 0.4497
vt 0.4962 0.45320000000000005
vt 0.0878 0.659
vt 0.1209 0.6842
vt 0.1188 0.6558
vt 0.0878 0.659
vt 0.1188 0.6558
vt 0.0681 0.5195
vt 0.0681 0.5195
vt 0.1188 0.6558
vt 0.111 0.531
vt 0.0681 0.5195
vt 0.111 0.531
vt 0.0656 0.3833
vt 0.0656 0.3833
vt 0.111 0.531
vt 0.0993 0.4004
vt 0.0656 0.3833
vt 0.0993 0.4004
vt 0.1117 0.3873
vt 0.1117 0.3873
vt 0.0993 0.4004
vt 0.148 0.40569999999999995
vt 0.1117 0.3873
vt 0.148 0.40569999999999995
vt 0.1086 0.3489
vt 0.1086 0.3489
vt 0.148 0.40569999999999995
vt 0.1263 0.3476
vt 0.1086 0.3489
vt 0.1263 0.3476
vt 0.148 0.40569999999999995
vt 0.1086 0.3489
vt 0.148 0.40569999999999995
vt 0.1117 0.3873
vt 0.1117 0.3873
vt 0.148 0.40569999999999995
vt 0.0993 0.4004
vt 0.1117 0.3873
vt 0.0993 0.4004
vt 0.0656 0.3833
vt 0.0656 0.3833
vt 0.0993 0.4004
vt 0.111 0.531
vt 0.0656 0.3833
vt 0.111 0.531
vt 0.0681 0.5195
vt 0.0681 0.5195
vt 0.111 0.531
vt 0.1188 0.6558
vt 0.0681 0.5195
vt 0.1188 0.6558
vt 0.0878 0.659
vt 0.0878 0.659
vt 0.1188 0.6558
vt 0.1209 0.6842
vt 0.1086 0.3489
vt 0.0761 0.3541000000000001
vt 0.1117 0.3873
vt 0.1117 0.3873
vt 0.0761 0.3541000000000001
vt 0.0688 0.3731
vt 0.1117 0.3873
vt 0.0688 0.3731
vt 0.0656 0.3833
vt 0.0656 0.3833
vt 0.0688 0.3731
vt 0.0204 0.3718
vt 0.0656 0.3833
vt 0.0204 0.3718
vt 0.0681 0.5195
vt 0.0681 0.5195
vt 0.0204 0.3718
vt 0 0.5161
vt 0.0681 0.5195
vt 0 0.5161
vt 0.0878 0.659
vt 0.0878 0.659
vt 0 0.5161
vt 0.0251 0.6656
vt 0.0878 0.659
vt 0.0251 0.6656
vt 0.0848 0.6898
vt 0.0848 0.6898
vt 0.0251 0.6656
vt 0.0257 0.6965
vt 0.0848 0.6898
vt 0.0257 0.6965
vt 0.0901 0.7172
vt 0.0901 0.7172
vt 0.0257 0.6965
vt 0.0316 0.7221
vt 0.0901 0.7172
vt 0.0316 0.7221
vt 0.0973 0.7998
vt 0.0973 0.7998
vt 0.0316 0.7221
vt 0.0476 0.8239
vt 0.0973 0.7998
vt 0.0476 0.8239
vt 0.1203 0.9934
vt 0.1203 0.9934
vt 0.0476 0.8239
vt 0.0807 1
vt 0.0761 0.3541000000000001
vt 0.1086 0.3489
vt 0.1117 0.3873
vt 0.0761 0.3541000000000001
vt 0.1117 0.3873
vt 0.0688 0.3731
vt 0.0688 0.3731
vt 0.1117 0.3873
vt 0.0656 0.3833
vt 0.0688 0.3731
vt 0.0656 0.3833
vt 0.0204 0.3718
vt 0.0204 0.3718
vt 0.0656 0.3833
vt 0.0681 0.5195
vt 0.0204 0.3718
vt 0.0681 0.5195
vt 0 0.5161
vt 0 0.5161
vt 0.0681 0.5195
vt 0.0878 0.659
vt 0 0.5161
vt 0.0878 0.659
vt 0.0251 0.6656
vt 0.0251 0.6656
vt 0.0878 0.659
vt 0.0848 0.6898
vt 0.0251 0.6656
vt 0.0848 0.6898
vt 0.0257 0.6965
vt 0.0257 0.6965
vt 0.0848 0.6898
vt 0.0901 0.7172
vt 0.0257 0.6965
vt 0.0901 0.7172
vt 0.0316 0.7221
vt 0.0316 0.7221
vt 0.0901 0.7172
vt 0.0973 0.7998
vt 0.0316 0.7221
vt 0.0973 0.7998
vt 0.0476 0.8239
vt 0.0476 0.8239
vt 0.0973 0.7998
vt 0.1203 0.9934
vt 0.0476 0.8239
vt 0.1203 0.9934
vt 0.0807 1
vt 0.2674 0.42280000000000006
vt 0.2526 0.4064
vt 0.2201 0.4414
vt 0.2674 0.42280000000000006
vt 0.2201 0.4414
vt 0.2678 0.5441
vt 0.2678 0.5441
vt 0.2201 0.4414
vt 0.2314 0.5519
vt 0.2678 0.5441
vt 0.2314 0.5519
vt 0.2709 0.649
vt 0.2709 0.649
vt 0.2314 0.5519
vt 0.2312 0.6514
vt 0.2709 0.649
vt 0.2312 0.6514
vt 0.2729 0.6716
vt 0.2729 0.6716
vt 0.2312 0.6514
vt 0.236 0.6731
vt 0.2729 0.6716
vt 0.236 0.6731
vt 0.272 0.6987
vt 0.272 0.6987
vt 0.236 0.6731
vt 0.2364 0.7004
vt 0.272 0.6987
vt 0.2364 0.7004
vt 0.2688 0.8294
vt 0.2688 0.8294
vt 0.2364 0.7004
vt 0.2319 0.8038
vt 0.2688 0.8294
vt 0.2319 0.8038
vt 0.2638 0.9879
vt 0.2638 0.9879
vt 0.2319 0.8038
vt 0.2227 0.9876
vt 0.2638 0.9879
vt 0.2227 0.9876
vt 0.2319 0.8038
vt 0.2638 0.9879
vt 0.2319 0.8038
vt 0.2688 0.8294
vt 0.2688 0.8294
vt 0.2319 0.8038
vt 0.2364 0.7004
vt 0.2688 0.8294
vt 0.2364 0.7004
vt 0.272 0.6987
vt 0.272 0.6987
vt 0.2364 0.7004
vt 0.236 0.6731
vt 0.272 0.6987
vt 0.236 0.6731
vt 0.2729 0.6716
vt 0.2729 0.6716
vt 0.236 0.6731
vt 0.2312 0.6514
vt 0.2729 0.6716
vt 0.2312 0.6514
vt 0.2709 0.649
vt 0.2709 0.649
vt 0.2312 0.6514
vt 0.2314 0.5519
vt 0.2709 0.649
vt 0.2314 0.5519
vt 0.2678 0.5441
vt 0.2678 0.5441
vt 0.2314 0.5519
vt 0.2201 0.4414
vt 0.2678 0.5441
vt 0.2201 0.4414
vt 0.2674 0.42280000000000006
vt 0.2674 0.42280000000000006
vt 0.2201 0.4414
vt 0.2526 0.4064
vt 0.2795 0.3852
vt 0.2526 0.4064
vt 0.2674 0.42280000000000006
vt 0.2795 0.3852
vt 0.2674 0.42280000000000006
vt 0.2987 0.40090000000000003
vt 0.2987 0.40090000000000003
vt 0.2674 0.42280000000000006
vt 0.2955 0.5304
vt 0.2987 0.40090000000000003
vt 0.2955 0.5304
vt 0.3244 0.5155
vt 0.3244 0.5155
vt 0.2955 0.5304
vt 0.3217 0.6501
vt 0.3244 0.5155
vt 0.3217 0.6501
vt 0.362 0.6532
vt 0.362 0.6532
vt 0.3217 0.6501
vt 0.356 0.6842
vt 0.362 0.6532
vt 0.356 0.6842
vt 0.3217 0.6501
vt 0.362 0.6532
vt 0.3217 0.6501
vt 0.3244 0.5155
vt 0.3244 0.5155
vt 0.3217 0.6501
vt 0.2955 0.5304
vt 0.3244 0.5155
vt 0.2955 0.5304
vt 0.2987 0.40090000000000003
vt 0.2987 0.40090000000000003
vt 0.2955 0.5304
vt 0.2674 0.42280000000000006
vt 0.2987 0.40090000000000003
vt 0.2674 0.42280000000000006
vt 0.2795 0.3852
vt 0.2795 0.3852
vt 0.2674 0.42280000000000006
vt 0.2526 0.4064
vt 0.1841 0.43500000000000005
vt 0.148 0.40569999999999995
vt 0.1341 0.4222
vt 0.1841 0.43500000000000005
vt 0.1341 0.4222
vt 0.181 0.44320000000000004
vt 0.181 0.44320000000000004
vt 0.1341 0.4222
vt 0.2169 0.5517
vt 0.181 0.44320000000000004
vt 0.2169 0.5517
vt 0.1341 0.4222
vt 0.181 0.44320000000000004
vt 0.1341 0.4222
vt 0.1841 0.43500000000000005
vt 0.1841 0.43500000000000005
vt 0.1341 0.4222
vt 0.148 0.40569999999999995
vt 0.2987 0.40090000000000003
vt 0.3244 0.5155
vt 0.3262 0.38349999999999995
vt 0.2987 0.40090000000000003
vt 0.3262 0.38349999999999995
vt 0.311 0.3675999999999999
vt 0.311 0.3675999999999999
vt 0.3262 0.38349999999999995
vt 0.3627 0.34319999999999995
vt 0.311 0.3675999999999999
vt 0.3627 0.34319999999999995
vt 0.313 0.35729999999999995
vt 0.313 0.35729999999999995
vt 0.3627 0.34319999999999995
vt 0.3631 0.3340000000000001
vt 0.2795 0.3852
vt 0.2534 0.3941
vt 0.2849 0.37440000000000007
vt 0.2795 0.3852
vt 0.2849 0.37440000000000007
vt 0.311 0.3675999999999999
vt 0.311 0.3675999999999999
vt 0.2849 0.37440000000000007
vt 0.313 0.35729999999999995
vt 0.311 0.3675999999999999
vt 0.313 0.35729999999999995
vt 0.3627 0.34319999999999995
vt 0.3627 0.34319999999999995
vt 0.313 0.35729999999999995
vt 0.3631 0.3340000000000001
vt 0.311 0.3675999999999999
vt 0.313 0.35729999999999995
vt 0.2849 0.37440000000000007
vt 0.311 0.3675999999999999
vt 0.2849 0.37440000000000007
vt 0.2795 0.3852
vt 0.2795 0.3852
vt 0.2849 0.37440000000000007
vt 0.2534 0.3941
vt 0.3631 0.3340000000000001
vt 0.2732 0.2522
vt 0.313 0.35729999999999995
vt 0.313 0.35729999999999995
vt 0.2732 0.2522
vt 0.2325 0.3095
vt 0.313 0.35729999999999995
vt 0.2325 0.3095
vt 0.2849 0.37440000000000007
vt 0.2849 0.37440000000000007
vt 0.2325 0.3095
vt 0.2206 0.3638
vt 0.2849 0.37440000000000007
vt 0.2206 0.3638
vt 0.2534 0.3941
vt 0.2534 0.3941
vt 0.2206 0.3638
vt 0.2169 0.3893
vt 0.2732 0.2522
vt 0.3631 0.3340000000000001
vt 0.313 0.35729999999999995
vt 0.2732 0.2522
vt 0.313 0.35729999999999995
vt 0.2325 0.3095
vt 0.2325 0.3095
vt 0.313 0.35729999999999995
vt 0.2849 0.37440000000000007
vt 0.2325 0.3095
vt 0.2849 0.37440000000000007
vt 0.2206 0.3638
vt 0.2206 0.3638
vt 0.2849 0.37440000000000007
vt 0.2534 0.3941
vt 0.2206 0.3638
vt 0.2534 0.3941
vt 0.2169 0.3893
vt 0.0267 0.24750000000000005
vt 0.0151 0.3487
vt 0.0773 0.254
vt 0.0773 0.254
vt 0.0151 0.3487
vt 0.0761 0.3541000000000001
vt 0.0773 0.254
vt 0.0761 0.3541000000000001
vt 0.1204 0.2633
vt 0.1204 0.2633
vt 0.0761 0.3541000000000001
vt 0.1086 0.3489
vt 0.1204 0.2633
vt 0.1086 0.3489
vt 0.1408 0.2682
vt 0.1408 0.2682
vt 0.1086 0.3489
vt 0.1263 0.3476
vt 0.0151 0.3487
vt 0.0267 0.24750000000000005
vt 0.0773 0.254
vt 0.0151 0.3487
vt 0.0773 0.254
vt 0.0761 0.3541000000000001
vt 0.0761 0.3541000000000001
vt 0.0773 0.254
vt 0.1204 0.2633
vt 0.0761 0.3541000000000001
vt 0.1204 0.2633
vt 0.1086 0.3489
vt 0.1086 0.3489
vt 0.1204 0.2633
vt 0.1408 0.2682
vt 0.1086 0.3489
vt 0.1408 0.2682
vt 0.1263 0.3476
vt 0.4103 0.12549999999999994
vt 0.3472 0.12360000000000004
vt 0.3428 0.1473
vt 0.4103 0.12549999999999994
vt 0.3428 0.1473
vt 0.4059 0.14880000000000004
vt 0.4059 0.14880000000000004
vt 0.3428 0.1473
vt 0.3407 0.1755
vt 0.4059 0.14880000000000004
vt 0.3407 0.1755
vt 0.4044 0.17680000000000007
vt 0.4044 0.17680000000000007
vt 0.3407 0.1755
vt 0.339 0.20399999999999996
vt 0.4044 0.17680000000000007
vt 0.339 0.20399999999999996
vt 0.4026 0.20479999999999998
vt 0.4026 0.20479999999999998
vt 0.339 0.20399999999999996
vt 0.4052 0.22860000000000003
vt 0.4026 0.20479999999999998
vt 0.4052 0.22860000000000003
vt 0.545 0.20879999999999999
vt 0.545 0.20879999999999999
vt 0.4052 0.22860000000000003
vt 0.549 0.2339
vt 0.545 0.20879999999999999
vt 0.549 0.2339
vt 0.6281 0.20110000000000006
vt 0.6281 0.20110000000000006
vt 0.549 0.2339
vt 0.6332 0.22330000000000005
vt 0.6281 0.20110000000000006
vt 0.6332 0.22330000000000005
vt 0.6688 0.1996
vt 0.6688 0.1996
vt 0.6332 0.22330000000000005
vt 0.6762 0.21489999999999998
vt 0.6688 0.1996
vt 0.6762 0.21489999999999998
vt 0.6332 0.22330000000000005
vt 0.6688 0.1996
vt 0.6332 0.22330000000000005
vt 0.6281 0.20110000000000006
vt 0.6281 0.20110000000000006
vt 0.6332 0.22330000000000005
vt 0.549 0.2339
vt 0.6281 0.20110000000000006
vt 0.549 0.2339
vt 0.545 0.20879999999999999
vt 0.545 0.20879999999999999
vt 0.549 0.2339
vt 0.4052 0.22860000000000003
vt 0.545 0.20879999999999999
vt 0.4052 0.22860000000000003
vt 0.4026 0.20479999999999998
vt 0.4026 0.20479999999999998
vt 0.4052 0.22860000000000003
vt 0.339 0.20399999999999996
vt 0.4026 0.20479999999999998
vt 0.339 0.20399999999999996
vt 0.4044 0.17680000000000007
vt 0.4044 0.17680000000000007
vt 0.339 0.20399999999999996
vt 0.3407 0.1755
vt 0.4044 0.17680000000000007
vt 0.3407 0.1755
vt 0.4059 0.14880000000000004
vt 0.4059 0.14880000000000004
vt 0.3407 0.1755
vt 0.3428 0.1473
vt 0.4059 0.14880000000000004
vt 0.3428 0.1473
vt 0.4103 0.12549999999999994
vt 0.4103 0.12549999999999994
vt 0.3428 0.1473
vt 0.3472 0.12360000000000004
vt 0.2895 0.006700000000000039
vt 0.1784 0.0030999999999999917
vt 0.175 0.030100000000000016
vt 0.2895 0.006700000000000039
vt 0.175 0.030100000000000016
vt 0.2858 0.03169999999999995
vt 0.2858 0.03169999999999995
vt 0.175 0.030100000000000016
vt 0.2887 0.060699999999999976
vt 0.2858 0.03169999999999995
vt 0.2887 0.060699999999999976
vt 0.3418 0.0635
vt 0.3418 0.0635
vt 0.2887 0.060699999999999976
vt 0.3445 0.09160000000000001
vt 0.3418 0.0635
vt 0.3445 0.09160000000000001
vt 0.4076 0.08840000000000003
vt 0.4076 0.08840000000000003
vt 0.3445 0.09160000000000001
vt 0.4125 0.11160000000000003
vt 0.4076 0.08840000000000003
vt 0.4125 0.11160000000000003
vt 0.5509 0.08299999999999996
vt 0.5509 0.08299999999999996
vt 0.4125 0.11160000000000003
vt 0.5567 0.10809999999999997
vt 0.5509 0.08299999999999996
vt 0.5567 0.10809999999999997
vt 0.6329 0.08020000000000005
vt 0.6329 0.08020000000000005
vt 0.5567 0.10809999999999997
vt 0.6402 0.10099999999999998
vt 0.6329 0.08020000000000005
vt 0.6402 0.10099999999999998
vt 0.6632 0.07509999999999994
vt 0.6632 0.07509999999999994
vt 0.6402 0.10099999999999998
vt 0.6678 0.0928
vt 0.6632 0.07509999999999994
vt 0.6678 0.0928
vt 0.6402 0.10099999999999998
vt 0.6632 0.07509999999999994
vt 0.6402 0.10099999999999998
vt 0.6329 0.08020000000000005
vt 0.6329 0.08020000000000005
vt 0.6402 0.10099999999999998
vt 0.5567 0.10809999999999997
vt 0.6329 0.08020000000000005
vt 0.5567 0.10809999999999997
vt 0.5509 0.08299999999999996
vt 0.5509 0.08299999999999996
vt 0.5567 0.10809999999999997
vt 0.4125 0.11160000000000003
vt 0.5509 0.08299999999999996
vt 0.4125 0.11160000000000003
vt 0.4076 0.08840000000000003
vt 0.4076 0.08840000000000003
vt 0.4125 0.11160000000000003
vt 0.3445 0.09160000000000001
vt 0.4076 0.08840000000000003
vt 0.3445 0.09160000000000001
vt 0.3418 0.0635
vt 0.3418 0.0635
vt 0.3445 0.09160000000000001
vt 0.2887 0.060699999999999976
vt 0.3418 0.0635
vt 0.2887 0.060699999999999976
vt 0.2858 0.03169999999999995
vt 0.2858 0.03169999999999995
vt 0.2887 0.060699999999999976
vt 0.175 0.030100000000000016
vt 0.2858 0.03169999999999995
vt 0.175 0.030100000000000016
vt 0.2895 0.006700000000000039
vt 0.2895 0.006700000000000039
vt 0.175 0.030100000000000016
vt 0.1784 0.0030999999999999917
vt 0.4608 0.6393
vt 0.5382 0.6792
vt 0.526 0.6524
vt 0.4608 0.6393
vt 0.526 0.6524
vt 0.4738 0.5807
vt 0.4738 0.5807
vt 0.526 0.6524
vt 0.538 0.626
vt 0.4738 0.5807
vt 0.538 0.626
vt 0.5172 0.5477
vt 0.5172 0.5477
vt 0.538 0.626
vt 0.5599 0.6099
vt 0.5172 0.5477
vt 0.5599 0.6099
vt 0.5822 0.592
vt 0.5822 0.592
vt 0.5599 0.6099
vt 0.5862 0.6077
vt 0.5822 0.592
vt 0.5862 0.6077
vt 0.5599 0.6099
vt 0.5822 0.592
vt 0.5599 0.6099
vt 0.5172 0.5477
vt 0.5172 0.5477
vt 0.5599 0.6099
vt 0.538 0.626
vt 0.5172 0.5477
vt 0.538 0.626
vt 0.4738 0.5807
vt 0.4738 0.5807
vt 0.538 0.626
vt 0.526 0.6524
vt 0.4738 0.5807
vt 0.526 0.6524
vt 0.4608 0.6393
vt 0.4608 0.6393
vt 0.526 0.6524
vt 0.5382 0.6792
vt 0.4608 0.6393
vt 0.4738 0.5807
vt 0.3988 0.6327
vt 0.4608 0.6393
vt 0.3988 0.6327
vt 0.4165 0.7267
vt 0.4165 0.7267
vt 0.3988 0.6327
vt 0.3958 0.7298
vt 0.4165 0.7267
vt 0.3958 0.7298
vt 0.4191 0.796
vt 0.4191 0.796
vt 0.3958 0.7298
vt 0.4014 0.8046
vt 0.4191 0.796
vt 0.4014 0.8046
vt 0.4211 0.8398
vt 0.4211 0.8398
vt 0.4014 0.8046
vt 0.4026 0.8554
vt 0.4211 0.8398
vt 0.4026 0.8554
vt 0.4179 0.9189
vt 0.4179 0.9189
vt 0.4026 0.8554
vt 0.402 0.9261
vt 0.4179 0.9189
vt 0.402 0.9261
vt 0.4222 1
vt 0.4222 1
vt 0.402 0.9261
vt 0.4 0.9995
vt 0.4222 1
vt 0.4 0.9995
vt 0.402 0.9261
vt 0.4222 1
vt 0.402 0.9261
vt 0.4179 0.9189
vt 0.4179 0.9189
vt 0.402 0.9261
vt 0.4026 0.8554
vt 0.4179 0.9189
vt 0.4026 0.8554
vt 0.4211 0.8398
vt 0.4211 0.8398
vt 0.4026 0.8554
vt 0.4014 0.8046
vt 0.4211 0.8398
vt 0.4014 0.8046
vt 0.4191 0.796
vt 0.4191 0.796
vt 0.4014 0.8046
vt 0.3958 0.7298
vt 0.4191 0.796
vt 0.3958 0.7298
vt 0.4165 0.7267
vt 0.4165 0.7267
vt 0.3958 0.7298
vt 0.3988 0.6327
vt 0.4165 0.7267
vt 0.3988 0.6327
vt 0.4608 0.6393
vt 0.4608 0.6393
vt 0.3988 0.6327
vt 0.4738 0.5807
vt 0.5896 0.9655
vt 0.6037 0.9672
vt 0.6003 0.962
vt 0.6003 0.962
vt 0.6037 0.9672
vt 0.63 0.9741
vt 0.6003 0.962
vt 0.63 0.9741
vt 0.6043 0.9383
vt 0.6043 0.9383
vt 0.63 0.9741
vt 0.6408 0.9491
vt 0.6043 0.9383
vt 0.6408 0.9491
vt 0.6099 0.9066
vt 0.6099 0.9066
vt 0.6408 0.9491
vt 0.6477 0.9119
vt 0.6099 0.9066
vt 0.6477 0.9119
vt 0.614 0.8744
vt 0.614 0.8744
vt 0.6477 0.9119
vt 0.6546 0.8773
vt 0.614 0.8744
vt 0.6546 0.8773
vt 0.6533 0.8094
vt 0.6533 0.8094
vt 0.6546 0.8773
vt 0.7138 0.8081
vt 0.6533 0.8094
vt 0.7138 0.8081
vt 0.6506 0.7493
vt 0.6506 0.7493
vt 0.7138 0.8081
vt 0.708 0.7558
vt 0.6506 0.7493
vt 0.708 0.7558
vt 0.6509 0.7115
vt 0.6509 0.7115
vt 0.708 0.7558
vt 0.7072 0.7252
vt 0.6509 0.7115
vt 0.7072 0.7252
vt 0.6562 0.6247
vt 0.6562 0.6247
vt 0.7072 0.7252
vt 0.7116 0.6348
vt 0.6562 0.6247
vt 0.7116 0.6348
vt 0.6665 0.5357
vt 0.6665 0.5357
vt 0.7116 0.6348
vt 0.7257 0.5415
vt 0.6037 0.9672
vt 0.5896 0.9655
vt 0.6003 0.962
vt 0.6037 0.9672
vt 0.6003 0.962
vt 0.63 0.9741
vt 0.63 0.9741
vt 0.6003 0.962
vt 0.6043 0.9383
vt 0.63 0.9741
vt 0.6043 0.9383
vt 0.6408 0.9491
vt 0.6408 0.9491
vt 0.6043 0.9383
vt 0.6099 0.9066
vt 0.6408 0.9491
vt 0.6099 0.9066
vt 0.6477 0.9119
vt 0.6477 0.9119
vt 0.6099 0.9066
vt 0.614 0.8744
vt 0.6477 0.9119
vt 0.614 0.8744
vt 0.6546 0.8773
vt 0.6546 0.8773
vt 0.614 0.8744
vt 0.6533 0.8094
vt 0.6546 0.8773
vt 0.6533 0.8094
vt 0.7138 0.8081
vt 0.7138 0.8081
vt 0.6533 0.8094
vt 0.6506 0.7493
vt 0.7138 0.8081
vt 0.6506 0.7493
vt 0.708 0.7558
vt 0.708 0.7558
vt 0.6506 0.7493
vt 0.6509 0.7115
vt 0.708 0.7558
vt 0.6509 0.7115
vt 0.7072 0.7252
vt 0.7072 0.7252
vt 0.6509 0.7115
vt 0.6562 0.6247
vt 0.7072 0.7252
vt 0.6562 0.6247
vt 0.7116 0.6348
vt 0.7116 0.6348
vt 0.6562 0.6247
vt 0.6665 0.5357
vt 0.7116 0.6348
vt 0.6665 0.5357
vt 0.7257 0.5415
vt 0.8508 0.7603
vt 0.8661 0.7745
vt 0.8642 0.7536
vt 0.8508 0.7603
vt 0.8642 0.7536
vt 0.8524 0.7487
vt 0.8524 0.7487
vt 0.8642 0.7536
vt 0.8649 0.7304
vt 0.8524 0.7487
vt 0.8649 0.7304
vt 0.8482 0.7277
vt 0.8482 0.7277
vt 0.8649 0.7304
vt 0.8639 0.7172
vt 0.8482 0.7277
vt 0.8639 0.7172
vt 0.8549 0.6848
vt 0.8549 0.6848
vt 0.8639 0.7172
vt 0.8677 0.6826
vt 0.8549 0.6848
vt 0.8677 0.6826
vt 0.8653 0.648
vt 0.8653 0.648
vt 0.8677 0.6826
vt 0.8748 0.6509
vt 0.8653 0.648
vt 0.8748 0.6509
vt 0.8677 0.6826
vt 0.8653 0.648
vt 0.8677 0.6826
vt 0.8549 0.6848
vt 0.8549 0.6848
vt 0.8677 0.6826
vt 0.8639 0.7172
vt 0.8549 0.6848
vt 0.8639 0.7172
vt 0.8482 0.7277
vt 0.8482 0.7277
vt 0.8639 0.7172
vt 0.8649 0.7304
vt 0.8482 0.7277
vt 0.8649 0.7304
vt 0.8524 0.7487
vt 0.8524 0.7487
vt 0.8649 0.7304
vt 0.8642 0.7536
vt 0.8524 0.7487
vt 0.8642 0.7536
vt 0.8508 0.7603
vt 0.8508 0.7603
vt 0.8642 0.7536
vt 0.8661 0.7745
vt 0.8642 0.7536
vt 0.8661 0.7745
vt 0.8956 0.7479
vt 0.8642 0.7536
vt 0.8956 0.7479
vt 0.8649 0.7304
vt 0.8649 0.7304
vt 0.8956 0.7479
vt 0.8931 0.7261
vt 0.8649 0.7304
vt 0.8931 0.7261
vt 0.8639 0.7172
vt 0.8639 0.7172
vt 0.8931 0.7261
vt 0.8904 0.7118
vt 0.8639 0.7172
vt 0.8904 0.7118
vt 0.8677 0.6826
vt 0.8677 0.6826
vt 0.8904 0.7118
vt 0.882 0.679
vt 0.8677 0.6826
vt 0.882 0.679
vt 0.8748 0.6509
vt 0.8661 0.7745
vt 0.8642 0.7536
vt 0.8956 0.7479
vt 0.8956 0.7479
vt 0.8642 0.7536
vt 0.8649 0.7304
vt 0.8956 0.7479
vt 0.8649 0.7304
vt 0.8931 0.7261
vt 0.8931 0.7261
vt 0.8649 0.7304
vt 0.8639 0.7172
vt 0.8931 0.7261
vt 0.8639 0.7172
vt 0.8904 0.7118
vt 0.8904 0.7118
vt 0.8639 0.7172
vt 0.8677 0.6826
vt 0.8904 0.7118
vt 0.8677 0.6826
vt 0.882 0.679
vt 0.882 0.679
vt 0.8677 0.6826
vt 0.8748 0.6509
vt 0.8956 0.7479
vt 0.8661 0.7745
vt 0.8769 0.7844
vt 0.8769 0.7844
vt 0.8661 0.7745
vt 0.8956 0.7479
vt 0.8646 0.9237
vt 0.8738 0.9207
vt 0.8596 0.9093
vt 0.8596 0.9093
vt 0.8738 0.9207
vt 0.8708 0.906
vt 0.8596 0.9093
vt 0.8708 0.906
vt 0.8541 0.8848
vt 0.8541 0.8848
vt 0.8708 0.906
vt 0.8662 0.8825
vt 0.8541 0.8848
vt 0.8662 0.8825
vt 0.8462 0.8328
vt 0.8462 0.8328
vt 0.8662 0.8825
vt 0.8626 0.8352
vt 0.8462 0.8328
vt 0.8626 0.8352
vt 0.8661 0.7745
vt 0.8661 0.7745
vt 0.8626 0.8352
vt 0.8769 0.7844
vt 0.8738 0.9207
vt 0.8646 0.9237
vt 0.8596 0.9093
vt 0.8738 0.9207
vt 0.8596 0.9093
vt 0.8708 0.906
vt 0.8708 0.906
vt 0.8596 0.9093
vt 0.8541 0.8848
vt 0.8708 0.906
vt 0.8541 0.8848
vt 0.8662 0.8825
vt 0.8662 0.8825
vt 0.8541 0.8848
vt 0.8462 0.8328
vt 0.8662 0.8825
vt 0.8462 0.8328
vt 0.8626 0.8352
vt 0.8626 0.8352
vt 0.8462 0.8328
vt 0.8661 0.7745
vt 0.8626 0.8352
vt 0.8661 0.7745
vt 0.8769 0.7844
vt 0.8976 0.7568
vt 0.912 0.7663
vt 0.8957 0.7929
vt 0.8976 0.7568
vt 0.8957 0.7929
vt 0.8769 0.7844
vt 0.8769 0.7844
vt 0.8957 0.7929
vt 0.8839 0.8405
vt 0.8769 0.7844
vt 0.8839 0.8405
vt 0.8626 0.8352
vt 0.8626 0.8352
vt 0.8839 0.8405
vt 0.8839 0.8776
vt 0.8626 0.8352
vt 0.8839 0.8776
vt 0.8662 0.8825
vt 0.8662 0.8825
vt 0.8839 0.8776
vt 0.8858 0.9053
vt 0.8662 0.8825
vt 0.8858 0.9053
vt 0.8708 0.906
vt 0.8708 0.906
vt 0.8858 0.9053
vt 0.8877 0.9193
vt 0.8708 0.906
vt 0.8877 0.9193
vt 0.8738 0.9207
vt 0.912 0.7663
vt 0.8976 0.7568
vt 0.8957 0.7929
vt 0.8957 0.7929
vt 0.8976 0.7568
vt 0.8769 0.7844
vt 0.8957 0.7929
vt 0.8769 0.7844
vt 0.8839 0.8405
vt 0.8839 0.8405
vt 0.8769 0.7844
vt 0.8626 0.8352
vt 0.8839 0.8405
vt 0.8626 0.8352
vt 0.8839 0.8776
vt 0.8839 0.8776
vt 0.8626 0.8352
vt 0.8662 0.8825
vt 0.8839 0.8776
vt 0.8662 0.8825
vt 0.8858 0.9053
vt 0.8858 0.9053
vt 0.8662 0.8825
vt 0.8708 0.906
vt 0.8858 0.9053
vt 0.8708 0.906
vt 0.8877 0.9193
vt 0.8877 0.9193
vt 0.8708 0.906
vt 0.8738 0.9207
vt 0.5276 0.2931
vt 0.5277 0.28570000000000007
vt 0.5196 0.2942
vt 0.5196 0.2942
vt 0.5277 0.28570000000000007
vt 0.5197 0.2854
vt 0.5196 0.2942
vt 0.5197 0.2854
vt 0.5087 0.29499999999999993
vt 0.5087 0.29499999999999993
vt 0.5197 0.2854
vt 0.5055 0.28679999999999994
vt 0.5087 0.29499999999999993
vt 0.5055 0.28679999999999994
vt 0.4906 0.3005
vt 0.4906 0.3005
vt 0.5055 0.28679999999999994
vt 0.4898 0.2912
vt 0.4906 0.3005
vt 0.4898 0.2912
vt 0.4723 0.3010999999999999
vt 0.4723 0.3010999999999999
vt 0.4898 0.2912
vt 0.4705 0.2921
vt 0.4723 0.3010999999999999
vt 0.4705 0.2921
vt 0.4587 0.30390000000000006
vt 0.4587 0.30390000000000006
vt 0.4705 0.2921
vt 0.4565 0.2974
vt 0.5277 0.28570000000000007
vt 0.5276 0.2931
vt 0.5196 0.2942
vt 0.5277 0.28570000000000007
vt 0.5196 0.2942
vt 0.5197 0.2854
vt 0.5197 0.2854
vt 0.5196 0.2942
vt 0.5087 0.29499999999999993
vt 0.5197 0.2854
vt 0.5087 0.29499999999999993
vt 0.5055 0.28679999999999994
vt 0.5055 0.28679999999999994
vt 0.5087 0.29499999999999993
vt 0.4906 0.3005
vt 0.5055 0.28679999999999994
vt 0.4906 0.3005
vt 0.4898 0.2912
vt 0.4898 0.2912
vt 0.4906 0.3005
vt 0.4723 0.3010999999999999
vt 0.4898 0.2912
vt 0.4723 0.3010999999999999
vt 0.4705 0.2921
vt 0.4705 0.2921
vt 0.4723 0.3010999999999999
vt 0.4587 0.30390000000000006
vt 0.4705 0.2921
vt 0.4587 0.30390000000000006
vt 0.4565 0.2974
vt 0.4587 0.30390000000000006
vt 0.4592 0.30590000000000006
vt 0.4723 0.3010999999999999
vt 0.4723 0.3010999999999999
vt 0.4592 0.30590000000000006
vt 0.4732 0.30279999999999996
vt 0.4723 0.3010999999999999
vt 0.4732 0.30279999999999996
vt 0.4906 0.3005
vt 0.4906 0.3005
vt 0.4732 0.30279999999999996
vt 0.4917 0.30279999999999996
vt 0.4906 0.3005
vt 0.4917 0.30279999999999996
vt 0.5087 0.29499999999999993
vt 0.5087 0.29499999999999993
vt 0.4917 0.30279999999999996
vt 0.5086 0.29679999999999995
vt 0.5087 0.29499999999999993
vt 0.5086 0.29679999999999995
vt 0.5196 0.2942
vt 0.5196 0.2942
vt 0.5086 0.29679999999999995
vt 0.5195 0.2955
vt 0.5196 0.2942
vt 0.5195 0.2955
vt 0.5276 0.2931
vt 0.5276 0.2931
vt 0.5195 0.2955
vt 0.5277 0.29410000000000003
vt 0.4592 0.30590000000000006
vt 0.4587 0.30390000000000006
vt 0.4723 0.3010999999999999
vt 0.4592 0.30590000000000006
vt 0.4723 0.3010999999999999
vt 0.4732 0.30279999999999996
vt 0.4732 0.30279999999999996
vt 0.4723 0.3010999999999999
vt 0.4906 0.3005
vt 0.4732 0.30279999999999996
vt 0.4906 0.3005
vt 0.4917 0.30279999999999996
vt 0.4917 0.30279999999999996
vt 0.4906 0.3005
vt 0.5087 0.29499999999999993
vt 0.4917 0.30279999999999996
vt 0.5087 0.29499999999999993
vt 0.5086 0.29679999999999995
vt 0.5086 0.29679999999999995
vt 0.5087 0.29499999999999993
vt 0.5196 0.2942
vt 0.5086 0.29679999999999995
vt 0.5196 0.2942
vt 0.5195 0.2955
vt 0.5195 0.2955
vt 0.5196 0.2942
vt 0.5276 0.2931
vt 0.5195 0.2955
vt 0.5276 0.2931
vt 0.5277 0.29410000000000003
vt 0.4571 0.2955
vt 0.4513 0.2875
vt 0.4565 0.2974
vt 0.4571 0.2955
vt 0.4565 0.2974
vt 0.4721 0.2896000000000001
vt 0.4721 0.2896000000000001
vt 0.4565 0.2974
vt 0.4705 0.2921
vt 0.4721 0.2896000000000001
vt 0.4705 0.2921
vt 0.4898 0.2889999999999999
vt 0.4898 0.2889999999999999
vt 0.4705 0.2921
vt 0.4898 0.2912
vt 0.4898 0.2889999999999999
vt 0.4898 0.2912
vt 0.5043 0.2851
vt 0.5043 0.2851
vt 0.4898 0.2912
vt 0.5055 0.28679999999999994
vt 0.5043 0.2851
vt 0.5055 0.28679999999999994
vt 0.5193 0.2836000000000001
vt 0.5193 0.2836000000000001
vt 0.5055 0.28679999999999994
vt 0.5197 0.2854
vt 0.5193 0.2836000000000001
vt 0.5197 0.2854
vt 0.5277 0.2841
vt 0.5277 0.2841
vt 0.5197 0.2854
vt 0.5277 0.28570000000000007
vt 0.5277 0.2841
vt 0.5277 0.28570000000000007
vt 0.5197 0.2854
vt 0.5277 0.2841
vt 0.5197 0.2854
vt 0.5193 0.2836000000000001
vt 0.5193 0.2836000000000001
vt 0.5197 0.2854
vt 0.5055 0.28679999999999994
vt 0.5193 0.2836000000000001
vt 0.5055 0.28679999999999994
vt 0.5043 0.2851
vt 0.5043 0.2851
vt 0.5055 0.28679999999999994
vt 0.4898 0.2912
vt 0.5043 0.2851
vt 0.4898 0.2912
vt 0.4898 0.2889999999999999
vt 0.4898 0.2889999999999999
vt 0.4898 0.2912
vt 0.4705 0.2921
vt 0.4898 0.2889999999999999
vt 0.4705 0.2921
vt 0.4721 0.2896000000000001
vt 0.4721 0.2896000000000001
vt 0.4705 0.2921
vt 0.4565 0.2974
vt 0.4721 0.2896000000000001
vt 0.4565 0.2974
vt 0.4571 0.2955
vt 0.4571 0.2955
vt 0.4565 0.2974
vt 0.4513 0.2875
vt 0.4721 0.2896000000000001
vt 0.4901 0.2869999999999999
vt 0.4696 0.2882
vt 0.4721 0.2896000000000001
vt 0.4696 0.2882
vt 0.4571 0.2955
vt 0.4571 0.2955
vt 0.4696 0.2882
vt 0.4562 0.29380000000000006
vt 0.4571 0.2955
vt 0.4562 0.29380000000000006
vt 0.4696 0.2882
vt 0.4571 0.2955
vt 0.4696 0.2882
vt 0.4721 0.2896000000000001
vt 0.4721 0.2896000000000001
vt 0.4696 0.2882
vt 0.4901 0.2869999999999999
vt 0.5214 0.26750000000000007
vt 0.5208 0.2663
vt 0.5127 0.27259999999999995
vt 0.5127 0.27259999999999995
vt 0.5208 0.2663
vt 0.5121 0.2713
vt 0.5127 0.27259999999999995
vt 0.5121 0.2713
vt 0.5011 0.27469999999999994
vt 0.5011 0.27469999999999994
vt 0.5121 0.2713
vt 0.5003 0.2731
vt 0.5011 0.27469999999999994
vt 0.5003 0.2731
vt 0.4813 0.2743
vt 0.4813 0.2743
vt 0.5003 0.2731
vt 0.4815 0.27170000000000005
vt 0.4813 0.2743
vt 0.4815 0.27170000000000005
vt 0.4597 0.2733
vt 0.4597 0.2733
vt 0.4815 0.27170000000000005
vt 0.4616 0.2715000000000001
vt 0.4597 0.2733
vt 0.4616 0.2715000000000001
vt 0.4441 0.2682
vt 0.4441 0.2682
vt 0.4616 0.2715000000000001
vt 0.4451 0.2663
vt 0.5208 0.2663
vt 0.5214 0.26750000000000007
vt 0.5127 0.27259999999999995
vt 0.5208 0.2663
vt 0.5127 0.27259999999999995
vt 0.5121 0.2713
vt 0.5121 0.2713
vt 0.5127 0.27259999999999995
vt 0.5011 0.27469999999999994
vt 0.5121 0.2713
vt 0.5011 0.27469999999999994
vt 0.5003 0.2731
vt 0.5003 0.2731
vt 0.5011 0.27469999999999994
vt 0.4813 0.2743
vt 0.5003 0.2731
vt 0.4813 0.2743
vt 0.4815 0.27170000000000005
vt 0.4815 0.27170000000000005
vt 0.4813 0.2743
vt 0.4597 0.2733
vt 0.4815 0.27170000000000005
vt 0.4597 0.2733
vt 0.4616 0.2715000000000001
vt 0.4616 0.2715000000000001
vt 0.4597 0.2733
vt 0.4441 0.2682
vt 0.4616 0.2715000000000001
vt 0.4441 0.2682
vt 0.4451 0.2663
vt 0.5249 0.274
vt 0.5214 0.26750000000000007
vt 0.5127 0.27259999999999995
vt 0.5249 0.274
vt 0.5127 0.27259999999999995
vt 0.5157 0.27859999999999996
vt 0.5157 0.27859999999999996
vt 0.5127 0.27259999999999995
vt 0.5011 0.27469999999999994
vt 0.5157 0.27859999999999996
vt 0.5011 0.27469999999999994
vt 0.5002 0.28190000000000004
vt 0.5002 0.28190000000000004
vt 0.5011 0.27469999999999994
vt 0.4813 0.2743
vt 0.5002 0.28190000000000004
vt 0.4813 0.2743
vt 0.4827 0.28190000000000004
vt 0.4827 0.28190000000000004
vt 0.4813 0.2743
vt 0.4597 0.2733
vt 0.4827 0.28190000000000004
vt 0.4597 0.2733
vt 0.4587 0.2808999999999999
vt 0.4587 0.2808999999999999
vt 0.4597 0.2733
vt 0.4441 0.2682
vt 0.4587 0.2808999999999999
vt 0.4441 0.2682
vt 0.4425 0.2755000000000001
vt 0.5214 0.26750000000000007
vt 0.5249 0.274
vt 0.5127 0.27259999999999995
vt 0.5127 0.27259999999999995
vt 0.5249 0.274
vt 0.5157 0.27859999999999996
vt 0.5127 0.27259999999999995
vt 0.5157 0.27859999999999996
vt 0.5011 0.27469999999999994
vt 0.5011 0.27469999999999994
vt 0.5157 0.27859999999999996
vt 0.5002 0.28190000000000004
vt 0.5011 0.27469999999999994
vt 0.5002 0.28190000000000004
vt 0.4813 0.2743
vt 0.4813 0.2743
vt 0.5002 0.28190000000000004
vt 0.4827 0.28190000000000004
vt 0.4813 0.2743
vt 0.4827 0.28190000000000004
vt 0.4597 0.2733
vt 0.4597 0.2733
vt 0.4827 0.28190000000000004
vt 0.4587 0.2808999999999999
vt 0.4597 0.2733
vt 0.4587 0.2808999999999999
vt 0.4441 0.2682
vt 0.4441 0.2682
vt 0.4587 0.2808999999999999
vt 0.4425 0.2755000000000001
vt 0.4539 0.28679999999999994
vt 0.4542 0.2874
vt 0.4552 0.2855
vt 0.4539 0.28679999999999994
vt 0.4552 0.2855
vt 0.4548 0.28489999999999993
vt 0.4552 0.2855
vt 0.4542 0.2874
vt 0.4539 0.28679999999999994
vt 0.4552 0.2855
vt 0.4539 0.28679999999999994
vt 0.4548 0.28489999999999993
vt 0.4434 0.28190000000000004
vt 0.4425 0.2823
vt 0.4456 0.2889999999999999
vt 0.4434 0.28190000000000004
vt 0.4456 0.2889999999999999
vt 0.4548 0.28489999999999993
vt 0.4548 0.28489999999999993
vt 0.4456 0.2889999999999999
vt 0.4539 0.28679999999999994
vt 0.4548 0.28489999999999993
vt 0.4539 0.28679999999999994
vt 0.4456 0.2889999999999999
vt 0.4548 0.28489999999999993
vt 0.4456 0.2889999999999999
vt 0.4434 0.28190000000000004
vt 0.4434 0.28190000000000004
vt 0.4456 0.2889999999999999
vt 0.4425 0.2823
vt 0.4571 0.2955
vt 0.4576 0.2963
vt 0.4641 0.2933
vt 0.4571 0.2955
vt 0.4641 0.2933
vt 0.4542 0.2874
vt 0.4542 0.2874
vt 0.4641 0.2933
vt 0.4552 0.2855
vt 0.4542 0.2874
vt 0.4552 0.2855
vt 0.4641 0.2933
vt 0.4542 0.2874
vt 0.4641 0.2933
vt 0.4571 0.2955
vt 0.4571 0.2955
vt 0.4641 0.2933
vt 0.4576 0.2963
vt 0.7257 1
vt 0.7297 0.9994
vt 0.7299 0.9734
vt 0.7257 1
vt 0.7299 0.9734
vt 0.7258 0.9737
vt 0.7258 0.9737
vt 0.7299 0.9734
vt 0.7297 0.9421
vt 0.7258 0.9737
vt 0.7297 0.9421
vt 0.7257 0.9426
vt 0.7257 0.9426
vt 0.7297 0.9421
vt 0.7298 0.912
vt 0.7257 0.9426
vt 0.7298 0.912
vt 0.7257 0.9114
vt 0.7297 0.9994
vt 0.7257 1
vt 0.7299 0.9734
vt 0.7299 0.9734
vt 0.7257 1
vt 0.7258 0.9737
vt 0.7299 0.9734
vt 0.7258 0.9737
vt 0.7297 0.9421
vt 0.7297 0.9421
vt 0.7258 0.9737
vt 0.7257 0.9426
vt 0.7297 0.9421
vt 0.7257 0.9426
vt 0.7298 0.912
vt 0.7298 0.912
vt 0.7257 0.9426
vt 0.7257 0.9114
vt 0.727 0.6241
vt 0.7337 0.6238
vt 0.7344 0.5889
vt 0.727 0.6241
vt 0.7344 0.5889
vt 0.7257 0.5893
vt 0.7257 0.5893
vt 0.7344 0.5889
vt 0.7333 0.5357
vt 0.7257 0.5893
vt 0.7333 0.5357
vt 0.7257 0.5402
vt 0.7337 0.6238
vt 0.727 0.6241
vt 0.7344 0.5889
vt 0.7344 0.5889
vt 0.727 0.6241
vt 0.7257 0.5893
vt 0.7344 0.5889
vt 0.7257 0.5893
vt 0.7333 0.5357
vt 0.7333 0.5357
vt 0.7257 0.5893
vt 0.7257 0.5402
vt 0.6799 0.4101
vt 0.6865 0.4102
vt 0.6873 0.37549999999999994
vt 0.6799 0.4101
vt 0.6873 0.37549999999999994
vt 0.6787 0.37529999999999997
vt 0.6787 0.37529999999999997
vt 0.6873 0.37549999999999994
vt 0.6863 0.3272999999999999
vt 0.6787 0.37529999999999997
vt 0.6863 0.3272999999999999
vt 0.6787 0.32299999999999995
vt 0.6865 0.4102
vt 0.6799 0.4101
vt 0.6873 0.37549999999999994
vt 0.6873 0.37549999999999994
vt 0.6799 0.4101
vt 0.6787 0.37529999999999997
vt 0.6873 0.37549999999999994
vt 0.6787 0.37529999999999997
vt 0.6863 0.3272999999999999
vt 0.6863 0.3272999999999999
vt 0.6787 0.37529999999999997
vt 0.6787 0.32299999999999995
vt 0.8627 0.627
vt 0.8253 0.659
vt 0.8486 0.6881
vt 0.8486 0.6881
vt 0.8253 0.659
vt 0.7946 0.6951
vt 0.8486 0.6881
vt 0.7946 0.6951
vt 0.842 0.7307
vt 0.842 0.7307
vt 0.7946 0.6951
vt 0.8263 0.7354
vt 0.842 0.7307
vt 0.8263 0.7354
vt 0.8447 0.7517
vt 0.8447 0.7517
vt 0.8263 0.7354
vt 0.8122 0.7695
vt 0.8447 0.7517
vt 0.8122 0.7695
vt 0.8463 0.7683
vt 0.8463 0.7683
vt 0.8122 0.7695
vt 0.7946 0.8251
vt 0.8463 0.7683
vt 0.7946 0.8251
vt 0.8245 0.8293
vt 0.8245 0.8293
vt 0.7946 0.8251
vt 0.8093 0.8845
vt 0.8245 0.8293
vt 0.8093 0.8845
vt 0.8347 0.8877
vt 0.8347 0.8877
vt 0.8093 0.8845
vt 0.8284 0.9243
vt 0.8347 0.8877
vt 0.8284 0.9243
vt 0.8449 0.9148
vt 0.8449 0.9148
vt 0.8284 0.9243
vt 0.8476 0.9439
vt 0.8449 0.9148
vt 0.8476 0.9439
vt 0.8523 0.9233
vt 0.8523 0.9233
vt 0.8476 0.9439
vt 0.8564 0.9526
vt 0.8253 0.659
vt 0.8627 0.627
vt 0.8486 0.6881
vt 0.8253 0.659
vt 0.8486 0.6881
vt 0.7946 0.6951
vt 0.7946 0.6951
vt 0.8486 0.6881
vt 0.842 0.7307
vt 0.7946 0.6951
vt 0.842 0.7307
vt 0.8263 0.7354
vt 0.8263 0.7354
vt 0.842 0.7307
vt 0.8447 0.7517
vt 0.8263 0.7354
vt 0.8447 0.7517
vt 0.8122 0.7695
vt 0.8122 0.7695
vt 0.8447 0.7517
vt 0.8463 0.7683
vt 0.8122 0.7695
vt 0.8463 0.7683
vt 0.7946 0.8251
vt 0.7946 0.8251
vt 0.8463 0.7683
vt 0.8245 0.8293
vt 0.7946 0.8251
vt 0.8245 0.8293
vt 0.8093 0.8845
vt 0.8093 0.8845
vt 0.8245 0.8293
vt 0.8347 0.8877
vt 0.8093 0.8845
vt 0.8347 0.8877
vt 0.8284 0.9243
vt 0.8284 0.9243
vt 0.8347 0.8877
vt 0.8449 0.9148
vt 0.8284 0.9243
vt 0.8449 0.9148
vt 0.8476 0.9439
vt 0.8476 0.9439
vt 0.8449 0.9148
vt 0.8523 0.9233
vt 0.8476 0.9439
vt 0.8523 0.9233
vt 0.8564 0.9526
vt 0.63 0.9741
vt 0.6037 0.9672
vt 0.6336 0.9806
vt 0.63 0.9741
vt 0.6336 0.9806
vt 0.6639 0.9934
vt 0.6639 0.9934
vt 0.6336 0.9806
vt 0.6668 1
vt 0.63 0.9741
vt 0.6408 0.9491
vt 0.6639 0.9934
vt 0.63 0.9741
vt 0.6639 0.9934
vt 0.6336 0.9806
vt 0.6336 0.9806
vt 0.6639 0.9934
vt 0.6668 1
vt 0.5797 0.5609
vt 0.5828 0.5545
vt 0.5448 0.5429
vt 0.5448 0.5429
vt 0.5828 0.5545
vt 0.5513 0.5277
vt 0.5448 0.5429
vt 0.5513 0.5277
vt 0.5172 0.5477
vt 0.5172 0.5477
vt 0.5513 0.5277
vt 0.5178 0.54
vt 0.5797 0.5609
vt 0.5822 0.592
vt 0.5448 0.5429
vt 0.5448 0.5429
vt 0.5822 0.592
vt 0.5172 0.5477
vt 0.5448 0.5429
vt 0.5172 0.5477
vt 0.5513 0.5277
vt 0.5513 0.5277
vt 0.5172 0.5477
vt 0.5178 0.54
vt 0.8245 0.8293
vt 0.8326 0.8353
vt 0.8463 0.7683
vt 0.8463 0.7683
vt 0.8326 0.8353
vt 0.8557 0.7688
vt 0.8463 0.7683
vt 0.8557 0.7688
vt 0.8481 0.7608
vt 0.8481 0.7608
vt 0.8557 0.7688
vt 0.8508 0.7603
vt 0.8481 0.7608
vt 0.8508 0.7603
vt 0.8447 0.7517
vt 0.8447 0.7517
vt 0.8508 0.7603
vt 0.8524 0.7487
vt 0.8447 0.7517
vt 0.8524 0.7487
vt 0.842 0.7307
vt 0.842 0.7307
vt 0.8524 0.7487
vt 0.8482 0.7277
vt 0.842 0.7307
vt 0.8482 0.7277
vt 0.8486 0.6881
vt 0.8486 0.6881
vt 0.8482 0.7277
vt 0.8549 0.6848
vt 0.8486 0.6881
vt 0.8549 0.6848
vt 0.8627 0.627
vt 0.8627 0.627
vt 0.8549 0.6848
vt 0.8653 0.648
vt 0.8326 0.8353
vt 0.8245 0.8293
vt 0.8463 0.7683
vt 0.8326 0.8353
vt 0.8463 0.7683
vt 0.8557 0.7688
vt 0.8557 0.7688
vt 0.8463 0.7683
vt 0.8481 0.7608
vt 0.8557 0.7688
vt 0.8481 0.7608
vt 0.8508 0.7603
vt 0.8508 0.7603
vt 0.8481 0.7608
vt 0.8447 0.7517
vt 0.8508 0.7603
vt 0.8447 0.7517
vt 0.8524 0.7487
vt 0.8524 0.7487
vt 0.8447 0.7517
vt 0.842 0.7307
vt 0.8524 0.7487
vt 0.842 0.7307
vt 0.8482 0.7277
vt 0.8482 0.7277
vt 0.842 0.7307
vt 0.8486 0.6881
vt 0.8482 0.7277
vt 0.8486 0.6881
vt 0.8549 0.6848
vt 0.8549 0.6848
vt 0.8486 0.6881
vt 0.8627 0.627
vt 0.8549 0.6848
vt 0.8627 0.627
vt 0.8653 0.648
vt 0.8558 0.9265
vt 0.8646 0.9237
vt 0.8519 0.9149
vt 0.8558 0.9265
vt 0.8519 0.9149
vt 0.8449 0.9148
vt 0.8449 0.9148
vt 0.8519 0.9149
vt 0.8347 0.8877
vt 0.8449 0.9148
vt 0.8347 0.8877
vt 0.8519 0.9149
vt 0.8449 0.9148
vt 0.8519 0.9149
vt 0.8558 0.9265
vt 0.8558 0.9265
vt 0.8519 0.9149
vt 0.8646 0.9237
vt 0.8541 0.8848
vt 0.8462 0.8328
vt 0.8326 0.8353
vt 0.8541 0.8848
vt 0.8326 0.8353
vt 0.842 0.894
vt 0.842 0.894
vt 0.8326 0.8353
vt 0.8245 0.8293
vt 0.842 0.894
vt 0.8245 0.8293
vt 0.8347 0.8877
vt 0.8462 0.8328
vt 0.8541 0.8848
vt 0.8326 0.8353
vt 0.8326 0.8353
vt 0.8541 0.8848
vt 0.842 0.894
vt 0.8326 0.8353
vt 0.842 0.894
vt 0.8245 0.8293
vt 0.8245 0.8293
vt 0.842 0.894
vt 0.8347 0.8877
vt 0.689 0.028900000000000037
vt 0.6761 0.016000000000000014
vt 0.6826 0.041100000000000025
vt 0.6826 0.041100000000000025
vt 0.6761 0.016000000000000014
vt 0.669 0.031399999999999983
vt 0.6826 0.041100000000000025
vt 0.669 0.031399999999999983
vt 0.6801 0.05610000000000004
vt 0.6801 0.05610000000000004
vt 0.669 0.031399999999999983
vt 0.6655 0.05020000000000002
vt 0.6801 0.05610000000000004
vt 0.6655 0.05020000000000002
vt 0.6805 0.07069999999999999
vt 0.6805 0.07069999999999999
vt 0.6655 0.05020000000000002
vt 0.6632 0.07509999999999994
vt 0.6805 0.07069999999999999
vt 0.6632 0.07509999999999994
vt 0.6834 0.08399999999999996
vt 0.6834 0.08399999999999996
vt 0.6632 0.07509999999999994
vt 0.6678 0.0928
vt 0.6761 0.016000000000000014
vt 0.689 0.028900000000000037
vt 0.6826 0.041100000000000025
vt 0.6761 0.016000000000000014
vt 0.6826 0.041100000000000025
vt 0.669 0.031399999999999983
vt 0.669 0.031399999999999983
vt 0.6826 0.041100000000000025
vt 0.6801 0.05610000000000004
vt 0.669 0.031399999999999983
vt 0.6801 0.05610000000000004
vt 0.6655 0.05020000000000002
vt 0.6655 0.05020000000000002
vt 0.6801 0.05610000000000004
vt 0.6805 0.07069999999999999
vt 0.6655 0.05020000000000002
vt 0.6805 0.07069999999999999
vt 0.6632 0.07509999999999994
vt 0.6632 0.07509999999999994
vt 0.6805 0.07069999999999999
vt 0.6834 0.08399999999999996
vt 0.6632 0.07509999999999994
vt 0.6834 0.08399999999999996
vt 0.6678 0.0928
vt 0.6762 0.21489999999999998
vt 0.6888 0.2015
vt 0.6688 0.1996
vt 0.6688 0.1996
vt 0.6888 0.2015
vt 0.6822 0.1896
vt 0.6688 0.1996
vt 0.6822 0.1896
vt 0.6647 0.18079999999999996
vt 0.6647 0.18079999999999996
vt 0.6822 0.1896
vt 0.6792 0.1745
vt 0.6647 0.18079999999999996
vt 0.6792 0.1745
vt 0.6619 0.15569999999999995
vt 0.6619 0.15569999999999995
vt 0.6792 0.1745
vt 0.6793 0.15969999999999995
vt 0.6619 0.15569999999999995
vt 0.6793 0.15969999999999995
vt 0.666 0.13790000000000002
vt 0.666 0.13790000000000002
vt 0.6793 0.15969999999999995
vt 0.6819 0.14639999999999997
vt 0.6888 0.2015
vt 0.6762 0.21489999999999998
vt 0.6688 0.1996
vt 0.6888 0.2015
vt 0.6688 0.1996
vt 0.6822 0.1896
vt 0.6822 0.1896
vt 0.6688 0.1996
vt 0.6647 0.18079999999999996
vt 0.6822 0.1896
vt 0.6647 0.18079999999999996
vt 0.6792 0.1745
vt 0.6792 0.1745
vt 0.6647 0.18079999999999996
vt 0.6619 0.15569999999999995
vt 0.6792 0.1745
vt 0.6619 0.15569999999999995
vt 0.6793 0.15969999999999995
vt 0.6793 0.15969999999999995
vt 0.6619 0.15569999999999995
vt 0.666 0.13790000000000002
vt 0.6793 0.15969999999999995
vt 0.666 0.13790000000000002
vt 0.6819 0.14639999999999997
vt 0.7194 0.11709999999999998
vt 0.7233 0.13219999999999998
vt 0.7251 0.11829999999999996
vt 0.7194 0.11709999999999998
vt 0.7251 0.11829999999999996
vt 0.722 0.10350000000000004
vt 0.722 0.10350000000000004
vt 0.7251 0.11829999999999996
vt 0.7279 0.10699999999999998
vt 0.722 0.10350000000000004
vt 0.7279 0.10699999999999998
vt 0.7289 0.09499999999999997
vt 0.7289 0.09499999999999997
vt 0.7279 0.10699999999999998
vt 0.732 0.09919999999999995
vt 0.7194 0.11709999999999998
vt 0.722 0.10350000000000004
vt 0.7251 0.11829999999999996
vt 0.7194 0.11709999999999998
vt 0.7251 0.11829999999999996
vt 0.7233 0.13219999999999998
vt 0.7289 0.09499999999999997
vt 0.732 0.09919999999999995
vt 0.7279 0.10699999999999998
vt 0.7289 0.09499999999999997
vt 0.7279 0.10699999999999998
vt 0.722 0.10350000000000004
vt 0.722 0.10350000000000004
vt 0.7279 0.10699999999999998
vt 0.7251 0.11829999999999996
vt 0.7146 0.13229999999999997
vt 0.7224 0.14539999999999997
vt 0.7233 0.13219999999999998
vt 0.7146 0.13229999999999997
vt 0.7233 0.13219999999999998
vt 0.7194 0.11709999999999998
vt 0.7146 0.13229999999999997
vt 0.7194 0.11709999999999998
vt 0.7233 0.13219999999999998
vt 0.7146 0.13229999999999997
vt 0.7233 0.13219999999999998
vt 0.7224 0.14539999999999997
vt 0.7219 0.18779999999999997
vt 0.7324 0.19269999999999998
vt 0.7283 0.18430000000000002
vt 0.7219 0.18779999999999997
vt 0.7283 0.18430000000000002
vt 0.7198 0.17389999999999994
vt 0.7198 0.17389999999999994
vt 0.7283 0.18430000000000002
vt 0.7256 0.17259999999999998
vt 0.7198 0.17389999999999994
vt 0.7256 0.17259999999999998
vt 0.7146 0.15870000000000006
vt 0.7224 0.14539999999999997
vt 0.7146 0.13229999999999997
vt 0.715 0.14549999999999996
vt 0.7224 0.14539999999999997
vt 0.715 0.14549999999999996
vt 0.7235 0.15859999999999996
vt 0.7235 0.15859999999999996
vt 0.715 0.14549999999999996
vt 0.7146 0.15870000000000006
vt 0.7235 0.15859999999999996
vt 0.7146 0.15870000000000006
vt 0.7256 0.17259999999999998
vt 0.7324 0.19269999999999998
vt 0.7219 0.18779999999999997
vt 0.7283 0.18430000000000002
vt 0.7283 0.18430000000000002
vt 0.7219 0.18779999999999997
vt 0.7198 0.17389999999999994
vt 0.7283 0.18430000000000002
vt 0.7198 0.17389999999999994
vt 0.7256 0.17259999999999998
vt 0.7256 0.17259999999999998
vt 0.7198 0.17389999999999994
vt 0.7146 0.15870000000000006
vt 0.7146 0.13229999999999997
vt 0.7224 0.14539999999999997
vt 0.715 0.14549999999999996
vt 0.715 0.14549999999999996
vt 0.7224 0.14539999999999997
vt 0.7235 0.15859999999999996
vt 0.715 0.14549999999999996
vt 0.7235 0.15859999999999996
vt 0.7146 0.15870000000000006
vt 0.7146 0.15870000000000006
vt 0.7235 0.15859999999999996
vt 0.7256 0.17259999999999998
vt 0.7661 0.17480000000000007
vt 0.7744 0.17220000000000002
vt 0.7622 0.1724
vt 0.7661 0.17480000000000007
vt 0.7622 0.1724
vt 0.7622 0.17620000000000002
vt 0.7622 0.17620000000000002
vt 0.7622 0.1724
vt 0.7563 0.16890000000000005
vt 0.7622 0.17620000000000002
vt 0.7563 0.16890000000000005
vt 0.7554 0.17869999999999997
vt 0.7554 0.17869999999999997
vt 0.7563 0.16890000000000005
vt 0.7449 0.18210000000000004
vt 0.7554 0.17869999999999997
vt 0.7449 0.18210000000000004
vt 0.7462 0.19320000000000004
vt 0.7462 0.19320000000000004
vt 0.7449 0.18210000000000004
vt 0.7283 0.18430000000000002
vt 0.7462 0.19320000000000004
vt 0.7283 0.18430000000000002
vt 0.7324 0.19269999999999998
vt 0.7744 0.17220000000000002
vt 0.7661 0.17480000000000007
vt 0.7622 0.1724
vt 0.7622 0.1724
vt 0.7661 0.17480000000000007
vt 0.7622 0.17620000000000002
vt 0.7622 0.1724
vt 0.7622 0.17620000000000002
vt 0.7563 0.16890000000000005
vt 0.7563 0.16890000000000005
vt 0.7622 0.17620000000000002
vt 0.7554 0.17869999999999997
vt 0.7563 0.16890000000000005
vt 0.7554 0.17869999999999997
vt 0.7449 0.18210000000000004
vt 0.7449 0.18210000000000004
vt 0.7554 0.17869999999999997
vt 0.7462 0.19320000000000004
vt 0.7449 0.18210000000000004
vt 0.7462 0.19320000000000004
vt 0.7283 0.18430000000000002
vt 0.7283 0.18430000000000002
vt 0.7462 0.19320000000000004
vt 0.7324 0.19269999999999998
vt 0.732 0.09919999999999995
vt 0.7279 0.10699999999999998
vt 0.7434 0.10899999999999999
vt 0.732 0.09919999999999995
vt 0.7434 0.10899999999999999
vt 0.7449 0.09909999999999997
vt 0.7449 0.09909999999999997
vt 0.7434 0.10899999999999999
vt 0.7532 0.09840000000000004
vt 0.7449 0.09909999999999997
vt 0.7532 0.09840000000000004
vt 0.7434 0.10899999999999999
vt 0.7449 0.09909999999999997
vt 0.7434 0.10899999999999999
vt 0.732 0.09919999999999995
vt 0.732 0.09919999999999995
vt 0.7434 0.10899999999999999
vt 0.7279 0.10699999999999998
vt 0.787 0.15790000000000004
vt 0.7869 0.15060000000000007
vt 0.7549 0.15949999999999998
vt 0.787 0.15790000000000004
vt 0.7549 0.15949999999999998
vt 0.7563 0.16890000000000005
vt 0.7563 0.16890000000000005
vt 0.7549 0.15949999999999998
vt 0.7437 0.16969999999999996
vt 0.7563 0.16890000000000005
vt 0.7437 0.16969999999999996
vt 0.7449 0.18210000000000004
vt 0.7449 0.18210000000000004
vt 0.7437 0.16969999999999996
vt 0.7256 0.17259999999999998
vt 0.7449 0.18210000000000004
vt 0.7256 0.17259999999999998
vt 0.7283 0.18430000000000002
vt 0.7869 0.15060000000000007
vt 0.787 0.15790000000000004
vt 0.7549 0.15949999999999998
vt 0.7549 0.15949999999999998
vt 0.787 0.15790000000000004
vt 0.7563 0.16890000000000005
vt 0.7549 0.15949999999999998
vt 0.7563 0.16890000000000005
vt 0.7437 0.16969999999999996
vt 0.7437 0.16969999999999996
vt 0.7563 0.16890000000000005
vt 0.7449 0.18210000000000004
vt 0.7437 0.16969999999999996
vt 0.7449 0.18210000000000004
vt 0.7256 0.17259999999999998
vt 0.7256 0.17259999999999998
vt 0.7449 0.18210000000000004
vt 0.7283 0.18430000000000002
vt 0.7233 0.13219999999999998
vt 0.7224 0.14539999999999997
vt 0.745 0.14500000000000002
vt 0.7233 0.13219999999999998
vt 0.745 0.14500000000000002
vt 0.7432 0.13390000000000002
vt 0.7432 0.13390000000000002
vt 0.745 0.14500000000000002
vt 0.7538 0.13039999999999996
vt 0.7432 0.13390000000000002
vt 0.7538 0.13039999999999996
vt 0.7546 0.12050000000000005
vt 0.7546 0.12050000000000005
vt 0.7538 0.13039999999999996
vt 0.7849 0.11809999999999998
vt 0.7546 0.12050000000000005
vt 0.7849 0.11809999999999998
vt 0.772 0.11309999999999998
vt 0.772 0.11309999999999998
vt 0.7849 0.11809999999999998
vt 0.7854 0.10929999999999995
vt 0.772 0.11309999999999998
vt 0.7854 0.10929999999999995
vt 0.7735 0.09960000000000002
vt 0.7735 0.09960000000000002
vt 0.7854 0.10929999999999995
vt 0.786 0.10040000000000004
vt 0.7735 0.09960000000000002
vt 0.786 0.10040000000000004
vt 0.7854 0.10929999999999995
vt 0.7735 0.09960000000000002
vt 0.7854 0.10929999999999995
vt 0.772 0.11309999999999998
vt 0.772 0.11309999999999998
vt 0.7854 0.10929999999999995
vt 0.7849 0.11809999999999998
vt 0.772 0.11309999999999998
vt 0.7849 0.11809999999999998
vt 0.7546 0.12050000000000005
vt 0.7546 0.12050000000000005
vt 0.7849 0.11809999999999998
vt 0.7538 0.13039999999999996
vt 0.7546 0.12050000000000005
vt 0.7538 0.13039999999999996
vt 0.7432 0.13390000000000002
vt 0.7432 0.13390000000000002
vt 0.7538 0.13039999999999996
vt 0.745 0.14500000000000002
vt 0.7432 0.13390000000000002
vt 0.745 0.14500000000000002
vt 0.7233 0.13219999999999998
vt 0.7233 0.13219999999999998
vt 0.745 0.14500000000000002
vt 0.7224 0.14539999999999997
vt 0.7554 0.17869999999999997
vt 0.7462 0.19320000000000004
vt 0.7556 0.19420000000000004
vt 0.7554 0.17869999999999997
vt 0.7556 0.19420000000000004
vt 0.7649 0.18020000000000003
vt 0.7649 0.18020000000000003
vt 0.7556 0.19420000000000004
vt 0.7799 0.19030000000000002
vt 0.7649 0.18020000000000003
vt 0.7799 0.19030000000000002
vt 0.7898 0.17620000000000002
vt 0.7898 0.17620000000000002
vt 0.7799 0.19030000000000002
vt 0.7933 0.1856
vt 0.7898 0.17620000000000002
vt 0.7933 0.1856
vt 0.7799 0.19030000000000002
vt 0.7898 0.17620000000000002
vt 0.7799 0.19030000000000002
vt 0.7649 0.18020000000000003
vt 0.7649 0.18020000000000003
vt 0.7799 0.19030000000000002
vt 0.7556 0.19420000000000004
vt 0.7649 0.18020000000000003
vt 0.7556 0.19420000000000004
vt 0.7554 0.17869999999999997
vt 0.7554 0.17869999999999997
vt 0.7556 0.19420000000000004
vt 0.7462 0.19320000000000004
vt 0.6177 0.29390000000000005
vt 0.619 0.2924
vt 0.6164 0.29390000000000005
vt 0.6177 0.29390000000000005
vt 0.6164 0.29390000000000005
vt 0.6177 0.2962
vt 0.6177 0.2962
vt 0.6164 0.29390000000000005
vt 0.6143 0.2986
vt 0.6177 0.2962
vt 0.6143 0.2986
vt 0.6208 0.3050999999999999
vt 0.6208 0.3050999999999999
vt 0.6143 0.2986
vt 0.6133 0.2990999999999999
vt 0.6208 0.3050999999999999
vt 0.6133 0.2990999999999999
vt 0.6197 0.30610000000000004
vt 0.6197 0.30610000000000004
vt 0.6133 0.2990999999999999
vt 0.6021 0.3026
vt 0.6197 0.30610000000000004
vt 0.6021 0.3026
vt 0.6059 0.31299999999999994
vt 0.6059 0.31299999999999994
vt 0.6021 0.3026
vt 0.5992 0.3033
vt 0.6059 0.31299999999999994
vt 0.5992 0.3033
vt 0.6031 0.31400000000000006
vt 0.6031 0.31400000000000006
vt 0.5992 0.3033
vt 0.58 0.3067
vt 0.6031 0.31400000000000006
vt 0.58 0.3067
vt 0.5864 0.3227
vt 0.619 0.2924
vt 0.6177 0.29390000000000005
vt 0.6164 0.29390000000000005
vt 0.6164 0.29390000000000005
vt 0.6177 0.29390000000000005
vt 0.6177 0.2962
vt 0.6164 0.29390000000000005
vt 0.6177 0.2962
vt 0.6143 0.2986
vt 0.6143 0.2986
vt 0.6177 0.2962
vt 0.6208 0.3050999999999999
vt 0.6143 0.2986
vt 0.6208 0.3050999999999999
vt 0.6133 0.2990999999999999
vt 0.6133 0.2990999999999999
vt 0.6208 0.3050999999999999
vt 0.6197 0.30610000000000004
vt 0.6133 0.2990999999999999
vt 0.6197 0.30610000000000004
vt 0.6021 0.3026
vt 0.6021 0.3026
vt 0.6197 0.30610000000000004
vt 0.6059 0.31299999999999994
vt 0.6021 0.3026
vt 0.6059 0.31299999999999994
vt 0.5992 0.3033
vt 0.5992 0.3033
vt 0.6059 0.31299999999999994
vt 0.6031 0.31400000000000006
vt 0.5992 0.3033
vt 0.6031 0.31400000000000006
vt 0.58 0.3067
vt 0.58 0.3067
vt 0.6031 0.31400000000000006
vt 0.5864 0.3227
vt 0.3704 0.32519999999999993
vt 0.3634 0.33699999999999997
vt 0.3811 0.34529999999999994
vt 0.3704 0.32519999999999993
vt 0.3811 0.34529999999999994
vt 0.3862 0.3373999999999999
vt 0.3862 0.3373999999999999
vt 0.3811 0.34529999999999994
vt 0.3836 0.347
vt 0.3862 0.3373999999999999
vt 0.3836 0.347
vt 0.3885 0.33919999999999995
vt 0.3885 0.33919999999999995
vt 0.3836 0.347
vt 0.3974 0.35450000000000004
vt 0.3885 0.33919999999999995
vt 0.3974 0.35450000000000004
vt 0.399 0.346
vt 0.399 0.346
vt 0.3974 0.35450000000000004
vt 0.399 0.3548
vt 0.399 0.346
vt 0.399 0.3548
vt 0.4001 0.34640000000000004
vt 0.4001 0.34640000000000004
vt 0.399 0.3548
vt 0.4052 0.34709999999999996
vt 0.4001 0.34640000000000004
vt 0.4052 0.34709999999999996
vt 0.4066 0.3433999999999999
vt 0.4066 0.3433999999999999
vt 0.4052 0.34709999999999996
vt 0.4075 0.34430000000000005
vt 0.4066 0.3433999999999999
vt 0.4075 0.34430000000000005
vt 0.4087 0.3441000000000001
vt 0.4087 0.3441000000000001
vt 0.4075 0.34430000000000005
vt 0.4069 0.3466
vt 0.4087 0.3441000000000001
vt 0.4069 0.3466
vt 0.4112 0.3486
vt 0.4112 0.3486
vt 0.4069 0.3466
vt 0.409 0.35250000000000004
vt 0.4112 0.3486
vt 0.409 0.35250000000000004
vt 0.4069 0.3466
vt 0.4112 0.3486
vt 0.4069 0.3466
vt 0.4087 0.3441000000000001
vt 0.4087 0.3441000000000001
vt 0.4069 0.3466
vt 0.4075 0.34430000000000005
vt 0.4087 0.3441000000000001
vt 0.4075 0.34430000000000005
vt 0.4066 0.3433999999999999
vt 0.4066 0.3433999999999999
vt 0.4075 0.34430000000000005
vt 0.4052 0.34709999999999996
vt 0.4066 0.3433999999999999
vt 0.4052 0.34709999999999996
vt 0.4001 0.34640000000000004
vt 0.4001 0.34640000000000004
vt 0.4052 0.34709999999999996
vt 0.399 0.3548
vt 0.4001 0.34640000000000004
vt 0.399 0.3548
vt 0.399 0.346
vt 0.399 0.346
vt 0.399 0.3548
vt 0.3974 0.35450000000000004
vt 0.399 0.346
vt 0.3974 0.35450000000000004
vt 0.3885 0.33919999999999995
vt 0.3885 0.33919999999999995
vt 0.3974 0.35450000000000004
vt 0.3836 0.347
vt 0.3885 0.33919999999999995
vt 0.3836 0.347
vt 0.3862 0.3373999999999999
vt 0.3862 0.3373999999999999
vt 0.3836 0.347
vt 0.3811 0.34529999999999994
vt 0.3862 0.3373999999999999
vt 0.3811 0.34529999999999994
vt 0.3704 0.32519999999999993
vt 0.3704 0.32519999999999993
vt 0.3811 0.34529999999999994
vt 0.3634 0.33699999999999997
vt 0.5792 0.2962
vt 0.58 0.3067
vt 0.5992 0.3033
vt 0.5792 0.2962
vt 0.5992 0.3033
vt 0.5978 0.29499999999999993
vt 0.5978 0.29499999999999993
vt 0.5992 0.3033
vt 0.6021 0.3026
vt 0.5978 0.29499999999999993
vt 0.6021 0.3026
vt 0.6005 0.29489999999999994
vt 0.6005 0.29489999999999994
vt 0.6021 0.3026
vt 0.6133 0.2990999999999999
vt 0.6005 0.29489999999999994
vt 0.6133 0.2990999999999999
vt 0.6115 0.2942
vt 0.6115 0.2942
vt 0.6133 0.2990999999999999
vt 0.6143 0.2986
vt 0.6115 0.2942
vt 0.6143 0.2986
vt 0.6125 0.2942
vt 0.6125 0.2942
vt 0.6143 0.2986
vt 0.6164 0.29390000000000005
vt 0.6125 0.2942
vt 0.6164 0.29390000000000005
vt 0.6182 0.2909999999999999
vt 0.6182 0.2909999999999999
vt 0.6164 0.29390000000000005
vt 0.619 0.2924
vt 0.6182 0.2909999999999999
vt 0.619 0.2924
vt 0.6164 0.29390000000000005
vt 0.6182 0.2909999999999999
vt 0.6164 0.29390000000000005
vt 0.6125 0.2942
vt 0.6125 0.2942
vt 0.6164 0.29390000000000005
vt 0.6143 0.2986
vt 0.6125 0.2942
vt 0.6143 0.2986
vt 0.6115 0.2942
vt 0.6115 0.2942
vt 0.6143 0.2986
vt 0.6133 0.2990999999999999
vt 0.6115 0.2942
vt 0.6133 0.2990999999999999
vt 0.6005 0.29489999999999994
vt 0.6005 0.29489999999999994
vt 0.6133 0.2990999999999999
vt 0.6021 0.3026
vt 0.6005 0.29489999999999994
vt 0.6021 0.3026
vt 0.5978 0.29499999999999993
vt 0.5978 0.29499999999999993
vt 0.6021 0.3026
vt 0.5992 0.3033
vt 0.5978 0.29499999999999993
vt 0.5992 0.3033
vt 0.5792 0.2962
vt 0.5792 0.2962
vt 0.5992 0.3033
vt 0.58 0.3067
vt 0.3935 0.37939999999999996
vt 0.368 0.3788
vt 0.3785 0.3924000000000001
vt 0.3935 0.37939999999999996
vt 0.3785 0.3924000000000001
vt 0.3999 0.3852
vt 0.3999 0.3852
vt 0.3785 0.3924000000000001
vt 0.3865 0.4
vt 0.3999 0.3852
vt 0.3865 0.4
vt 0.4098 0.39159999999999995
vt 0.4098 0.39159999999999995
vt 0.3865 0.4
vt 0.4025 0.41080000000000005
vt 0.4098 0.39159999999999995
vt 0.4025 0.41080000000000005
vt 0.3865 0.4
vt 0.4098 0.39159999999999995
vt 0.3865 0.4
vt 0.3999 0.3852
vt 0.3999 0.3852
vt 0.3865 0.4
vt 0.3785 0.3924000000000001
vt 0.3999 0.3852
vt 0.3785 0.3924000000000001
vt 0.3935 0.37939999999999996
vt 0.3935 0.37939999999999996
vt 0.3785 0.3924000000000001
vt 0.368 0.3788
vt 0.6224 0.29380000000000006
vt 0.619 0.2924
vt 0.6177 0.29390000000000005
vt 0.6224 0.29380000000000006
vt 0.6177 0.29390000000000005
vt 0.6185 0.2950999999999999
vt 0.6185 0.2950999999999999
vt 0.6177 0.29390000000000005
vt 0.6177 0.2962
vt 0.6185 0.2950999999999999
vt 0.6177 0.2962
vt 0.6238 0.29679999999999995
vt 0.6238 0.29679999999999995
vt 0.6177 0.2962
vt 0.6208 0.3050999999999999
vt 0.6238 0.29679999999999995
vt 0.6208 0.3050999999999999
vt 0.6177 0.2962
vt 0.6238 0.29679999999999995
vt 0.6177 0.2962
vt 0.6185 0.2950999999999999
vt 0.6185 0.2950999999999999
vt 0.6177 0.2962
vt 0.6177 0.29390000000000005
vt 0.6185 0.2950999999999999
vt 0.6177 0.29390000000000005
vt 0.6224 0.29380000000000006
vt 0.6224 0.29380000000000006
vt 0.6177 0.29390000000000005
vt 0.619 0.2924
vt 0.4181 0.37460000000000004
vt 0.4164 0.36529999999999996
vt 0.4101 0.36840000000000006
vt 0.4101 0.36840000000000006
vt 0.4164 0.36529999999999996
vt 0.41 0.3671
vt 0.4101 0.36840000000000006
vt 0.41 0.3671
vt 0.4089 0.3668
vt 0.4089 0.3668
vt 0.41 0.3671
vt 0.4134 0.36319999999999997
vt 0.4164 0.36529999999999996
vt 0.4181 0.37460000000000004
vt 0.4101 0.36840000000000006
vt 0.4164 0.36529999999999996
vt 0.4101 0.36840000000000006
vt 0.41 0.3671
vt 0.41 0.3671
vt 0.4101 0.36840000000000006
vt 0.4089 0.3668
vt 0.41 0.3671
vt 0.4089 0.3668
vt 0.4134 0.36319999999999997
vt 0.6672 0.2963
vt 0.6633 0.2950999999999999
vt 0.6638 0.29780000000000006
vt 0.6672 0.2963
vt 0.6638 0.29780000000000006
vt 0.6685 0.2997000000000001
vt 0.6685 0.2997000000000001
vt 0.6638 0.29780000000000006
vt 0.6631 0.2992
vt 0.6685 0.2997000000000001
vt 0.6631 0.2992
vt 0.6647 0.30800000000000005
vt 0.6647 0.30800000000000005
vt 0.6631 0.2992
vt 0.6594 0.30210000000000004
vt 0.6647 0.30800000000000005
vt 0.6594 0.30210000000000004
vt 0.6585 0.30269999999999997
vt 0.6585 0.30269999999999997
vt 0.6594 0.30210000000000004
vt 0.6564 0.29600000000000004
vt 0.6585 0.30269999999999997
vt 0.6564 0.29600000000000004
vt 0.6453 0.2954
vt 0.6453 0.2954
vt 0.6564 0.29600000000000004
vt 0.6468 0.28770000000000007
vt 0.6453 0.2954
vt 0.6468 0.28770000000000007
vt 0.644 0.2869999999999999
vt 0.644 0.2869999999999999
vt 0.6468 0.28770000000000007
vt 0.6476 0.2763
vt 0.644 0.2869999999999999
vt 0.6476 0.2763
vt 0.6238 0.28370000000000006
vt 0.6238 0.28370000000000006
vt 0.6476 0.2763
vt 0.6304 0.2679
vt 0.6238 0.28370000000000006
vt 0.6304 0.2679
vt 0.6476 0.2763
vt 0.6238 0.28370000000000006
vt 0.6476 0.2763
vt 0.644 0.2869999999999999
vt 0.644 0.2869999999999999
vt 0.6476 0.2763
vt 0.6468 0.28770000000000007
vt 0.644 0.2869999999999999
vt 0.6468 0.28770000000000007
vt 0.6453 0.2954
vt 0.6453 0.2954
vt 0.6468 0.28770000000000007
vt 0.6564 0.29600000000000004
vt 0.6453 0.2954
vt 0.6564 0.29600000000000004
vt 0.6585 0.30269999999999997
vt 0.6585 0.30269999999999997
vt 0.6564 0.29600000000000004
vt 0.6594 0.30210000000000004
vt 0.6585 0.30269999999999997
vt 0.6594 0.30210000000000004
vt 0.6647 0.30800000000000005
vt 0.6647 0.30800000000000005
vt 0.6594 0.30210000000000004
vt 0.6631 0.2992
vt 0.6647 0.30800000000000005
vt 0.6631 0.2992
vt 0.6685 0.2997000000000001
vt 0.6685 0.2997000000000001
vt 0.6631 0.2992
vt 0.6638 0.29780000000000006
vt 0.6685 0.2997000000000001
vt 0.6638 0.29780000000000006
vt 0.6672 0.2963
vt 0.6672 0.2963
vt 0.6638 0.29780000000000006
vt 0.6633 0.2950999999999999
vt 0.7744 0.17220000000000002
vt 0.7649 0.18020000000000003
vt 0.7898 0.17620000000000002
vt 0.7744 0.17220000000000002
vt 0.7898 0.17620000000000002
vt 0.7872 0.16779999999999995
vt 0.7872 0.16779999999999995
vt 0.7898 0.17620000000000002
vt 0.7908 0.17569999999999997
vt 0.7872 0.16779999999999995
vt 0.7908 0.17569999999999997
vt 0.7898 0.17620000000000002
vt 0.7872 0.16779999999999995
vt 0.7898 0.17620000000000002
vt 0.7744 0.17220000000000002
vt 0.7744 0.17220000000000002
vt 0.7898 0.17620000000000002
vt 0.7649 0.18020000000000003
vt 0.6635 0.30889999999999995
vt 0.6647 0.30800000000000005
vt 0.6585 0.30269999999999997
vt 0.6635 0.30889999999999995
vt 0.6585 0.30269999999999997
vt 0.6465 0.30610000000000004
vt 0.6465 0.30610000000000004
vt 0.6585 0.30269999999999997
vt 0.6453 0.2954
vt 0.6465 0.30610000000000004
vt 0.6453 0.2954
vt 0.6426 0.2953
vt 0.6426 0.2953
vt 0.6453 0.2954
vt 0.644 0.2869999999999999
vt 0.6426 0.2953
vt 0.644 0.2869999999999999
vt 0.6238 0.2943
vt 0.6238 0.2943
vt 0.644 0.2869999999999999
vt 0.6238 0.28370000000000006
vt 0.6238 0.2943
vt 0.6238 0.28370000000000006
vt 0.644 0.2869999999999999
vt 0.6238 0.2943
vt 0.644 0.2869999999999999
vt 0.6426 0.2953
vt 0.6426 0.2953
vt 0.644 0.2869999999999999
vt 0.6453 0.2954
vt 0.6426 0.2953
vt 0.6453 0.2954
vt 0.6465 0.30610000000000004
vt 0.6465 0.30610000000000004
vt 0.6453 0.2954
vt 0.6585 0.30269999999999997
vt 0.6465 0.30610000000000004
vt 0.6585 0.30269999999999997
vt 0.6635 0.30889999999999995
vt 0.6635 0.30889999999999995
vt 0.6585 0.30269999999999997
vt 0.6647 0.30800000000000005
vt 0.7563 0.16890000000000005
vt 0.7622 0.1724
vt 0.7744 0.17220000000000002
vt 0.7563 0.16890000000000005
vt 0.7744 0.17220000000000002
vt 0.787 0.15790000000000004
vt 0.787 0.15790000000000004
vt 0.7744 0.17220000000000002
vt 0.7872 0.16779999999999995
vt 0.787 0.15790000000000004
vt 0.7872 0.16779999999999995
vt 0.7744 0.17220000000000002
vt 0.787 0.15790000000000004
vt 0.7744 0.17220000000000002
vt 0.7563 0.16890000000000005
vt 0.7563 0.16890000000000005
vt 0.7744 0.17220000000000002
vt 0.7622 0.1724
vt 0.5677 0.28380000000000005
vt 0.5662 0.2825
vt 0.5618 0.2863
vt 0.5677 0.28380000000000005
vt 0.5618 0.2863
vt 0.5657 0.28679999999999994
vt 0.5657 0.28679999999999994
vt 0.5618 0.2863
vt 0.5636 0.2946
vt 0.5657 0.28679999999999994
vt 0.5636 0.2946
vt 0.5676 0.29170000000000007
vt 0.5676 0.29170000000000007
vt 0.5636 0.2946
vt 0.5771 0.2973
vt 0.5676 0.29170000000000007
vt 0.5771 0.2973
vt 0.5762 0.2869999999999999
vt 0.5662 0.2825
vt 0.5677 0.28380000000000005
vt 0.5618 0.2863
vt 0.5618 0.2863
vt 0.5677 0.28380000000000005
vt 0.5657 0.28679999999999994
vt 0.5618 0.2863
vt 0.5657 0.28679999999999994
vt 0.5636 0.2946
vt 0.5636 0.2946
vt 0.5657 0.28679999999999994
vt 0.5676 0.29170000000000007
vt 0.5636 0.2946
vt 0.5676 0.29170000000000007
vt 0.5771 0.2973
vt 0.5771 0.2973
vt 0.5676 0.29170000000000007
vt 0.5762 0.2869999999999999
vt 0.5452 0.3227
vt 0.5771 0.2973
vt 0.5636 0.2946
vt 0.5452 0.3227
vt 0.5636 0.2946
vt 0.5435 0.3053
vt 0.5435 0.3053
vt 0.5636 0.2946
vt 0.5618 0.2863
vt 0.5435 0.3053
vt 0.5618 0.2863
vt 0.5376 0.28669999999999995
vt 0.5376 0.28669999999999995
vt 0.5618 0.2863
vt 0.5662 0.2825
vt 0.5376 0.28669999999999995
vt 0.5662 0.2825
vt 0.5492 0.2744
vt 0.5492 0.2744
vt 0.5662 0.2825
vt 0.5792 0.2772
vt 0.5492 0.2744
vt 0.5792 0.2772
vt 0.5376 0.25639999999999996
vt 0.5771 0.2973
vt 0.5452 0.3227
vt 0.5636 0.2946
vt 0.5636 0.2946
vt 0.5452 0.3227
vt 0.5435 0.3053
vt 0.5636 0.2946
vt 0.5435 0.3053
vt 0.5618 0.2863
vt 0.5618 0.2863
vt 0.5435 0.3053
vt 0.5376 0.28669999999999995
vt 0.5618 0.2863
vt 0.5376 0.28669999999999995
vt 0.5662 0.2825
vt 0.5662 0.2825
vt 0.5376 0.28669999999999995
vt 0.5492 0.2744
vt 0.5662 0.2825
vt 0.5492 0.2744
vt 0.5792 0.2772
vt 0.5792 0.2772
vt 0.5492 0.2744
vt 0.5376 0.25639999999999996
vt 0.6468 0.28770000000000007
vt 0.6564 0.29600000000000004
vt 0.6581 0.2909999999999999
vt 0.6581 0.2909999999999999
vt 0.6564 0.29600000000000004
vt 0.6573 0.29600000000000004
vt 0.6581 0.2909999999999999
vt 0.6573 0.29600000000000004
vt 0.659 0.2916000000000001
vt 0.659 0.2916000000000001
vt 0.6573 0.29600000000000004
vt 0.6625 0.29390000000000005
vt 0.659 0.2916000000000001
vt 0.6625 0.29390000000000005
vt 0.6686 0.2933
vt 0.6686 0.2933
vt 0.6625 0.29390000000000005
vt 0.6672 0.2963
vt 0.6564 0.29600000000000004
vt 0.6468 0.28770000000000007
vt 0.6581 0.2909999999999999
vt 0.6564 0.29600000000000004
vt 0.6581 0.2909999999999999
vt 0.6573 0.29600000000000004
vt 0.6573 0.29600000000000004
vt 0.6581 0.2909999999999999
vt 0.659 0.2916000000000001
vt 0.6573 0.29600000000000004
vt 0.659 0.2916000000000001
vt 0.6625 0.29390000000000005
vt 0.6625 0.29390000000000005
vt 0.659 0.2916000000000001
vt 0.6686 0.2933
vt 0.6625 0.29390000000000005
vt 0.6686 0.2933
vt 0.6672 0.2963
vt 0.3926 0.30790000000000006
vt 0.3832 0.31390000000000007
vt 0.3947 0.3288
vt 0.3926 0.30790000000000006
vt 0.3947 0.3288
vt 0.4023 0.32430000000000003
vt 0.4023 0.32430000000000003
vt 0.3947 0.3288
vt 0.3965 0.33099999999999996
vt 0.4023 0.32430000000000003
vt 0.3965 0.33099999999999996
vt 0.4036 0.32689999999999997
vt 0.4036 0.32689999999999997
vt 0.3965 0.33099999999999996
vt 0.4034 0.3398
vt 0.4036 0.32689999999999997
vt 0.4034 0.3398
vt 0.4086 0.3377
vt 0.4086 0.3377
vt 0.4034 0.3398
vt 0.4041 0.3406
vt 0.4086 0.3377
vt 0.4041 0.3406
vt 0.4088 0.3388
vt 0.4088 0.3388
vt 0.4041 0.3406
vt 0.409 0.3429
vt 0.4088 0.3388
vt 0.409 0.3429
vt 0.4041 0.3406
vt 0.4088 0.3388
vt 0.4041 0.3406
vt 0.4086 0.3377
vt 0.4086 0.3377
vt 0.4041 0.3406
vt 0.4034 0.3398
vt 0.4086 0.3377
vt 0.4034 0.3398
vt 0.4036 0.32689999999999997
vt 0.4036 0.32689999999999997
vt 0.4034 0.3398
vt 0.3965 0.33099999999999996
vt 0.4036 0.32689999999999997
vt 0.3965 0.33099999999999996
vt 0.4023 0.32430000000000003
vt 0.4023 0.32430000000000003
vt 0.3965 0.33099999999999996
vt 0.3947 0.3288
vt 0.4023 0.32430000000000003
vt 0.3947 0.3288
vt 0.3926 0.30790000000000006
vt 0.3926 0.30790000000000006
vt 0.3947 0.3288
vt 0.3832 0.31390000000000007
vt 0.4106 0.30069999999999997
vt 0.3926 0.30790000000000006
vt 0.4023 0.32430000000000003
vt 0.4106 0.30069999999999997
vt 0.4023 0.32430000000000003
vt 0.4133 0.32000000000000006
vt 0.4133 0.32000000000000006
vt 0.4023 0.32430000000000003
vt 0.4036 0.32689999999999997
vt 0.4133 0.32000000000000006
vt 0.4036 0.32689999999999997
vt 0.4143 0.3226
vt 0.4143 0.3226
vt 0.4036 0.32689999999999997
vt 0.4086 0.3377
vt 0.4143 0.3226
vt 0.4086 0.3377
vt 0.4181 0.33709999999999996
vt 0.4181 0.33709999999999996
vt 0.4086 0.3377
vt 0.4088 0.3388
vt 0.4181 0.33709999999999996
vt 0.4088 0.3388
vt 0.4181 0.33840000000000003
vt 0.4181 0.33840000000000003
vt 0.4088 0.3388
vt 0.4146 0.34719999999999995
vt 0.4181 0.33840000000000003
vt 0.4146 0.34719999999999995
vt 0.4088 0.3388
vt 0.4181 0.33840000000000003
vt 0.4088 0.3388
vt 0.4181 0.33709999999999996
vt 0.4181 0.33709999999999996
vt 0.4088 0.3388
vt 0.4086 0.3377
vt 0.4181 0.33709999999999996
vt 0.4086 0.3377
vt 0.4143 0.3226
vt 0.4143 0.3226
vt 0.4086 0.3377
vt 0.4036 0.32689999999999997
vt 0.4143 0.3226
vt 0.4036 0.32689999999999997
vt 0.4133 0.32000000000000006
vt 0.4133 0.32000000000000006
vt 0.4036 0.32689999999999997
vt 0.4023 0.32430000000000003
vt 0.4133 0.32000000000000006
vt 0.4023 0.32430000000000003
vt 0.4106 0.30069999999999997
vt 0.4106 0.30069999999999997
vt 0.4023 0.32430000000000003
vt 0.3926 0.30790000000000006
vt 0.3861 0.35939999999999994
vt 0.3833 0.36060000000000003
vt 0.3894 0.368
vt 0.3861 0.35939999999999994
vt 0.3894 0.368
vt 0.401 0.36339999999999995
vt 0.401 0.36339999999999995
vt 0.3894 0.368
vt 0.4041 0.3703000000000001
vt 0.401 0.36339999999999995
vt 0.4041 0.3703000000000001
vt 0.4048 0.3696999999999999
vt 0.4048 0.3696999999999999
vt 0.4041 0.3703000000000001
vt 0.4091 0.37240000000000006
vt 0.4048 0.3696999999999999
vt 0.4091 0.37240000000000006
vt 0.4078 0.36739999999999995
vt 0.4078 0.36739999999999995
vt 0.4091 0.37240000000000006
vt 0.4101 0.36840000000000006
vt 0.4078 0.36739999999999995
vt 0.4101 0.36840000000000006
vt 0.4091 0.37240000000000006
vt 0.4078 0.36739999999999995
vt 0.4091 0.37240000000000006
vt 0.4048 0.3696999999999999
vt 0.4048 0.3696999999999999
vt 0.4091 0.37240000000000006
vt 0.4041 0.3703000000000001
vt 0.4048 0.3696999999999999
vt 0.4041 0.3703000000000001
vt 0.401 0.36339999999999995
vt 0.401 0.36339999999999995
vt 0.4041 0.3703000000000001
vt 0.3894 0.368
vt 0.401 0.36339999999999995
vt 0.3894 0.368
vt 0.3861 0.35939999999999994
vt 0.3861 0.35939999999999994
vt 0.3894 0.368
vt 0.3833 0.36060000000000003
vt 0.4027 0.3548
vt 0.401 0.3548
vt 0.4021 0.36329999999999996
vt 0.4027 0.3548
vt 0.4021 0.36329999999999996
vt 0.412 0.359
vt 0.412 0.359
vt 0.4021 0.36329999999999996
vt 0.4072 0.3635999999999999
vt 0.412 0.359
vt 0.4072 0.3635999999999999
vt 0.4134 0.36319999999999997
vt 0.4134 0.36319999999999997
vt 0.4072 0.3635999999999999
vt 0.4088 0.36440000000000006
vt 0.4134 0.36319999999999997
vt 0.4088 0.36440000000000006
vt 0.4089 0.3668
vt 0.4089 0.3668
vt 0.4088 0.36440000000000006
vt 0.4078 0.36739999999999995
vt 0.4089 0.3668
vt 0.4078 0.36739999999999995
vt 0.4101 0.36840000000000006
vt 0.401 0.3548
vt 0.4027 0.3548
vt 0.4021 0.36329999999999996
vt 0.4021 0.36329999999999996
vt 0.4027 0.3548
vt 0.412 0.359
vt 0.4021 0.36329999999999996
vt 0.412 0.359
vt 0.4072 0.3635999999999999
vt 0.4072 0.3635999999999999
vt 0.412 0.359
vt 0.4134 0.36319999999999997
vt 0.4072 0.3635999999999999
vt 0.4134 0.36319999999999997
vt 0.4088 0.36440000000000006
vt 0.4088 0.36440000000000006
vt 0.4134 0.36319999999999997
vt 0.4089 0.3668
vt 0.4088 0.36440000000000006
vt 0.4089 0.3668
vt 0.4078 0.36739999999999995
vt 0.4078 0.36739999999999995
vt 0.4089 0.3668
vt 0.4101 0.36840000000000006
vt 0.4164 0.36529999999999996
vt 0.4134 0.36319999999999997
vt 0.41 0.3671
vt 0.41 0.3671
vt 0.4134 0.36319999999999997
vt 0.4164 0.36529999999999996
vt 0.6238 0.29679999999999995
vt 0.6224 0.29380000000000006
vt 0.6185 0.2950999999999999
vt 0.6185 0.2950999999999999
vt 0.6224 0.29380000000000006
vt 0.6238 0.29679999999999995
vt 0.5792 0.2801
vt 0.5792 0.2962
vt 0.5978 0.29499999999999993
vt 0.5792 0.2801
vt 0.5978 0.29499999999999993
vt 0.5987 0.2836000000000001
vt 0.5987 0.2836000000000001
vt 0.5978 0.29499999999999993
vt 0.6005 0.29489999999999994
vt 0.5987 0.2836000000000001
vt 0.6005 0.29489999999999994
vt 0.6016 0.2841
vt 0.6016 0.2841
vt 0.6005 0.29489999999999994
vt 0.6115 0.2942
vt 0.6016 0.2841
vt 0.6115 0.2942
vt 0.6136 0.2875
vt 0.6136 0.2875
vt 0.6115 0.2942
vt 0.6125 0.2942
vt 0.6136 0.2875
vt 0.6125 0.2942
vt 0.6145 0.28800000000000003
vt 0.6145 0.28800000000000003
vt 0.6125 0.2942
vt 0.6182 0.2909999999999999
vt 0.6145 0.28800000000000003
vt 0.6182 0.2909999999999999
vt 0.6237 0.2904
vt 0.6237 0.2904
vt 0.6182 0.2909999999999999
vt 0.6224 0.29380000000000006
vt 0.6237 0.2904
vt 0.6224 0.29380000000000006
vt 0.6182 0.2909999999999999
vt 0.6237 0.2904
vt 0.6182 0.2909999999999999
vt 0.6145 0.28800000000000003
vt 0.6145 0.28800000000000003
vt 0.6182 0.2909999999999999
vt 0.6125 0.2942
vt 0.6145 0.28800000000000003
vt 0.6125 0.2942
vt 0.6136 0.2875
vt 0.6136 0.2875
vt 0.6125 0.2942
vt 0.6115 0.2942
vt 0.6136 0.2875
vt 0.6115 0.2942
vt 0.6016 0.2841
vt 0.6016 0.2841
vt 0.6115 0.2942
vt 0.6005 0.29489999999999994
vt 0.6016 0.2841
vt 0.6005 0.29489999999999994
vt 0.5987 0.2836000000000001
vt 0.5987 0.2836000000000001
vt 0.6005 0.29489999999999994
vt 0.5978 0.29499999999999993
vt 0.5987 0.2836000000000001
vt 0.5978 0.29499999999999993
vt 0.5792 0.2801
vt 0.5792 0.2801
vt 0.5978 0.29499999999999993
vt 0.5792 0.2962
vt 0.9453 0.42399999999999993
vt 0.9099 0.43510000000000004
vt 0.9104 0.4685
vt 0.9453 0.42399999999999993
vt 0.9104 0.4685
vt 0.931 0.4686
vt 0.931 0.4686
vt 0.9104 0.4685
vt 0.9171 0.4998
vt 0.931 0.4686
vt 0.9171 0.4998
vt 0.947 0.47150000000000003
vt 0.947 0.47150000000000003
vt 0.9171 0.4998
vt 0.9321 0.5058
vt 0.947 0.47150000000000003
vt 0.9321 0.5058
vt 0.9468 0.5122
vt 0.9468 0.5122
vt 0.9321 0.5058
vt 0.9149 0.5305
vt 0.9468 0.5122
vt 0.9149 0.5305
vt 0.9289 0.5412
vt 0.9289 0.5412
vt 0.9149 0.5305
vt 0.9048 0.5653
vt 0.9289 0.5412
vt 0.9048 0.5653
vt 0.9149 0.5305
vt 0.9289 0.5412
vt 0.9149 0.5305
vt 0.9468 0.5122
vt 0.9468 0.5122
vt 0.9149 0.5305
vt 0.9321 0.5058
vt 0.9468 0.5122
vt 0.9321 0.5058
vt 0.947 0.47150000000000003
vt 0.947 0.47150000000000003
vt 0.9321 0.5058
vt 0.9171 0.4998
vt 0.947 0.47150000000000003
vt 0.9171 0.4998
vt 0.931 0.4686
vt 0.931 0.4686
vt 0.9171 0.4998
vt 0.9104 0.4685
vt 0.931 0.4686
vt 0.9104 0.4685
vt 0.9453 0.42399999999999993
vt 0.9453 0.42399999999999993
vt 0.9104 0.4685
vt 0.9099 0.43510000000000004
vt 0.8894 0.33440000000000003
vt 0.8984 0.3415
vt 0.8832 0.3448
vt 0.8894 0.33440000000000003
vt 0.8832 0.3448
vt 0.874 0.3375
vt 0.874 0.3375
vt 0.8832 0.3448
vt 0.8742 0.3497
vt 0.874 0.3375
vt 0.8742 0.3497
vt 0.8681 0.3400000000000001
vt 0.8681 0.3400000000000001
vt 0.8742 0.3497
vt 0.8642 0.33909999999999996
vt 0.8681 0.3400000000000001
vt 0.8642 0.33909999999999996
vt 0.874 0.3375
vt 0.874 0.3375
vt 0.8642 0.33909999999999996
vt 0.8659 0.33430000000000004
vt 0.874 0.3375
vt 0.8659 0.33430000000000004
vt 0.8894 0.33440000000000003
vt 0.8894 0.33440000000000003
vt 0.8659 0.33430000000000004
vt 0.8739 0.3244
vt 0.7708 0.3036
vt 0.7789 0.3106
vt 0.7755 0.3143
vt 0.7755 0.3143
vt 0.7789 0.3106
vt 0.7811 0.31800000000000006
vt 0.7755 0.3143
vt 0.7811 0.31800000000000006
vt 0.7795 0.3227
vt 0.7795 0.3227
vt 0.7811 0.31800000000000006
vt 0.7845 0.31909999999999994
vt 0.7795 0.3227
vt 0.7845 0.31909999999999994
vt 0.7857 0.3224
vt 0.7857 0.3224
vt 0.7845 0.31909999999999994
vt 0.7942 0.3165
vt 0.7857 0.3224
vt 0.7942 0.3165
vt 0.7864 0.3286
vt 0.7864 0.3286
vt 0.7942 0.3165
vt 0.8016 0.3212999999999999
vt 0.7864 0.3286
vt 0.8016 0.3212999999999999
vt 0.803 0.33119999999999994
vt 0.803 0.33119999999999994
vt 0.8016 0.3212999999999999
vt 0.813 0.3134
vt 0.803 0.33119999999999994
vt 0.813 0.3134
vt 0.8165 0.32810000000000006
vt 0.8165 0.32810000000000006
vt 0.813 0.3134
vt 0.829 0.32499999999999996
vt 0.8165 0.32810000000000006
vt 0.829 0.32499999999999996
vt 0.834 0.3348
vt 0.834 0.3348
vt 0.829 0.32499999999999996
vt 0.8452 0.33109999999999995
vt 0.834 0.3348
vt 0.8452 0.33109999999999995
vt 0.8504 0.33420000000000005
vt 0.8504 0.33420000000000005
vt 0.8452 0.33109999999999995
vt 0.8608 0.32699999999999996
vt 0.8504 0.33420000000000005
vt 0.8608 0.32699999999999996
vt 0.8659 0.33430000000000004
vt 0.8659 0.33430000000000004
vt 0.8608 0.32699999999999996
vt 0.8739 0.3244
vt 0.9069 0.3347
vt 0.8964 0.3278
vt 0.8984 0.3415
vt 0.9069 0.3347
vt 0.8984 0.3415
vt 0.9066 0.35
vt 0.9066 0.35
vt 0.8984 0.3415
vt 0.9 0.3711
vt 0.9066 0.35
vt 0.9 0.3711
vt 0.905 0.37529999999999997
vt 0.905 0.37529999999999997
vt 0.9 0.3711
vt 0.8876 0.3961
vt 0.905 0.37529999999999997
vt 0.8876 0.3961
vt 0.8914 0.40149999999999997
vt 0.8914 0.40149999999999997
vt 0.8876 0.3961
vt 0.8682 0.42300000000000004
vt 0.8914 0.40149999999999997
vt 0.8682 0.42300000000000004
vt 0.9061 0.4263
vt 0.9061 0.4263
vt 0.8682 0.42300000000000004
vt 0.8764 0.44510000000000005
vt 0.9061 0.4263
vt 0.8764 0.44510000000000005
vt 0.8682 0.42300000000000004
vt 0.9061 0.4263
vt 0.8682 0.42300000000000004
vt 0.8914 0.40149999999999997
vt 0.8914 0.40149999999999997
vt 0.8682 0.42300000000000004
vt 0.8876 0.3961
vt 0.8914 0.40149999999999997
vt 0.8876 0.3961
vt 0.905 0.37529999999999997
vt 0.905 0.37529999999999997
vt 0.8876 0.3961
vt 0.9 0.3711
vt 0.905 0.37529999999999997
vt 0.9 0.3711
vt 0.9066 0.35
vt 0.9066 0.35
vt 0.9 0.3711
vt 0.8984 0.3415
vt 0.9066 0.35
vt 0.8984 0.3415
vt 0.9069 0.3347
vt 0.9069 0.3347
vt 0.8984 0.3415
vt 0.8964 0.3278
vt 0.9 0.3711
vt 0.8984 0.3415
vt 0.8947 0.3668
vt 0.9 0.3711
vt 0.8947 0.3668
vt 0.8836 0.39060000000000006
vt 0.8836 0.39060000000000006
vt 0.8947 0.3668
vt 0.8794 0.385
vt 0.8836 0.39060000000000006
vt 0.8794 0.385
vt 0.8577 0.4092
vt 0.8577 0.4092
vt 0.8794 0.385
vt 0.8537 0.40080000000000005
vt 0.8577 0.4092
vt 0.8537 0.40080000000000005
vt 0.8449 0.4143
vt 0.8449 0.4143
vt 0.8537 0.40080000000000005
vt 0.8452 0.4094
vt 0.8449 0.4143
vt 0.8452 0.4094
vt 0.8366 0.4063
vt 0.8366 0.4063
vt 0.8452 0.4094
vt 0.845 0.39880000000000004
vt 0.8366 0.4063
vt 0.845 0.39880000000000004
vt 0.8376 0.39490000000000003
vt 0.8376 0.39490000000000003
vt 0.845 0.39880000000000004
vt 0.8462 0.389
vt 0.8376 0.39490000000000003
vt 0.8462 0.389
vt 0.8274 0.3871
vt 0.8274 0.3871
vt 0.8462 0.389
vt 0.8386 0.3761
vt 0.8274 0.3871
vt 0.8386 0.3761
vt 0.8248 0.36719999999999997
vt 0.8248 0.36719999999999997
vt 0.8386 0.3761
vt 0.8361 0.36349999999999993
vt 0.8248 0.36719999999999997
vt 0.8361 0.36349999999999993
vt 0.8249 0.3507
vt 0.8249 0.3507
vt 0.8361 0.36349999999999993
vt 0.8388 0.3519
vt 0.8249 0.3507
vt 0.8388 0.3519
vt 0.8439 0.3427
vt 0.8439 0.3427
vt 0.8388 0.3519
vt 0.8465 0.34729999999999994
vt 0.8439 0.3427
vt 0.8465 0.34729999999999994
vt 0.8537 0.3409
vt 0.8537 0.3409
vt 0.8465 0.34729999999999994
vt 0.8642 0.33909999999999996
vt 0.8537 0.3409
vt 0.8642 0.33909999999999996
vt 0.8525 0.3367
vt 0.8525 0.3367
vt 0.8642 0.33909999999999996
vt 0.8659 0.33430000000000004
vt 0.8525 0.3367
vt 0.8659 0.33430000000000004
vt 0.8504 0.33420000000000005
vt 0.8504 0.33420000000000005
vt 0.8659 0.33430000000000004
vt 0.8608 0.32699999999999996
vt 0.8504 0.33420000000000005
vt 0.8608 0.32699999999999996
vt 0.8452 0.33109999999999995
vt 0.8452 0.33109999999999995
vt 0.8608 0.32699999999999996
vt 0.8565 0.32289999999999996
vt 0.8452 0.33109999999999995
vt 0.8565 0.32289999999999996
vt 0.8396 0.32499999999999996
vt 0.8396 0.32499999999999996
vt 0.8565 0.32289999999999996
vt 0.8476 0.3173
vt 0.8396 0.32499999999999996
vt 0.8476 0.3173
vt 0.8565 0.32289999999999996
vt 0.8396 0.32499999999999996
vt 0.8565 0.32289999999999996
vt 0.8452 0.33109999999999995
vt 0.8452 0.33109999999999995
vt 0.8565 0.32289999999999996
vt 0.8608 0.32699999999999996
vt 0.7367 0.3126
vt 0.7298 0.3178000000000001
vt 0.7377 0.3295
vt 0.7367 0.3126
vt 0.7377 0.3295
vt 0.7445 0.3235
vt 0.7445 0.3235
vt 0.7377 0.3295
vt 0.7431 0.3388
vt 0.7445 0.3235
vt 0.7431 0.3388
vt 0.7499 0.3325
vt 0.7499 0.3325
vt 0.7431 0.3388
vt 0.7496 0.34909999999999997
vt 0.7499 0.3325
vt 0.7496 0.34909999999999997
vt 0.7579 0.34299999999999997
vt 0.7579 0.34299999999999997
vt 0.7496 0.34909999999999997
vt 0.7578 0.3591
vt 0.7579 0.34299999999999997
vt 0.7578 0.3591
vt 0.7692 0.3538
vt 0.7692 0.3538
vt 0.7578 0.3591
vt 0.774 0.3659
vt 0.7692 0.3538
vt 0.774 0.3659
vt 0.7881 0.351
vt 0.7881 0.351
vt 0.774 0.3659
vt 0.7906 0.36129999999999995
vt 0.7881 0.351
vt 0.7906 0.36129999999999995
vt 0.8038 0.3481000000000001
vt 0.8038 0.3481000000000001
vt 0.7906 0.36129999999999995
vt 0.8065 0.3578
vt 0.8038 0.3481000000000001
vt 0.8065 0.3578
vt 0.8249 0.3507
vt 0.8249 0.3507
vt 0.8065 0.3578
vt 0.8248 0.36719999999999997
vt 0.7262 0.43320000000000003
vt 0.7372 0.4528
vt 0.7437 0.4468
vt 0.7262 0.43320000000000003
vt 0.7437 0.4468
vt 0.7303 0.4246
vt 0.7303 0.4246
vt 0.7437 0.4468
vt 0.7344 0.41470000000000007
vt 0.7303 0.4246
vt 0.7344 0.41470000000000007
vt 0.7204 0.4065
vt 0.7204 0.4065
vt 0.7344 0.41470000000000007
vt 0.7239 0.3951
vt 0.7204 0.4065
vt 0.7239 0.3951
vt 0.7166 0.3809
vt 0.7166 0.3809
vt 0.7239 0.3951
vt 0.7292 0.382
vt 0.7166 0.3809
vt 0.7292 0.382
vt 0.7217 0.36840000000000006
vt 0.7217 0.36840000000000006
vt 0.7292 0.382
vt 0.7355 0.34529999999999994
vt 0.7217 0.36840000000000006
vt 0.7355 0.34529999999999994
vt 0.7151 0.35939999999999994
vt 0.7151 0.35939999999999994
vt 0.7355 0.34529999999999994
vt 0.7302 0.33729999999999993
vt 0.7151 0.35939999999999994
vt 0.7302 0.33729999999999993
vt 0.7227 0.32620000000000005
vt 0.7227 0.32620000000000005
vt 0.7302 0.33729999999999993
vt 0.7298 0.3178000000000001
vt 0.8274 0.3871
vt 0.8248 0.36719999999999997
vt 0.8087 0.372
vt 0.8087 0.372
vt 0.8248 0.36719999999999997
vt 0.8065 0.3578
vt 0.8087 0.372
vt 0.8065 0.3578
vt 0.7943 0.37670000000000003
vt 0.7943 0.37670000000000003
vt 0.8065 0.3578
vt 0.7906 0.36129999999999995
vt 0.7943 0.37670000000000003
vt 0.7906 0.36129999999999995
vt 0.7798 0.381
vt 0.7798 0.381
vt 0.7906 0.36129999999999995
vt 0.774 0.3659
vt 0.7798 0.381
vt 0.774 0.3659
vt 0.7693 0.3839
vt 0.7693 0.3839
vt 0.774 0.3659
vt 0.7627 0.3667
vt 0.7693 0.3839
vt 0.7627 0.3667
vt 0.7516 0.3698
vt 0.7516 0.3698
vt 0.7627 0.3667
vt 0.7578 0.3591
vt 0.7516 0.3698
vt 0.7578 0.3591
vt 0.7465 0.36250000000000004
vt 0.7465 0.36250000000000004
vt 0.7578 0.3591
vt 0.7496 0.34909999999999997
vt 0.7465 0.36250000000000004
vt 0.7496 0.34909999999999997
vt 0.7414 0.35539999999999994
vt 0.7414 0.35539999999999994
vt 0.7496 0.34909999999999997
vt 0.7431 0.3388
vt 0.7414 0.35539999999999994
vt 0.7431 0.3388
vt 0.7355 0.34529999999999994
vt 0.7355 0.34529999999999994
vt 0.7431 0.3388
vt 0.7377 0.3295
vt 0.7355 0.34529999999999994
vt 0.7377 0.3295
vt 0.7302 0.33729999999999993
vt 0.7302 0.33729999999999993
vt 0.7377 0.3295
vt 0.7298 0.3178000000000001
vt 0.7227 0.32620000000000005
vt 0.7298 0.3178000000000001
vt 0.7302 0.33729999999999993
vt 0.7227 0.32620000000000005
vt 0.7302 0.33729999999999993
vt 0.7151 0.35939999999999994
vt 0.7151 0.35939999999999994
vt 0.7302 0.33729999999999993
vt 0.7355 0.34529999999999994
vt 0.7151 0.35939999999999994
vt 0.7355 0.34529999999999994
vt 0.7217 0.36840000000000006
vt 0.7217 0.36840000000000006
vt 0.7355 0.34529999999999994
vt 0.7292 0.382
vt 0.7217 0.36840000000000006
vt 0.7292 0.382
vt 0.7166 0.3809
vt 0.7166 0.3809
vt 0.7292 0.382
vt 0.7239 0.3951
vt 0.7166 0.3809
vt 0.7239 0.3951
vt 0.7204 0.4065
vt 0.7204 0.4065
vt 0.7239 0.3951
vt 0.7344 0.41470000000000007
vt 0.7204 0.4065
vt 0.7344 0.41470000000000007
vt 0.7303 0.4246
vt 0.7303 0.4246
vt 0.7344 0.41470000000000007
vt 0.7437 0.4468
vt 0.7303 0.4246
vt 0.7437 0.4468
vt 0.7262 0.43320000000000003
vt 0.7262 0.43320000000000003
vt 0.7437 0.4468
vt 0.7372 0.4528
vt 0.7445 0.3235
vt 0.7499 0.3325
vt 0.7485 0.31810000000000005
vt 0.7445 0.3235
vt 0.7485 0.31810000000000005
vt 0.7423 0.3091999999999999
vt 0.7423 0.3091999999999999
vt 0.7485 0.31810000000000005
vt 0.751 0.3131999999999999
vt 0.7423 0.3091999999999999
vt 0.751 0.3131999999999999
vt 0.7461 0.30699999999999994
vt 0.7461 0.30699999999999994
vt 0.751 0.3131999999999999
vt 0.7543 0.31000000000000005
vt 0.7461 0.30699999999999994
vt 0.7543 0.31000000000000005
vt 0.7498 0.3043
vt 0.7498 0.3043
vt 0.7543 0.31000000000000005
vt 0.7533 0.3016
vt 0.7998 0.2795000000000001
vt 0.7952 0.2792
vt 0.7985 0.28780000000000006
vt 0.7998 0.2795000000000001
vt 0.7985 0.28780000000000006
vt 0.8011 0.2873
vt 0.8011 0.2873
vt 0.7985 0.28780000000000006
vt 0.7972 0.29800000000000004
vt 0.8011 0.2873
vt 0.7972 0.29800000000000004
vt 0.8013 0.29810000000000003
vt 0.8013 0.29810000000000003
vt 0.7972 0.29800000000000004
vt 0.7911 0.31210000000000004
vt 0.8013 0.29810000000000003
vt 0.7911 0.31210000000000004
vt 0.7942 0.3165
vt 0.7942 0.3165
vt 0.7911 0.31210000000000004
vt 0.7845 0.31909999999999994
vt 0.7942 0.3165
vt 0.7845 0.31909999999999994
vt 0.7857 0.3224
vt 0.7857 0.3224
vt 0.7845 0.31909999999999994
vt 0.7795 0.3227
vt 0.7857 0.3224
vt 0.7795 0.3227
vt 0.7777 0.3277
vt 0.7777 0.3277
vt 0.7795 0.3227
vt 0.7713 0.3184
vt 0.7777 0.3277
vt 0.7713 0.3184
vt 0.7674 0.32319999999999993
vt 0.7674 0.32319999999999993
vt 0.7713 0.3184
vt 0.7641 0.3124
vt 0.7674 0.32319999999999993
vt 0.7641 0.3124
vt 0.7607 0.3166
vt 0.7607 0.3166
vt 0.7641 0.3124
vt 0.7578 0.3063
vt 0.7607 0.3166
vt 0.7578 0.3063
vt 0.7543 0.31000000000000005
vt 0.7543 0.31000000000000005
vt 0.7578 0.3063
vt 0.7533 0.3016
vt 0.7498 0.3043
vt 0.7533 0.3016
vt 0.7543 0.31000000000000005
vt 0.7498 0.3043
vt 0.7543 0.31000000000000005
vt 0.7461 0.30699999999999994
vt 0.7461 0.30699999999999994
vt 0.7543 0.31000000000000005
vt 0.751 0.3131999999999999
vt 0.7461 0.30699999999999994
vt 0.751 0.3131999999999999
vt 0.7423 0.3091999999999999
vt 0.7423 0.3091999999999999
vt 0.751 0.3131999999999999
vt 0.7485 0.31810000000000005
vt 0.7423 0.3091999999999999
vt 0.7485 0.31810000000000005
vt 0.7445 0.3235
vt 0.7445 0.3235
vt 0.7485 0.31810000000000005
vt 0.7499 0.3325
vt 0.7445 0.3235
vt 0.7499 0.3325
vt 0.7431 0.3388
vt 0.7431 0.3388
vt 0.7499 0.3325
vt 0.7496 0.34909999999999997
vt 0.7431 0.3388
vt 0.7496 0.34909999999999997
vt 0.7414 0.35539999999999994
vt 0.7414 0.35539999999999994
vt 0.7496 0.34909999999999997
vt 0.7465 0.36250000000000004
vt 0.7414 0.35539999999999994
vt 0.7465 0.36250000000000004
vt 0.7292 0.382
vt 0.7292 0.382
vt 0.7465 0.36250000000000004
vt 0.7388 0.3992
vt 0.7292 0.382
vt 0.7388 0.3992
vt 0.7344 0.41470000000000007
vt 0.7344 0.41470000000000007
vt 0.7388 0.3992
vt 0.7522 0.4193
vt 0.7344 0.41470000000000007
vt 0.7522 0.4193
vt 0.7498 0.4388000000000001
vt 0.7498 0.4388000000000001
vt 0.7522 0.4193
vt 0.7693 0.46730000000000005
vt 0.7498 0.4388000000000001
vt 0.7693 0.46730000000000005
vt 0.7437 0.4468
vt 0.7437 0.4468
vt 0.7693 0.46730000000000005
vt 0.7568 0.4717
vt 0.7437 0.4468
vt 0.7568 0.4717
vt 0.747 0.4746
vt 0.747 0.4746
vt 0.7568 0.4717
vt 0.7634 0.49740000000000006
vt 0.747 0.4746
vt 0.7634 0.49740000000000006
vt 0.7529 0.497
vt 0.7529 0.497
vt 0.7634 0.49740000000000006
vt 0.7552 0.5166
vt 0.9149 0.5305
vt 0.9048 0.5653
vt 0.8932 0.5499
vt 0.9149 0.5305
vt 0.8932 0.5499
vt 0.8831 0.5375
vt 0.8831 0.5375
vt 0.8932 0.5499
vt 0.8684 0.5641
vt 0.8831 0.5375
vt 0.8684 0.5641
vt 0.8619 0.5489
vt 0.8619 0.5489
vt 0.8684 0.5641
vt 0.8366 0.5576
vt 0.8619 0.5489
vt 0.8366 0.5576
vt 0.8567 0.5363
vt 0.8567 0.5363
vt 0.8366 0.5576
vt 0.8342 0.543
vt 0.8567 0.5363
vt 0.8342 0.543
vt 0.8336 0.5272
vt 0.8336 0.5272
vt 0.8342 0.543
vt 0.8106 0.5283
vt 0.8336 0.5272
vt 0.8106 0.5283
vt 0.8361 0.5075
vt 0.8361 0.5075
vt 0.8106 0.5283
vt 0.8117 0.5057
vt 0.8361 0.5075
vt 0.8117 0.5057
vt 0.8137 0.48219999999999996
vt 0.8137 0.48219999999999996
vt 0.8117 0.5057
vt 0.7916 0.5027
vt 0.8137 0.48219999999999996
vt 0.7916 0.5027
vt 0.7914 0.47740000000000005
vt 0.7914 0.47740000000000005
vt 0.7916 0.5027
vt 0.7693 0.46730000000000005
vt 0.7914 0.47740000000000005
vt 0.7693 0.46730000000000005
vt 0.7879 0.45510000000000006
vt 0.7879 0.45510000000000006
vt 0.7693 0.46730000000000005
vt 0.7687 0.43999999999999995
vt 0.7879 0.45510000000000006
vt 0.7687 0.43999999999999995
vt 0.7639 0.39979999999999993
vt 0.7639 0.39979999999999993
vt 0.7687 0.43999999999999995
vt 0.7522 0.4193
vt 0.7639 0.39979999999999993
vt 0.7522 0.4193
vt 0.7516 0.3698
vt 0.7516 0.3698
vt 0.7522 0.4193
vt 0.7465 0.36250000000000004
vt 0.7516 0.3698
vt 0.7465 0.36250000000000004
vt 0.7578 0.3591
vt 0.7578 0.3591
vt 0.7465 0.36250000000000004
vt 0.7496 0.34909999999999997
vt 0.7578 0.3591
vt 0.7496 0.34909999999999997
vt 0.7579 0.34299999999999997
vt 0.7579 0.34299999999999997
vt 0.7496 0.34909999999999997
vt 0.7499 0.3325
vt 0.7579 0.34299999999999997
vt 0.7499 0.3325
vt 0.7543 0.32689999999999997
vt 0.7543 0.32689999999999997
vt 0.7499 0.3325
vt 0.7485 0.31810000000000005
vt 0.7543 0.32689999999999997
vt 0.7485 0.31810000000000005
vt 0.757 0.3216
vt 0.757 0.3216
vt 0.7485 0.31810000000000005
vt 0.751 0.3131999999999999
vt 0.757 0.3216
vt 0.751 0.3131999999999999
vt 0.7607 0.3166
vt 0.7607 0.3166
vt 0.751 0.3131999999999999
vt 0.7543 0.31000000000000005
vt 0.7607 0.3166
vt 0.7543 0.31000000000000005
vt 0.7578 0.3063
vt 0.7578 0.3063
vt 0.7543 0.31000000000000005
vt 0.7533 0.3016
vt 0.7533 0.3016
vt 0.7578 0.3063
vt 0.755 0.2994
vt 0.7533 0.3016
vt 0.755 0.2994
vt 0.7578 0.3063
vt 0.7952 0.2792
vt 0.7923 0.27869999999999995
vt 0.794 0.2875
vt 0.7952 0.2792
vt 0.794 0.2875
vt 0.7985 0.28780000000000006
vt 0.7985 0.28780000000000006
vt 0.794 0.2875
vt 0.7937 0.29679999999999995
vt 0.7985 0.28780000000000006
vt 0.7937 0.29679999999999995
vt 0.7972 0.29800000000000004
vt 0.7972 0.29800000000000004
vt 0.7937 0.29679999999999995
vt 0.788 0.31010000000000004
vt 0.7972 0.29800000000000004
vt 0.788 0.31010000000000004
vt 0.7911 0.31210000000000004
vt 0.7911 0.31210000000000004
vt 0.788 0.31010000000000004
vt 0.7841 0.3158000000000001
vt 0.7911 0.31210000000000004
vt 0.7841 0.3158000000000001
vt 0.7845 0.31909999999999994
vt 0.7845 0.31909999999999994
vt 0.7841 0.3158000000000001
vt 0.7811 0.31800000000000006
vt 0.7845 0.31909999999999994
vt 0.7811 0.31800000000000006
vt 0.7795 0.3227
vt 0.7795 0.3227
vt 0.7811 0.31800000000000006
vt 0.7755 0.3143
vt 0.7795 0.3227
vt 0.7755 0.3143
vt 0.7713 0.3184
vt 0.7713 0.3184
vt 0.7755 0.3143
vt 0.7683 0.3077
vt 0.7713 0.3184
vt 0.7683 0.3077
vt 0.7641 0.3124
vt 0.7641 0.3124
vt 0.7683 0.3077
vt 0.7602 0.3030999999999999
vt 0.7641 0.3124
vt 0.7602 0.3030999999999999
vt 0.7578 0.3063
vt 0.7578 0.3063
vt 0.7602 0.3030999999999999
vt 0.755 0.2994
vt 0.7639 0.39979999999999993
vt 0.7516 0.3698
vt 0.7693 0.3839
vt 0.7693 0.3839
vt 0.7516 0.3698
vt 0.7627 0.3667
vt 0.7693 0.3839
vt 0.7627 0.3667
vt 0.774 0.3659
vt 0.774 0.3659
vt 0.7627 0.3667
vt 0.7578 0.3591
vt 0.774 0.3659
vt 0.7578 0.3591
vt 0.7692 0.3538
vt 0.7692 0.3538
vt 0.7578 0.3591
vt 0.7579 0.34299999999999997
vt 0.7692 0.3538
vt 0.7579 0.34299999999999997
vt 0.7629 0.3366
vt 0.7629 0.3366
vt 0.7579 0.34299999999999997
vt 0.7543 0.32689999999999997
vt 0.7629 0.3366
vt 0.7543 0.32689999999999997
vt 0.7648 0.32899999999999996
vt 0.7648 0.32899999999999996
vt 0.7543 0.32689999999999997
vt 0.757 0.3216
vt 0.7648 0.32899999999999996
vt 0.757 0.3216
vt 0.7674 0.32319999999999993
vt 0.7674 0.32319999999999993
vt 0.757 0.3216
vt 0.7607 0.3166
vt 0.7674 0.32319999999999993
vt 0.7607 0.3166
vt 0.7641 0.3124
vt 0.7641 0.3124
vt 0.7607 0.3166
vt 0.7578 0.3063
vt 0.7641 0.3124
vt 0.7578 0.3063
vt 0.7602 0.3030999999999999
vt 0.7602 0.3030999999999999
vt 0.7578 0.3063
vt 0.755 0.2994
vt 0.7833 0.31289999999999996
vt 0.7841 0.3158000000000001
vt 0.788 0.31010000000000004
vt 0.7833 0.31289999999999996
vt 0.788 0.31010000000000004
vt 0.7864 0.3095
vt 0.7864 0.3095
vt 0.788 0.31010000000000004
vt 0.7937 0.29679999999999995
vt 0.7864 0.3095
vt 0.7937 0.29679999999999995
vt 0.7896 0.29610000000000003
vt 0.7896 0.29610000000000003
vt 0.7937 0.29679999999999995
vt 0.794 0.2875
vt 0.7896 0.29610000000000003
vt 0.794 0.2875
vt 0.7908 0.2862
vt 0.7908 0.2862
vt 0.794 0.2875
vt 0.7923 0.27869999999999995
vt 0.7908 0.2862
vt 0.7923 0.27869999999999995
vt 0.7888 0.2782
vt 0.7841 0.3158000000000001
vt 0.7833 0.31289999999999996
vt 0.788 0.31010000000000004
vt 0.788 0.31010000000000004
vt 0.7833 0.31289999999999996
vt 0.7864 0.3095
vt 0.788 0.31010000000000004
vt 0.7864 0.3095
vt 0.7937 0.29679999999999995
vt 0.7937 0.29679999999999995
vt 0.7864 0.3095
vt 0.7896 0.29610000000000003
vt 0.7937 0.29679999999999995
vt 0.7896 0.29610000000000003
vt 0.794 0.2875
vt 0.794 0.2875
vt 0.7896 0.29610000000000003
vt 0.7908 0.2862
vt 0.794 0.2875
vt 0.7908 0.2862
vt 0.7923 0.27869999999999995
vt 0.7923 0.27869999999999995
vt 0.7908 0.2862
vt 0.7888 0.2782
vt 0.8383 0.30590000000000006
vt 0.8476 0.3173
vt 0.8547 0.3105
vt 0.8383 0.30590000000000006
vt 0.8547 0.3105
vt 0.8476 0.3173
vt 0.8163 0.29469999999999996
vt 0.8092 0.2901
vt 0.8166 0.29689999999999994
vt 0.8163 0.29469999999999996
vt 0.8166 0.29689999999999994
vt 0.8254 0.30299999999999994
vt 0.8254 0.30299999999999994
vt 0.8166 0.29689999999999994
vt 0.8253 0.31790000000000007
vt 0.8254 0.30299999999999994
vt 0.8253 0.31790000000000007
vt 0.8312 0.3173
vt 0.8312 0.3173
vt 0.8253 0.31790000000000007
vt 0.8396 0.32499999999999996
vt 0.8312 0.3173
vt 0.8396 0.32499999999999996
vt 0.8253 0.31790000000000007
vt 0.8312 0.3173
vt 0.8253 0.31790000000000007
vt 0.8254 0.30299999999999994
vt 0.8254 0.30299999999999994
vt 0.8253 0.31790000000000007
vt 0.8166 0.29689999999999994
vt 0.8254 0.30299999999999994
vt 0.8166 0.29689999999999994
vt 0.8163 0.29469999999999996
vt 0.8163 0.29469999999999996
vt 0.8166 0.29689999999999994
vt 0.8092 0.2901
vt 0.8947 0.3668
vt 0.8984 0.3415
vt 0.8843 0.36060000000000003
vt 0.8843 0.36060000000000003
vt 0.8984 0.3415
vt 0.8832 0.3448
vt 0.8843 0.36060000000000003
vt 0.8832 0.3448
vt 0.8752 0.3609
vt 0.8752 0.3609
vt 0.8832 0.3448
vt 0.8742 0.3497
vt 0.8752 0.3609
vt 0.8742 0.3497
vt 0.8677 0.3598
vt 0.8677 0.3598
vt 0.8742 0.3497
vt 0.8662 0.35119999999999996
vt 0.8677 0.3598
vt 0.8662 0.35119999999999996
vt 0.8742 0.3497
vt 0.8677 0.3598
vt 0.8742 0.3497
vt 0.8752 0.3609
vt 0.8752 0.3609
vt 0.8742 0.3497
vt 0.8832 0.3448
vt 0.8752 0.3609
vt 0.8832 0.3448
vt 0.8843 0.36060000000000003
vt 0.8843 0.36060000000000003
vt 0.8832 0.3448
vt 0.8984 0.3415
vt 0.8843 0.36060000000000003
vt 0.8984 0.3415
vt 0.8947 0.3668
vt 0.8947 0.3668
vt 0.8984 0.3415
vt 0.9 0.3711
vt 0.8947 0.3668
vt 0.9 0.3711
vt 0.8836 0.39060000000000006
vt 0.8836 0.39060000000000006
vt 0.9 0.3711
vt 0.8876 0.3961
vt 0.8836 0.39060000000000006
vt 0.8876 0.3961
vt 0.8632 0.4161
vt 0.8632 0.4161
vt 0.8876 0.3961
vt 0.8682 0.42300000000000004
vt 0.8632 0.4161
vt 0.8682 0.42300000000000004
vt 0.8448 0.4315
vt 0.8448 0.4315
vt 0.8682 0.42300000000000004
vt 0.8764 0.44510000000000005
vt 0.8448 0.4315
vt 0.8764 0.44510000000000005
vt 0.8444 0.45130000000000003
vt 0.8444 0.45130000000000003
vt 0.8764 0.44510000000000005
vt 0.8652 0.4686
vt 0.8444 0.45130000000000003
vt 0.8652 0.4686
vt 0.8388 0.46950000000000003
vt 0.8388 0.46950000000000003
vt 0.8652 0.4686
vt 0.8659 0.48960000000000004
vt 0.8388 0.46950000000000003
vt 0.8659 0.48960000000000004
vt 0.8388 0.4869
vt 0.8388 0.4869
vt 0.8659 0.48960000000000004
vt 0.8591 0.508
vt 0.8388 0.4869
vt 0.8591 0.508
vt 0.8361 0.5075
vt 0.8361 0.5075
vt 0.8591 0.508
vt 0.8336 0.5272
vt 0.8388 0.3519
vt 0.8361 0.36349999999999993
vt 0.8425 0.35620000000000007
vt 0.8425 0.35620000000000007
vt 0.8361 0.36349999999999993
vt 0.8418 0.3638
vt 0.8425 0.35620000000000007
vt 0.8418 0.3638
vt 0.8492 0.35450000000000004
vt 0.8492 0.35450000000000004
vt 0.8418 0.3638
vt 0.8479 0.36139999999999994
vt 0.8504 0.33420000000000005
vt 0.8659 0.33430000000000004
vt 0.8525 0.3367
vt 0.8504 0.33420000000000005
vt 0.8525 0.3367
vt 0.8391 0.33909999999999996
vt 0.8391 0.33909999999999996
vt 0.8525 0.3367
vt 0.8439 0.3427
vt 0.8391 0.33909999999999996
vt 0.8439 0.3427
vt 0.8249 0.3507
vt 0.8249 0.3507
vt 0.8439 0.3427
vt 0.8388 0.3519
vt 0.8249 0.3507
vt 0.8388 0.3519
vt 0.8361 0.36349999999999993
vt 0.8361 0.36349999999999993
vt 0.8388 0.3519
vt 0.8425 0.35620000000000007
vt 0.8361 0.36349999999999993
vt 0.8425 0.35620000000000007
vt 0.8418 0.3638
vt 0.8418 0.3638
vt 0.8425 0.35620000000000007
vt 0.8492 0.35450000000000004
vt 0.8418 0.3638
vt 0.8492 0.35450000000000004
vt 0.8479 0.36139999999999994
vt 0.4411 0.35539999999999994
vt 0.4204 0.40969999999999995
vt 0.4485 0.35539999999999994
vt 0.4485 0.35539999999999994
vt 0.4204 0.40969999999999995
vt 0.4279 0.41080000000000005
vt 0.4485 0.35539999999999994
vt 0.4279 0.41080000000000005
vt 0.4568 0.355
vt 0.4568 0.355
vt 0.4279 0.41080000000000005
vt 0.4352 0.4106000000000001
vt 0.4568 0.355
vt 0.4352 0.4106000000000001
vt 0.4651 0.3546
vt 0.4651 0.3546
vt 0.4352 0.4106000000000001
vt 0.4429 0.4105
vt 0.4651 0.3546
vt 0.4429 0.4105
vt 0.4736 0.3539
vt 0.4736 0.3539
vt 0.4429 0.4105
vt 0.4521 0.4101
vt 0.4736 0.3539
vt 0.4521 0.4101
vt 0.4825 0.3529
vt 0.4825 0.3529
vt 0.4521 0.4101
vt 0.4635 0.4095
vt 0.4825 0.3529
vt 0.4635 0.4095
vt 0.4904 0.3518
vt 0.4904 0.3518
vt 0.4635 0.4095
vt 0.4745 0.40890000000000004
vt 0.4904 0.3518
vt 0.4745 0.40890000000000004
vt 0.4996 0.3498
vt 0.4996 0.3498
vt 0.4745 0.40890000000000004
vt 0.4873 0.4074
vt 0.4996 0.3498
vt 0.4873 0.4074
vt 0.5083 0.3474999999999999
vt 0.5083 0.3474999999999999
vt 0.4873 0.4074
vt 0.5032 0.4052
vt 0.5083 0.3474999999999999
vt 0.5032 0.4052
vt 0.5145 0.34709999999999996
vt 0.5145 0.34709999999999996
vt 0.5032 0.4052
vt 0.5108 0.40490000000000004
vt 0.5145 0.34709999999999996
vt 0.5108 0.40490000000000004
vt 0.5225 0.34850000000000003
vt 0.5225 0.34850000000000003
vt 0.5108 0.40490000000000004
vt 0.5177 0.4085
vt 0.5225 0.34850000000000003
vt 0.5177 0.4085
vt 0.5301 0.35030000000000006
vt 0.5301 0.35030000000000006
vt 0.5177 0.4085
vt 0.5258 0.40979999999999994
vt 0.5301 0.35030000000000006
vt 0.5258 0.40979999999999994
vt 0.5376 0.35139999999999993
vt 0.5376 0.35139999999999993
vt 0.5258 0.40979999999999994
vt 0.5335 0.41080000000000005
vt 0.4204 0.40969999999999995
vt 0.4411 0.35539999999999994
vt 0.4485 0.35539999999999994
vt 0.4204 0.40969999999999995
vt 0.4485 0.35539999999999994
vt 0.4279 0.41080000000000005
vt 0.4279 0.41080000000000005
vt 0.4485 0.35539999999999994
vt 0.4568 0.355
vt 0.4279 0.41080000000000005
vt 0.4568 0.355
vt 0.4352 0.4106000000000001
vt 0.4352 0.4106000000000001
vt 0.4568 0.355
vt 0.4651 0.3546
vt 0.4352 0.4106000000000001
vt 0.4651 0.3546
vt 0.4429 0.4105
vt 0.4429 0.4105
vt 0.4651 0.3546
vt 0.4736 0.3539
vt 0.4429 0.4105
vt 0.4736 0.3539
vt 0.4521 0.4101
vt 0.4521 0.4101
vt 0.4736 0.3539
vt 0.4825 0.3529
vt 0.4521 0.4101
vt 0.4825 0.3529
vt 0.4635 0.4095
vt 0.4635 0.4095
vt 0.4825 0.3529
vt 0.4904 0.3518
vt 0.4635 0.4095
vt 0.4904 0.3518
vt 0.4745 0.40890000000000004
vt 0.4745 0.40890000000000004
vt 0.4904 0.3518
vt 0.4996 0.3498
vt 0.4745 0.40890000000000004
vt 0.4996 0.3498
vt 0.4873 0.4074
vt 0.4873 0.4074
vt 0.4996 0.3498
vt 0.5083 0.3474999999999999
vt 0.4873 0.4074
vt 0.5083 0.3474999999999999
vt 0.5032 0.4052
vt 0.5032 0.4052
vt 0.5083 0.3474999999999999
vt 0.5145 0.34709999999999996
vt 0.5032 0.4052
vt 0.5145 0.34709999999999996
vt 0.5108 0.40490000000000004
vt 0.5108 0.40490000000000004
vt 0.5145 0.34709999999999996
vt 0.5225 0.34850000000000003
vt 0.5108 0.40490000000000004
vt 0.5225 0.34850000000000003
vt 0.5177 0.4085
vt 0.5177 0.4085
vt 0.5225 0.34850000000000003
vt 0.5301 0.35030000000000006
vt 0.5177 0.4085
vt 0.5301 0.35030000000000006
vt 0.5258 0.40979999999999994
vt 0.5258 0.40979999999999994
vt 0.5301 0.35030000000000006
vt 0.5376 0.35139999999999993
vt 0.5258 0.40979999999999994
vt 0.5376 0.35139999999999993
vt 0.5335 0.41080000000000005
vt 0.8642 0.33909999999999996
vt 0.8465 0.34729999999999994
vt 0.86 0.3457
vt 0.8439 0.3427
vt 0.8525 0.3367
vt 0.8537 0.3409
vt 0.8537 0.3409
vt 0.8525 0.3367
vt 0.8642 0.33909999999999996
vt 0.8537 0.3409
vt 0.8642 0.33909999999999996
vt 0.8465 0.34729999999999994
vt 0.8465 0.34729999999999994
vt 0.8642 0.33909999999999996
vt 0.86 0.3457
vt 0.8742 0.3497
vt 0.8832 0.3448
vt 0.874 0.3375
vt 0.8742 0.3497
vt 0.874 0.3375
vt 0.8681 0.3400000000000001
vt 0.8681 0.3400000000000001
vt 0.874 0.3375
vt 0.8642 0.33909999999999996
vt 0.8681 0.3400000000000001
vt 0.8642 0.33909999999999996
vt 0.8742 0.3497
vt 0.8742 0.3497
vt 0.8642 0.33909999999999996
vt 0.8634 0.3468
vt 0.8742 0.3497
vt 0.8634 0.3468
vt 0.8642 0.33909999999999996
vt 0.8452 0.4094
vt 0.8537 0.40080000000000005
vt 0.845 0.39880000000000004
vt 0.845 0.39880000000000004
vt 0.8537 0.40080000000000005
vt 0.8505 0.39050000000000007
vt 0.845 0.39880000000000004
vt 0.8505 0.39050000000000007
vt 0.8462 0.389
vt 0.8462 0.389
vt 0.8505 0.39050000000000007
vt 0.8482 0.3817999999999999
vt 0.8462 0.389
vt 0.8482 0.3817999999999999
vt 0.8432 0.3718
vt 0.8432 0.3718
vt 0.8482 0.3817999999999999
vt 0.8532 0.3749
vt 0.8432 0.3718
vt 0.8532 0.3749
vt 0.8418 0.3638
vt 0.8418 0.3638
vt 0.8532 0.3749
vt 0.8485 0.3681
vt 0.7648 0.32899999999999996
vt 0.7674 0.32319999999999993
vt 0.7777 0.3277
vt 0.7648 0.32899999999999996
vt 0.7777 0.3277
vt 0.7767 0.33410000000000006
vt 0.7767 0.33410000000000006
vt 0.7777 0.3277
vt 0.7864 0.3286
vt 0.7767 0.33410000000000006
vt 0.7864 0.3286
vt 0.7873 0.33709999999999996
vt 0.7873 0.33709999999999996
vt 0.7864 0.3286
vt 0.803 0.33119999999999994
vt 0.7873 0.33709999999999996
vt 0.803 0.33119999999999994
vt 0.7881 0.351
vt 0.7881 0.351
vt 0.803 0.33119999999999994
vt 0.8038 0.3481000000000001
vt 0.7881 0.351
vt 0.8038 0.3481000000000001
vt 0.7906 0.36129999999999995
vt 0.7906 0.36129999999999995
vt 0.8038 0.3481000000000001
vt 0.8065 0.3578
vt 0.7906 0.36129999999999995
vt 0.8065 0.3578
vt 0.7943 0.37670000000000003
vt 0.7943 0.37670000000000003
vt 0.8065 0.3578
vt 0.8087 0.372
vt 0.7943 0.37670000000000003
vt 0.8087 0.372
vt 0.8002 0.3964
vt 0.8002 0.3964
vt 0.8087 0.372
vt 0.8137 0.39159999999999995
vt 0.8002 0.3964
vt 0.8137 0.39159999999999995
vt 0.8147 0.40549999999999997
vt 0.8147 0.40549999999999997
vt 0.8137 0.39159999999999995
vt 0.8255 0.4001
vt 0.8147 0.40549999999999997
vt 0.8255 0.4001
vt 0.8301 0.4123
vt 0.8301 0.4123
vt 0.8255 0.4001
vt 0.8366 0.4063
vt 0.8301 0.4123
vt 0.8366 0.4063
vt 0.8449 0.4143
vt 0.8449 0.4143
vt 0.8366 0.4063
vt 0.8452 0.4094
vt 0.8449 0.4143
vt 0.8452 0.4094
vt 0.8537 0.40080000000000005
vt 0.8537 0.40080000000000005
vt 0.8452 0.4094
vt 0.845 0.39880000000000004
vt 0.8537 0.40080000000000005
vt 0.845 0.39880000000000004
vt 0.8505 0.39050000000000007
vt 0.8505 0.39050000000000007
vt 0.845 0.39880000000000004
vt 0.8462 0.389
vt 0.8505 0.39050000000000007
vt 0.8462 0.389
vt 0.8482 0.3817999999999999
vt 0.8482 0.3817999999999999
vt 0.8462 0.389
vt 0.8432 0.3718
vt 0.8482 0.3817999999999999
vt 0.8432 0.3718
vt 0.8532 0.3749
vt 0.8532 0.3749
vt 0.8432 0.3718
vt 0.8418 0.3638
vt 0.8532 0.3749
vt 0.8418 0.3638
vt 0.8485 0.3681
vt 0.0174 0.12360000000000004
vt 0.0407 0.12149999999999994
vt 0.0341 0.09460000000000002
vt 0.0174 0.12360000000000004
vt 0.0341 0.09460000000000002
vt 0.0098 0.09519999999999995
vt 0.0098 0.09519999999999995
vt 0.0341 0.09460000000000002
vt 0.0301 0.062100000000000044
vt 0.0098 0.09519999999999995
vt 0.0301 0.062100000000000044
vt 0.0049 0.060799999999999965
vt 0.0049 0.060799999999999965
vt 0.0301 0.062100000000000044
vt 0.0263 0.029299999999999993
vt 0.0049 0.060799999999999965
vt 0.0263 0.029299999999999993
vt 0 0.02639999999999998
vt 0 0.02639999999999998
vt 0.0263 0.029299999999999993
vt 0.032 0.0030999999999999917
vt 0 0.02639999999999998
vt 0.032 0.0030999999999999917
vt 0.0072 0
vt 0.0407 0.12149999999999994
vt 0.0174 0.12360000000000004
vt 0.0341 0.09460000000000002
vt 0.0341 0.09460000000000002
vt 0.0174 0.12360000000000004
vt 0.0098 0.09519999999999995
vt 0.0341 0.09460000000000002
vt 0.0098 0.09519999999999995
vt 0.0301 0.062100000000000044
vt 0.0301 0.062100000000000044
vt 0.0098 0.09519999999999995
vt 0.0049 0.060799999999999965
vt 0.0301 0.062100000000000044
vt 0.0049 0.060799999999999965
vt 0.0263 0.029299999999999993
vt 0.0263 0.029299999999999993
vt 0.0049 0.060799999999999965
vt 0 0.02639999999999998
vt 0.0263 0.029299999999999993
vt 0 0.02639999999999998
vt 0.032 0.0030999999999999917
vt 0.032 0.0030999999999999917
vt 0 0.02639999999999998
vt 0.0072 0
vt 0.3428 0.1473
vt 0.3472 0.12360000000000004
vt 0.2901 0.15000000000000002
vt 0.2901 0.15000000000000002
vt 0.3472 0.12360000000000004
vt 0.2946 0.125
vt 0.2901 0.15000000000000002
vt 0.2946 0.125
vt 0.1787 0.15039999999999998
vt 0.1787 0.15039999999999998
vt 0.2946 0.125
vt 0.1834 0.124
vt 0.1787 0.15039999999999998
vt 0.1834 0.124
vt 0.0567 0.1521
vt 0.0567 0.1521
vt 0.1834 0.124
vt 0.0617 0.12660000000000005
vt 0.0567 0.1521
vt 0.0617 0.12660000000000005
vt 0.0323 0.1522
vt 0.0323 0.1522
vt 0.0617 0.12660000000000005
vt 0.0383 0.1251
vt 0.0323 0.1522
vt 0.0383 0.1251
vt 0.008 0.1522
vt 0.008 0.1522
vt 0.0383 0.1251
vt 0.0149 0.12360000000000004
vt 0.3472 0.12360000000000004
vt 0.3428 0.1473
vt 0.2901 0.15000000000000002
vt 0.3472 0.12360000000000004
vt 0.2901 0.15000000000000002
vt 0.2946 0.125
vt 0.2946 0.125
vt 0.2901 0.15000000000000002
vt 0.1787 0.15039999999999998
vt 0.2946 0.125
vt 0.1787 0.15039999999999998
vt 0.1834 0.124
vt 0.1834 0.124
vt 0.1787 0.15039999999999998
vt 0.0567 0.1521
vt 0.1834 0.124
vt 0.0567 0.1521
vt 0.0617 0.12660000000000005
vt 0.0617 0.12660000000000005
vt 0.0567 0.1521
vt 0.0323 0.1522
vt 0.0617 0.12660000000000005
vt 0.0323 0.1522
vt 0.0383 0.1251
vt 0.0383 0.1251
vt 0.0323 0.1522
vt 0.008 0.1522
vt 0.0383 0.1251
vt 0.008 0.1522
vt 0.0149 0.12360000000000004
vt 0.3722 0.5007
vt 0.3878 0.5212
vt 0.3854 0.49130000000000007
vt 0.3722 0.5007
vt 0.3854 0.49130000000000007
vt 0.3634 0.4737
vt 0.3634 0.4737
vt 0.3854 0.49130000000000007
vt 0.3818 0.47140000000000004
vt 0.3634 0.4737
vt 0.3818 0.47140000000000004
vt 0.3684 0.4458
vt 0.3684 0.4458
vt 0.3818 0.47140000000000004
vt 0.3832 0.4516
vt 0.3684 0.4458
vt 0.3832 0.4516
vt 0.3917 0.4315
vt 0.3917 0.4315
vt 0.3832 0.4516
vt 0.4097 0.43900000000000006
vt 0.3917 0.4315
vt 0.4097 0.43900000000000006
vt 0.4315 0.42080000000000006
vt 0.4315 0.42080000000000006
vt 0.4097 0.43900000000000006
vt 0.4385 0.43520000000000003
vt 0.4315 0.42080000000000006
vt 0.4385 0.43520000000000003
vt 0.4678 0.4206
vt 0.4678 0.4206
vt 0.4385 0.43520000000000003
vt 0.4696 0.4348000000000001
vt 0.4678 0.4206
vt 0.4696 0.4348000000000001
vt 0.4956 0.4252
vt 0.4956 0.4252
vt 0.4696 0.4348000000000001
vt 0.4928 0.43690000000000007
vt 0.4956 0.4252
vt 0.4928 0.43690000000000007
vt 0.5155 0.4337
vt 0.5155 0.4337
vt 0.4928 0.43690000000000007
vt 0.5077 0.44120000000000004
vt 0.5155 0.4337
vt 0.5077 0.44120000000000004
vt 0.5018 0.4497
vt 0.5018 0.4497
vt 0.5077 0.44120000000000004
vt 0.4887 0.4457
vt 0.5018 0.4497
vt 0.4887 0.4457
vt 0.5077 0.44120000000000004
vt 0.5018 0.4497
vt 0.5077 0.44120000000000004
vt 0.5155 0.4337
vt 0.5155 0.4337
vt 0.5077 0.44120000000000004
vt 0.4928 0.43690000000000007
vt 0.5155 0.4337
vt 0.4928 0.43690000000000007
vt 0.4956 0.4252
vt 0.4956 0.4252
vt 0.4928 0.43690000000000007
vt 0.4696 0.4348000000000001
vt 0.4956 0.4252
vt 0.4696 0.4348000000000001
vt 0.4678 0.4206
vt 0.4678 0.4206
vt 0.4696 0.4348000000000001
vt 0.4385 0.43520000000000003
vt 0.4678 0.4206
vt 0.4385 0.43520000000000003
vt 0.4315 0.42080000000000006
vt 0.4315 0.42080000000000006
vt 0.4385 0.43520000000000003
vt 0.4097 0.43900000000000006
vt 0.4315 0.42080000000000006
vt 0.4097 0.43900000000000006
vt 0.3917 0.4315
vt 0.3917 0.4315
vt 0.4097 0.43900000000000006
vt 0.3832 0.4516
vt 0.3917 0.4315
vt 0.3832 0.4516
vt 0.3684 0.4458
vt 0.3684 0.4458
vt 0.3832 0.4516
vt 0.3818 0.47140000000000004
vt 0.3684 0.4458
vt 0.3818 0.47140000000000004
vt 0.3634 0.4737
vt 0.3634 0.4737
vt 0.3818 0.47140000000000004
vt 0.3854 0.49130000000000007
vt 0.3634 0.4737
vt 0.3854 0.49130000000000007
vt 0.3722 0.5007
vt 0.3722 0.5007
vt 0.3854 0.49130000000000007
vt 0.3878 0.5212
vt 0.5018 0.4497
vt 0.5224 0.46009999999999995
vt 0.5196 0.4478
vt 0.5018 0.4497
vt 0.5196 0.4478
vt 0.5155 0.4337
vt 0.5155 0.4337
vt 0.5196 0.4478
vt 0.5213 0.4285
vt 0.5155 0.4337
vt 0.5213 0.4285
vt 0.4956 0.4252
vt 0.4956 0.4252
vt 0.5213 0.4285
vt 0.5007 0.4181
vt 0.4956 0.4252
vt 0.5007 0.4181
vt 0.4678 0.4206
vt 0.4678 0.4206
vt 0.5007 0.4181
vt 0.467 0.41080000000000005
vt 0.4678 0.4206
vt 0.467 0.41080000000000005
vt 0.4315 0.42080000000000006
vt 0.4315 0.42080000000000006
vt 0.467 0.41080000000000005
vt 0.4219 0.41080000000000005
vt 0.4315 0.42080000000000006
vt 0.4219 0.41080000000000005
vt 0.3917 0.4315
vt 0.3917 0.4315
vt 0.4219 0.41080000000000005
vt 0.381 0.42369999999999997
vt 0.3917 0.4315
vt 0.381 0.42369999999999997
vt 0.3684 0.4458
vt 0.5224 0.46009999999999995
vt 0.5018 0.4497
vt 0.5196 0.4478
vt 0.5196 0.4478
vt 0.5018 0.4497
vt 0.5155 0.4337
vt 0.5196 0.4478
vt 0.5155 0.4337
vt 0.5213 0.4285
vt 0.5213 0.4285
vt 0.5155 0.4337
vt 0.4956 0.4252
vt 0.5213 0.4285
vt 0.4956 0.4252
vt 0.5007 0.4181
vt 0.5007 0.4181
vt 0.4956 0.4252
vt 0.4678 0.4206
vt 0.5007 0.4181
vt 0.4678 0.4206
vt 0.467 0.41080000000000005
vt 0.467 0.41080000000000005
vt 0.4678 0.4206
vt 0.4315 0.42080000000000006
vt 0.467 0.41080000000000005
vt 0.4315 0.42080000000000006
vt 0.4219 0.41080000000000005
vt 0.4219 0.41080000000000005
vt 0.4315 0.42080000000000006
vt 0.3917 0.4315
vt 0.4219 0.41080000000000005
vt 0.3917 0.4315
vt 0.381 0.42369999999999997
vt 0.381 0.42369999999999997
vt 0.3917 0.4315
vt 0.3684 0.4458
vt 0.5095 0.5086
vt 0.5294 0.4937
vt 0.5224 0.48950000000000005
vt 0.5224 0.48950000000000005
vt 0.5294 0.4937
vt 0.5354 0.47750000000000004
vt 0.5224 0.48950000000000005
vt 0.5354 0.47750000000000004
vt 0.5231 0.4731000000000001
vt 0.5231 0.4731000000000001
vt 0.5354 0.47750000000000004
vt 0.5224 0.46009999999999995
vt 0.5294 0.4937
vt 0.5095 0.5086
vt 0.5224 0.48950000000000005
vt 0.5294 0.4937
vt 0.5224 0.48950000000000005
vt 0.5354 0.47750000000000004
vt 0.5354 0.47750000000000004
vt 0.5224 0.48950000000000005
vt 0.5231 0.4731000000000001
vt 0.5354 0.47750000000000004
vt 0.5231 0.4731000000000001
vt 0.5224 0.46009999999999995
vt 0.5224 0.46009999999999995
vt 0.5354 0.47750000000000004
vt 0.5376 0.4590000000000001
vt 0.5224 0.46009999999999995
vt 0.5376 0.4590000000000001
vt 0.5196 0.4478
vt 0.5196 0.4478
vt 0.5376 0.4590000000000001
vt 0.5308 0.44179999999999997
vt 0.5196 0.4478
vt 0.5308 0.44179999999999997
vt 0.5213 0.4285
vt 0.5354 0.47750000000000004
vt 0.5224 0.46009999999999995
vt 0.5376 0.4590000000000001
vt 0.5376 0.4590000000000001
vt 0.5224 0.46009999999999995
vt 0.5196 0.4478
vt 0.5376 0.4590000000000001
vt 0.5196 0.4478
vt 0.5308 0.44179999999999997
vt 0.5308 0.44179999999999997
vt 0.5196 0.4478
vt 0.5213 0.4285
vt 0.8919 0.03359999999999996
vt 0.844 0.03490000000000004
vt 0.8489 0.062000000000000055
vt 0.8919 0.03359999999999996
vt 0.8489 0.062000000000000055
vt 0.891 0.06159999999999999
vt 0.891 0.06159999999999999
vt 0.8489 0.062000000000000055
vt 0.8911 0.07740000000000002
vt 0.891 0.06159999999999999
vt 0.8911 0.07740000000000002
vt 0.9329 0.06130000000000002
vt 0.9329 0.06130000000000002
vt 0.8911 0.07740000000000002
vt 0.9331 0.07699999999999996
vt 0.9329 0.06130000000000002
vt 0.9331 0.07699999999999996
vt 0.9737 0.05600000000000005
vt 0.9737 0.05600000000000005
vt 0.9331 0.07699999999999996
vt 0.9746 0.07699999999999996
vt 0.9737 0.05600000000000005
vt 0.9746 0.07699999999999996
vt 0.9331 0.07699999999999996
vt 0.9737 0.05600000000000005
vt 0.9331 0.07699999999999996
vt 0.9329 0.06130000000000002
vt 0.9329 0.06130000000000002
vt 0.9331 0.07699999999999996
vt 0.8911 0.07740000000000002
vt 0.9329 0.06130000000000002
vt 0.8911 0.07740000000000002
vt 0.891 0.06159999999999999
vt 0.891 0.06159999999999999
vt 0.8911 0.07740000000000002
vt 0.8489 0.062000000000000055
vt 0.891 0.06159999999999999
vt 0.8489 0.062000000000000055
vt 0.8919 0.03359999999999996
vt 0.8919 0.03359999999999996
vt 0.8489 0.062000000000000055
vt 0.844 0.03490000000000004
vt 0.4299 0.5277
vt 0.4744 0.5113
vt 0.4379 0.5164
vt 0.4299 0.5277
vt 0.4379 0.5164
vt 0.3878 0.5212
vt 0.3878 0.5212
vt 0.4379 0.5164
vt 0.3971 0.5119
vt 0.3878 0.5212
vt 0.3971 0.5119
vt 0.3854 0.49130000000000007
vt 0.3854 0.49130000000000007
vt 0.3971 0.5119
vt 0.4114 0.4849
vt 0.3854 0.49130000000000007
vt 0.4114 0.4849
vt 0.3818 0.47140000000000004
vt 0.3818 0.47140000000000004
vt 0.4114 0.4849
vt 0.4101 0.46599999999999997
vt 0.3818 0.47140000000000004
vt 0.4101 0.46599999999999997
vt 0.3832 0.4516
vt 0.3832 0.4516
vt 0.4101 0.46599999999999997
vt 0.4102 0.4489000000000001
vt 0.3832 0.4516
vt 0.4102 0.4489000000000001
vt 0.4097 0.43900000000000006
vt 0.4097 0.43900000000000006
vt 0.4102 0.4489000000000001
vt 0.4385 0.43520000000000003
vt 0.4097 0.43900000000000006
vt 0.4385 0.43520000000000003
vt 0.4102 0.4489000000000001
vt 0.4097 0.43900000000000006
vt 0.4102 0.4489000000000001
vt 0.3832 0.4516
vt 0.3832 0.4516
vt 0.4102 0.4489000000000001
vt 0.4101 0.46599999999999997
vt 0.3832 0.4516
vt 0.4101 0.46599999999999997
vt 0.3818 0.47140000000000004
vt 0.3818 0.47140000000000004
vt 0.4101 0.46599999999999997
vt 0.4114 0.4849
vt 0.3818 0.47140000000000004
vt 0.4114 0.4849
vt 0.3854 0.49130000000000007
vt 0.3854 0.49130000000000007
vt 0.4114 0.4849
vt 0.3971 0.5119
vt 0.3854 0.49130000000000007
vt 0.3971 0.5119
vt 0.3878 0.5212
vt 0.3878 0.5212
vt 0.3971 0.5119
vt 0.4379 0.5164
vt 0.3878 0.5212
vt 0.4379 0.5164
vt 0.4299 0.5277
vt 0.4299 0.5277
vt 0.4379 0.5164
vt 0.4744 0.5113
vt 0.8491 0.07779999999999998
vt 0.8006 0.05789999999999995
vt 0.7998 0.07869999999999999
vt 0.8491 0.07779999999999998
vt 0.7998 0.07869999999999999
vt 0.8492 0.09360000000000002
vt 0.8492 0.09360000000000002
vt 0.7998 0.07869999999999999
vt 0.801 0.09919999999999995
vt 0.8491 0.07779999999999998
vt 0.8913 0.09319999999999995
vt 0.8492 0.09360000000000002
vt 0.8491 0.07779999999999998
vt 0.8492 0.09360000000000002
vt 0.7998 0.07869999999999999
vt 0.7998 0.07869999999999999
vt 0.8492 0.09360000000000002
vt 0.801 0.09919999999999995
vt 0.8006 0.05789999999999995
vt 0.8491 0.07779999999999998
vt 0.7998 0.07869999999999999
vt 0.9737 0.05600000000000005
vt 0.97 0.035599999999999965
vt 0.9329 0.06130000000000002
vt 0.9329 0.06130000000000002
vt 0.97 0.035599999999999965
vt 0.9378 0.03359999999999996
vt 0.9329 0.06130000000000002
vt 0.9378 0.03359999999999996
vt 0.891 0.06159999999999999
vt 0.891 0.06159999999999999
vt 0.9378 0.03359999999999996
vt 0.8919 0.03359999999999996
vt 0.97 0.035599999999999965
vt 0.9737 0.05600000000000005
vt 0.9329 0.06130000000000002
vt 0.97 0.035599999999999965
vt 0.9329 0.06130000000000002
vt 0.9378 0.03359999999999996
vt 0.9378 0.03359999999999996
vt 0.9329 0.06130000000000002
vt 0.891 0.06159999999999999
vt 0.9378 0.03359999999999996
vt 0.891 0.06159999999999999
vt 0.8919 0.03359999999999996
vt 0.5231 0.4731000000000001
vt 0.5131 0.48239999999999994
vt 0.5224 0.48950000000000005
vt 0.5224 0.48950000000000005
vt 0.5131 0.48239999999999994
vt 0.503 0.5021
vt 0.5224 0.48950000000000005
vt 0.503 0.5021
vt 0.5095 0.5086
vt 0.5095 0.5086
vt 0.503 0.5021
vt 0.475 0.5215
vt 0.5131 0.48239999999999994
vt 0.5231 0.4731000000000001
vt 0.5224 0.48950000000000005
vt 0.5131 0.48239999999999994
vt 0.5224 0.48950000000000005
vt 0.503 0.5021
vt 0.503 0.5021
vt 0.5224 0.48950000000000005
vt 0.5095 0.5086
vt 0.503 0.5021
vt 0.5095 0.5086
vt 0.475 0.5215
vt 0.356 0.6842
vt 0.3217 0.6501
vt 0.3193 0.6782
vt 0.356 0.6842
vt 0.3193 0.6782
vt 0.3552 0.7108
vt 0.3552 0.7108
vt 0.3193 0.6782
vt 0.3199 0.7047
vt 0.3552 0.7108
vt 0.3199 0.7047
vt 0.3621 0.8155
vt 0.3621 0.8155
vt 0.3199 0.7047
vt 0.3225 0.8362
vt 0.3621 0.8155
vt 0.3225 0.8362
vt 0.3634 1
vt 0.3634 1
vt 0.3225 0.8362
vt 0.3225 0.9951
vt 0.3634 1
vt 0.3225 0.9951
vt 0.3225 0.8362
vt 0.3634 1
vt 0.3225 0.8362
vt 0.3621 0.8155
vt 0.3621 0.8155
vt 0.3225 0.8362
vt 0.3199 0.7047
vt 0.3621 0.8155
vt 0.3199 0.7047
vt 0.3552 0.7108
vt 0.3552 0.7108
vt 0.3199 0.7047
vt 0.3193 0.6782
vt 0.3552 0.7108
vt 0.3193 0.6782
vt 0.356 0.6842
vt 0.356 0.6842
vt 0.3193 0.6782
vt 0.3217 0.6501
vt 0.2169 0.5517
vt 0.1341 0.4222
vt 0.1515 0.544
vt 0.2169 0.5517
vt 0.1515 0.544
vt 0.2121 0.651
vt 0.2121 0.651
vt 0.1515 0.544
vt 0.1497 0.6537
vt 0.2121 0.651
vt 0.1497 0.6537
vt 0.215 0.6726
vt 0.215 0.6726
vt 0.1497 0.6537
vt 0.1567 0.6779
vt 0.215 0.6726
vt 0.1567 0.6779
vt 0.2125 0.6989
vt 0.2125 0.6989
vt 0.1567 0.6779
vt 0.1554 0.7056
vt 0.2125 0.6989
vt 0.1554 0.7056
vt 0.2096 0.7985
vt 0.2096 0.7985
vt 0.1554 0.7056
vt 0.1551 0.7877
vt 0.2096 0.7985
vt 0.1551 0.7877
vt 0.2169 0.9759
vt 0.2169 0.9759
vt 0.1551 0.7877
vt 0.1774 0.9818
vt 0.2169 0.9759
vt 0.1774 0.9818
vt 0.1551 0.7877
vt 0.2169 0.9759
vt 0.1551 0.7877
vt 0.2096 0.7985
vt 0.2096 0.7985
vt 0.1551 0.7877
vt 0.1554 0.7056
vt 0.2096 0.7985
vt 0.1554 0.7056
vt 0.2125 0.6989
vt 0.2125 0.6989
vt 0.1554 0.7056
vt 0.1567 0.6779
vt 0.2125 0.6989
vt 0.1567 0.6779
vt 0.215 0.6726
vt 0.215 0.6726
vt 0.1567 0.6779
vt 0.1497 0.6537
vt 0.215 0.6726
vt 0.1497 0.6537
vt 0.2121 0.651
vt 0.2121 0.651
vt 0.1497 0.6537
vt 0.1515 0.544
vt 0.2121 0.651
vt 0.1515 0.544
vt 0.2169 0.5517
vt 0.2169 0.5517
vt 0.1515 0.544
vt 0.1341 0.4222
vt 0.1233 0.7125
vt 0.1551 0.7877
vt 0.1554 0.7056
vt 0.1233 0.7125
vt 0.1554 0.7056
vt 0.1209 0.6842
vt 0.1209 0.6842
vt 0.1554 0.7056
vt 0.1567 0.6779
vt 0.1209 0.6842
vt 0.1567 0.6779
vt 0.1188 0.6558
vt 0.1188 0.6558
vt 0.1567 0.6779
vt 0.1497 0.6537
vt 0.1188 0.6558
vt 0.1497 0.6537
vt 0.111 0.531
vt 0.111 0.531
vt 0.1497 0.6537
vt 0.1515 0.544
vt 0.111 0.531
vt 0.1515 0.544
vt 0.0993 0.4004
vt 0.0993 0.4004
vt 0.1515 0.544
vt 0.1341 0.4222
vt 0.0993 0.4004
vt 0.1341 0.4222
vt 0.148 0.40569999999999995
vt 0.1551 0.7877
vt 0.1233 0.7125
vt 0.1554 0.7056
vt 0.1554 0.7056
vt 0.1233 0.7125
vt 0.1209 0.6842
vt 0.1554 0.7056
vt 0.1209 0.6842
vt 0.1567 0.6779
vt 0.1567 0.6779
vt 0.1209 0.6842
vt 0.1188 0.6558
vt 0.1567 0.6779
vt 0.1188 0.6558
vt 0.1497 0.6537
vt 0.1497 0.6537
vt 0.1188 0.6558
vt 0.111 0.531
vt 0.1497 0.6537
vt 0.111 0.531
vt 0.1515 0.544
vt 0.1515 0.544
vt 0.111 0.531
vt 0.0993 0.4004
vt 0.1515 0.544
vt 0.0993 0.4004
vt 0.1341 0.4222
vt 0.1341 0.4222
vt 0.0993 0.4004
vt 0.148 0.40569999999999995
vt 0.1209 0.6842
vt 0.0878 0.659
vt 0.0848 0.6898
vt 0.1209 0.6842
vt 0.0848 0.6898
vt 0.1233 0.7125
vt 0.1233 0.7125
vt 0.0848 0.6898
vt 0.0901 0.7172
vt 0.1233 0.7125
vt 0.0901 0.7172
vt 0.1261 0.794
vt 0.1261 0.794
vt 0.0901 0.7172
vt 0.0973 0.7998
vt 0.1261 0.794
vt 0.0973 0.7998
vt 0.1488 0.9872
vt 0.1488 0.9872
vt 0.0973 0.7998
vt 0.1203 0.9934
vt 0.1488 0.9872
vt 0.1203 0.9934
vt 0.0973 0.7998
vt 0.1488 0.9872
vt 0.0973 0.7998
vt 0.1261 0.794
vt 0.1261 0.794
vt 0.0973 0.7998
vt 0.0901 0.7172
vt 0.1261 0.794
vt 0.0901 0.7172
vt 0.1233 0.7125
vt 0.1233 0.7125
vt 0.0901 0.7172
vt 0.0848 0.6898
vt 0.1233 0.7125
vt 0.0848 0.6898
vt 0.1209 0.6842
vt 0.1209 0.6842
vt 0.0848 0.6898
vt 0.0878 0.659
vt 0.3634 0.35860000000000003
vt 0.3627 0.34319999999999995
vt 0.3262 0.38349999999999995
vt 0.3634 0.35860000000000003
vt 0.3262 0.38349999999999995
vt 0.3628 0.503
vt 0.3628 0.503
vt 0.3262 0.38349999999999995
vt 0.3244 0.5155
vt 0.3628 0.503
vt 0.3244 0.5155
vt 0.362 0.6532
vt 0.3628 0.503
vt 0.362 0.6532
vt 0.3244 0.5155
vt 0.3628 0.503
vt 0.3244 0.5155
vt 0.3262 0.38349999999999995
vt 0.3262 0.38349999999999995
vt 0.3244 0.5155
vt 0.2987 0.40090000000000003
vt 0.3262 0.38349999999999995
vt 0.2987 0.40090000000000003
vt 0.311 0.3675999999999999
vt 0.311 0.3675999999999999
vt 0.2987 0.40090000000000003
vt 0.2795 0.3852
vt 0.3634 0.35860000000000003
vt 0.3628 0.503
vt 0.3262 0.38349999999999995
vt 0.3634 0.35860000000000003
vt 0.3262 0.38349999999999995
vt 0.3627 0.34319999999999995
vt 0.3627 0.34319999999999995
vt 0.3262 0.38349999999999995
vt 0.311 0.3675999999999999
vt 0.1551 0.7877
vt 0.1233 0.7125
vt 0.1261 0.794
vt 0.1551 0.7877
vt 0.1261 0.794
vt 0.1774 0.9818
vt 0.1774 0.9818
vt 0.1261 0.794
vt 0.1488 0.9872
vt 0.1774 0.9818
vt 0.1488 0.9872
vt 0.1261 0.794
vt 0.1774 0.9818
vt 0.1261 0.794
vt 0.1551 0.7877
vt 0.1551 0.7877
vt 0.1261 0.794
vt 0.1233 0.7125
vt 0.3217 0.6501
vt 0.2955 0.5304
vt 0.2963 0.6491
vt 0.3217 0.6501
vt 0.2963 0.6491
vt 0.3193 0.6782
vt 0.3193 0.6782
vt 0.2963 0.6491
vt 0.2962 0.674
vt 0.3193 0.6782
vt 0.2962 0.674
vt 0.3199 0.7047
vt 0.3199 0.7047
vt 0.2962 0.674
vt 0.296 0.7006
vt 0.3199 0.7047
vt 0.296 0.7006
vt 0.3225 0.8362
vt 0.3225 0.8362
vt 0.296 0.7006
vt 0.2958 0.832
vt 0.3225 0.8362
vt 0.2958 0.832
vt 0.3225 0.9951
vt 0.3225 0.9951
vt 0.2958 0.832
vt 0.2932 0.9909
vt 0.3225 0.9951
vt 0.2932 0.9909
vt 0.2958 0.832
vt 0.3225 0.9951
vt 0.2958 0.832
vt 0.3225 0.8362
vt 0.3225 0.8362
vt 0.2958 0.832
vt 0.296 0.7006
vt 0.3225 0.8362
vt 0.296 0.7006
vt 0.3199 0.7047
vt 0.3199 0.7047
vt 0.296 0.7006
vt 0.2962 0.674
vt 0.3199 0.7047
vt 0.2962 0.674
vt 0.3193 0.6782
vt 0.3193 0.6782
vt 0.2962 0.674
vt 0.2963 0.6491
vt 0.3193 0.6782
vt 0.2963 0.6491
vt 0.3217 0.6501
vt 0.3217 0.6501
vt 0.2963 0.6491
vt 0.2955 0.5304
vt 0.2955 0.5304
vt 0.2674 0.42280000000000006
vt 0.2678 0.5441
vt 0.2955 0.5304
vt 0.2678 0.5441
vt 0.2963 0.6491
vt 0.2963 0.6491
vt 0.2678 0.5441
vt 0.2709 0.649
vt 0.2963 0.6491
vt 0.2709 0.649
vt 0.2962 0.674
vt 0.2962 0.674
vt 0.2709 0.649
vt 0.2729 0.6716
vt 0.2962 0.674
vt 0.2729 0.6716
vt 0.296 0.7006
vt 0.296 0.7006
vt 0.2729 0.6716
vt 0.272 0.6987
vt 0.296 0.7006
vt 0.272 0.6987
vt 0.2958 0.832
vt 0.2958 0.832
vt 0.272 0.6987
vt 0.2688 0.8294
vt 0.2958 0.832
vt 0.2688 0.8294
vt 0.2932 0.9909
vt 0.2932 0.9909
vt 0.2688 0.8294
vt 0.2638 0.9879
vt 0.2932 0.9909
vt 0.2638 0.9879
vt 0.2688 0.8294
vt 0.2932 0.9909
vt 0.2688 0.8294
vt 0.2958 0.832
vt 0.2958 0.832
vt 0.2688 0.8294
vt 0.272 0.6987
vt 0.2958 0.832
vt 0.272 0.6987
vt 0.296 0.7006
vt 0.296 0.7006
vt 0.272 0.6987
vt 0.2729 0.6716
vt 0.296 0.7006
vt 0.2729 0.6716
vt 0.2962 0.674
vt 0.2962 0.674
vt 0.2729 0.6716
vt 0.2709 0.649
vt 0.2962 0.674
vt 0.2709 0.649
vt 0.2963 0.6491
vt 0.2963 0.6491
vt 0.2709 0.649
vt 0.2678 0.5441
vt 0.2963 0.6491
vt 0.2678 0.5441
vt 0.2955 0.5304
vt 0.2955 0.5304
vt 0.2678 0.5441
vt 0.2674 0.42280000000000006
vt 0.018 0.356
vt 0.0204 0.3718
vt 0.0688 0.3731
vt 0.018 0.356
vt 0.0688 0.3731
vt 0.0151 0.3487
vt 0.0151 0.3487
vt 0.0688 0.3731
vt 0.0761 0.3541000000000001
vt 0.0151 0.3487
vt 0.0761 0.3541000000000001
vt 0.0688 0.3731
vt 0.0151 0.3487
vt 0.0688 0.3731
vt 0.018 0.356
vt 0.018 0.356
vt 0.0688 0.3731
vt 0.0204 0.3718
vt 0.7156 0.499
vt 0.7221 0.502
vt 0.7209 0.4608
vt 0.7156 0.499
vt 0.7209 0.4608
vt 0.7139 0.46310000000000007
vt 0.7139 0.46310000000000007
vt 0.7209 0.4608
vt 0.6999 0.4373
vt 0.7139 0.46310000000000007
vt 0.6999 0.4373
vt 0.6957 0.4434
vt 0.6957 0.4434
vt 0.6999 0.4373
vt 0.6689 0.4328000000000001
vt 0.6957 0.4434
vt 0.6689 0.4328000000000001
vt 0.67 0.43989999999999996
vt 0.67 0.43989999999999996
vt 0.6689 0.4328000000000001
vt 0.6369 0.45910000000000006
vt 0.67 0.43989999999999996
vt 0.6369 0.45910000000000006
vt 0.6439 0.46229999999999993
vt 0.6439 0.46229999999999993
vt 0.6369 0.45910000000000006
vt 0.6369 0.5015
vt 0.6439 0.46229999999999993
vt 0.6369 0.5015
vt 0.6433 0.498
vt 0.6433 0.498
vt 0.6369 0.5015
vt 0.6589 0.5242
vt 0.6433 0.498
vt 0.6589 0.5242
vt 0.6614 0.5173
vt 0.6614 0.5173
vt 0.6589 0.5242
vt 0.6901 0.5277
vt 0.6614 0.5173
vt 0.6901 0.5277
vt 0.6877 0.5207
vt 0.6877 0.5207
vt 0.6901 0.5277
vt 0.7221 0.502
vt 0.6877 0.5207
vt 0.7221 0.502
vt 0.7156 0.499
vt 0.6877 0.5207
vt 0.7221 0.502
vt 0.6901 0.5277
vt 0.6877 0.5207
vt 0.6901 0.5277
vt 0.6614 0.5173
vt 0.6614 0.5173
vt 0.6901 0.5277
vt 0.6589 0.5242
vt 0.6614 0.5173
vt 0.6589 0.5242
vt 0.6433 0.498
vt 0.6433 0.498
vt 0.6589 0.5242
vt 0.6369 0.5015
vt 0.6433 0.498
vt 0.6369 0.5015
vt 0.6439 0.46229999999999993
vt 0.6439 0.46229999999999993
vt 0.6369 0.5015
vt 0.6369 0.45910000000000006
vt 0.6439 0.46229999999999993
vt 0.6369 0.45910000000000006
vt 0.67 0.43989999999999996
vt 0.67 0.43989999999999996
vt 0.6369 0.45910000000000006
vt 0.6689 0.4328000000000001
vt 0.67 0.43989999999999996
vt 0.6689 0.4328000000000001
vt 0.6957 0.4434
vt 0.6957 0.4434
vt 0.6689 0.4328000000000001
vt 0.6999 0.4373
vt 0.6957 0.4434
vt 0.6999 0.4373
vt 0.7139 0.46310000000000007
vt 0.7139 0.46310000000000007
vt 0.6999 0.4373
vt 0.7209 0.4608
vt 0.7139 0.46310000000000007
vt 0.7209 0.4608
vt 0.7156 0.499
vt 0.7156 0.499
vt 0.7209 0.4608
vt 0.7221 0.502
vt 0.7156 0.499
vt 0.7221 0.502
vt 0.6877 0.5207
vt 0.4059 0.14880000000000004
vt 0.4044 0.17680000000000007
vt 0.547 0.17989999999999995
vt 0.4059 0.14880000000000004
vt 0.547 0.17989999999999995
vt 0.5493 0.15060000000000007
vt 0.5493 0.15060000000000007
vt 0.547 0.17989999999999995
vt 0.6291 0.17599999999999993
vt 0.5493 0.15060000000000007
vt 0.6291 0.17599999999999993
vt 0.6314 0.15139999999999998
vt 0.6314 0.15139999999999998
vt 0.6291 0.17599999999999993
vt 0.6647 0.18079999999999996
vt 0.6314 0.15139999999999998
vt 0.6647 0.18079999999999996
vt 0.6619 0.15569999999999995
vt 0.4044 0.17680000000000007
vt 0.4059 0.14880000000000004
vt 0.547 0.17989999999999995
vt 0.547 0.17989999999999995
vt 0.4059 0.14880000000000004
vt 0.5493 0.15060000000000007
vt 0.547 0.17989999999999995
vt 0.5493 0.15060000000000007
vt 0.6291 0.17599999999999993
vt 0.6291 0.17599999999999993
vt 0.5493 0.15060000000000007
vt 0.6314 0.15139999999999998
vt 0.6291 0.17599999999999993
vt 0.6314 0.15139999999999998
vt 0.6647 0.18079999999999996
vt 0.6647 0.18079999999999996
vt 0.6314 0.15139999999999998
vt 0.6619 0.15569999999999995
vt 0.4044 0.17680000000000007
vt 0.4026 0.20479999999999998
vt 0.545 0.20879999999999999
vt 0.4044 0.17680000000000007
vt 0.545 0.20879999999999999
vt 0.547 0.17989999999999995
vt 0.547 0.17989999999999995
vt 0.545 0.20879999999999999
vt 0.6281 0.20110000000000006
vt 0.547 0.17989999999999995
vt 0.6281 0.20110000000000006
vt 0.6291 0.17599999999999993
vt 0.6291 0.17599999999999993
vt 0.6281 0.20110000000000006
vt 0.6688 0.1996
vt 0.6291 0.17599999999999993
vt 0.6688 0.1996
vt 0.6647 0.18079999999999996
vt 0.4026 0.20479999999999998
vt 0.4044 0.17680000000000007
vt 0.545 0.20879999999999999
vt 0.545 0.20879999999999999
vt 0.4044 0.17680000000000007
vt 0.547 0.17989999999999995
vt 0.545 0.20879999999999999
vt 0.547 0.17989999999999995
vt 0.6281 0.20110000000000006
vt 0.6281 0.20110000000000006
vt 0.547 0.17989999999999995
vt 0.6291 0.17599999999999993
vt 0.6281 0.20110000000000006
vt 0.6291 0.17599999999999993
vt 0.6688 0.1996
vt 0.6688 0.1996
vt 0.6291 0.17599999999999993
vt 0.6647 0.18079999999999996
vt 0.6655 0.05020000000000002
vt 0.669 0.031399999999999983
vt 0.6284 0.03090000000000004
vt 0.6655 0.05020000000000002
vt 0.6284 0.03090000000000004
vt 0.63 0.05579999999999996
vt 0.63 0.05579999999999996
vt 0.6284 0.03090000000000004
vt 0.5451 0.02510000000000001
vt 0.63 0.05579999999999996
vt 0.5451 0.02510000000000001
vt 0.5478 0.05390000000000006
vt 0.5478 0.05390000000000006
vt 0.5451 0.02510000000000001
vt 0.4028 0.03269999999999995
vt 0.5478 0.05390000000000006
vt 0.4028 0.03269999999999995
vt 0.4053 0.06059999999999999
vt 0.4053 0.06059999999999999
vt 0.4028 0.03269999999999995
vt 0.3394 0.03510000000000002
vt 0.4053 0.06059999999999999
vt 0.3394 0.03510000000000002
vt 0.3418 0.0635
vt 0.3418 0.0635
vt 0.3394 0.03510000000000002
vt 0.2858 0.03169999999999995
vt 0.3418 0.0635
vt 0.2858 0.03169999999999995
vt 0.3394 0.03510000000000002
vt 0.3418 0.0635
vt 0.3394 0.03510000000000002
vt 0.4053 0.06059999999999999
vt 0.4053 0.06059999999999999
vt 0.3394 0.03510000000000002
vt 0.4028 0.03269999999999995
vt 0.4053 0.06059999999999999
vt 0.4028 0.03269999999999995
vt 0.5478 0.05390000000000006
vt 0.5478 0.05390000000000006
vt 0.4028 0.03269999999999995
vt 0.5451 0.02510000000000001
vt 0.5478 0.05390000000000006
vt 0.5451 0.02510000000000001
vt 0.63 0.05579999999999996
vt 0.63 0.05579999999999996
vt 0.5451 0.02510000000000001
vt 0.6284 0.03090000000000004
vt 0.63 0.05579999999999996
vt 0.6284 0.03090000000000004
vt 0.6655 0.05020000000000002
vt 0.6655 0.05020000000000002
vt 0.6284 0.03090000000000004
vt 0.669 0.031399999999999983
vt 0.6632 0.07509999999999994
vt 0.6655 0.05020000000000002
vt 0.63 0.05579999999999996
vt 0.6632 0.07509999999999994
vt 0.63 0.05579999999999996
vt 0.6329 0.08020000000000005
vt 0.6329 0.08020000000000005
vt 0.63 0.05579999999999996
vt 0.5478 0.05390000000000006
vt 0.6329 0.08020000000000005
vt 0.5478 0.05390000000000006
vt 0.5509 0.08299999999999996
vt 0.5509 0.08299999999999996
vt 0.5478 0.05390000000000006
vt 0.4053 0.06059999999999999
vt 0.5509 0.08299999999999996
vt 0.4053 0.06059999999999999
vt 0.4076 0.08840000000000003
vt 0.4076 0.08840000000000003
vt 0.4053 0.06059999999999999
vt 0.3418 0.0635
vt 0.4076 0.08840000000000003
vt 0.3418 0.0635
vt 0.4053 0.06059999999999999
vt 0.4076 0.08840000000000003
vt 0.4053 0.06059999999999999
vt 0.5509 0.08299999999999996
vt 0.5509 0.08299999999999996
vt 0.4053 0.06059999999999999
vt 0.5478 0.05390000000000006
vt 0.5509 0.08299999999999996
vt 0.5478 0.05390000000000006
vt 0.6329 0.08020000000000005
vt 0.6329 0.08020000000000005
vt 0.5478 0.05390000000000006
vt 0.63 0.05579999999999996
vt 0.6329 0.08020000000000005
vt 0.63 0.05579999999999996
vt 0.6632 0.07509999999999994
vt 0.6632 0.07509999999999994
vt 0.63 0.05579999999999996
vt 0.6655 0.05020000000000002
vt 0.7058 0.8903
vt 0.7196 0.867
vt 0.6546 0.8773
vt 0.7058 0.8903
vt 0.6546 0.8773
vt 0.6987 0.9229
vt 0.6987 0.9229
vt 0.6546 0.8773
vt 0.6477 0.9119
vt 0.6987 0.9229
vt 0.6477 0.9119
vt 0.6978 0.956
vt 0.6978 0.956
vt 0.6477 0.9119
vt 0.6408 0.9491
vt 0.6978 0.956
vt 0.6408 0.9491
vt 0.7081 0.9794
vt 0.7081 0.9794
vt 0.6408 0.9491
vt 0.693 0.9836
vt 0.7081 0.9794
vt 0.693 0.9836
vt 0.6408 0.9491
vt 0.7081 0.9794
vt 0.6408 0.9491
vt 0.6978 0.956
vt 0.6978 0.956
vt 0.6408 0.9491
vt 0.6477 0.9119
vt 0.6978 0.956
vt 0.6477 0.9119
vt 0.6987 0.9229
vt 0.6987 0.9229
vt 0.6477 0.9119
vt 0.6546 0.8773
vt 0.6987 0.9229
vt 0.6546 0.8773
vt 0.7058 0.8903
vt 0.7058 0.8903
vt 0.6546 0.8773
vt 0.7196 0.867
vt 0.5862 0.9607
vt 0.5896 0.9655
vt 0.6003 0.962
vt 0.5862 0.9607
vt 0.6003 0.962
vt 0.5873 0.938
vt 0.5873 0.938
vt 0.6003 0.962
vt 0.6043 0.9383
vt 0.5873 0.938
vt 0.6043 0.9383
vt 0.5909 0.9044
vt 0.5909 0.9044
vt 0.6043 0.9383
vt 0.6099 0.9066
vt 0.5909 0.9044
vt 0.6099 0.9066
vt 0.5944 0.8729
vt 0.5944 0.8729
vt 0.6099 0.9066
vt 0.614 0.8744
vt 0.5944 0.8729
vt 0.614 0.8744
vt 0.6157 0.8087
vt 0.6157 0.8087
vt 0.614 0.8744
vt 0.6533 0.8094
vt 0.6157 0.8087
vt 0.6533 0.8094
vt 0.6166 0.7429
vt 0.6166 0.7429
vt 0.6533 0.8094
vt 0.6506 0.7493
vt 0.6166 0.7429
vt 0.6506 0.7493
vt 0.6175 0.699
vt 0.6175 0.699
vt 0.6506 0.7493
vt 0.6509 0.7115
vt 0.6175 0.699
vt 0.6509 0.7115
vt 0.6129 0.6187
vt 0.6129 0.6187
vt 0.6509 0.7115
vt 0.6562 0.6247
vt 0.6129 0.6187
vt 0.6562 0.6247
vt 0.6156 0.536
vt 0.6156 0.536
vt 0.6562 0.6247
vt 0.6665 0.5357
vt 0.6156 0.536
vt 0.6665 0.5357
vt 0.6562 0.6247
vt 0.6156 0.536
vt 0.6562 0.6247
vt 0.6129 0.6187
vt 0.6129 0.6187
vt 0.6562 0.6247
vt 0.6509 0.7115
vt 0.6129 0.6187
vt 0.6509 0.7115
vt 0.6175 0.699
vt 0.6175 0.699
vt 0.6509 0.7115
vt 0.6506 0.7493
vt 0.6175 0.699
vt 0.6506 0.7493
vt 0.6166 0.7429
vt 0.6166 0.7429
vt 0.6506 0.7493
vt 0.6533 0.8094
vt 0.6166 0.7429
vt 0.6533 0.8094
vt 0.6157 0.8087
vt 0.6157 0.8087
vt 0.6533 0.8094
vt 0.614 0.8744
vt 0.6157 0.8087
vt 0.614 0.8744
vt 0.5944 0.8729
vt 0.5944 0.8729
vt 0.614 0.8744
vt 0.6099 0.9066
vt 0.5944 0.8729
vt 0.6099 0.9066
vt 0.5909 0.9044
vt 0.5909 0.9044
vt 0.6099 0.9066
vt 0.6043 0.9383
vt 0.5909 0.9044
vt 0.6043 0.9383
vt 0.5873 0.938
vt 0.5873 0.938
vt 0.6043 0.9383
vt 0.6003 0.962
vt 0.5873 0.938
vt 0.6003 0.962
vt 0.5862 0.9607
vt 0.5862 0.9607
vt 0.6003 0.962
vt 0.5896 0.9655
vt 0.669 0.031399999999999983
vt 0.6761 0.016000000000000014
vt 0.6284 0.03090000000000004
vt 0.6284 0.03090000000000004
vt 0.6761 0.016000000000000014
vt 0.6329 0.008499999999999952
vt 0.6284 0.03090000000000004
vt 0.6329 0.008499999999999952
vt 0.5451 0.02510000000000001
vt 0.5451 0.02510000000000001
vt 0.6329 0.008499999999999952
vt 0.5484 0
vt 0.5451 0.02510000000000001
vt 0.5484 0
vt 0.4028 0.03269999999999995
vt 0.4028 0.03269999999999995
vt 0.5484 0
vt 0.4049 0.00880000000000003
vt 0.4028 0.03269999999999995
vt 0.4049 0.00880000000000003
vt 0.3394 0.03510000000000002
vt 0.3394 0.03510000000000002
vt 0.4049 0.00880000000000003
vt 0.3426 0.010700000000000043
vt 0.3394 0.03510000000000002
vt 0.3426 0.010700000000000043
vt 0.2858 0.03169999999999995
vt 0.2858 0.03169999999999995
vt 0.3426 0.010700000000000043
vt 0.2895 0.006700000000000039
vt 0.6761 0.016000000000000014
vt 0.669 0.031399999999999983
vt 0.6284 0.03090000000000004
vt 0.6761 0.016000000000000014
vt 0.6284 0.03090000000000004
vt 0.6329 0.008499999999999952
vt 0.6329 0.008499999999999952
vt 0.6284 0.03090000000000004
vt 0.5451 0.02510000000000001
vt 0.6329 0.008499999999999952
vt 0.5451 0.02510000000000001
vt 0.5484 0
vt 0.5484 0
vt 0.5451 0.02510000000000001
vt 0.4028 0.03269999999999995
vt 0.5484 0
vt 0.4028 0.03269999999999995
vt 0.4049 0.00880000000000003
vt 0.4049 0.00880000000000003
vt 0.4028 0.03269999999999995
vt 0.3394 0.03510000000000002
vt 0.4049 0.00880000000000003
vt 0.3394 0.03510000000000002
vt 0.3426 0.010700000000000043
vt 0.3426 0.010700000000000043
vt 0.3394 0.03510000000000002
vt 0.2858 0.03169999999999995
vt 0.3426 0.010700000000000043
vt 0.2858 0.03169999999999995
vt 0.2895 0.006700000000000039
vt 0.6619 0.15569999999999995
vt 0.666 0.13790000000000002
vt 0.6314 0.15139999999999998
vt 0.6314 0.15139999999999998
vt 0.666 0.13790000000000002
vt 0.6382 0.13039999999999996
vt 0.6314 0.15139999999999998
vt 0.6382 0.13039999999999996
vt 0.5493 0.15060000000000007
vt 0.5493 0.15060000000000007
vt 0.6382 0.13039999999999996
vt 0.5546 0.12539999999999996
vt 0.5493 0.15060000000000007
vt 0.5546 0.12539999999999996
vt 0.4059 0.14880000000000004
vt 0.4059 0.14880000000000004
vt 0.5546 0.12539999999999996
vt 0.4103 0.12549999999999994
vt 0.666 0.13790000000000002
vt 0.6619 0.15569999999999995
vt 0.6314 0.15139999999999998
vt 0.666 0.13790000000000002
vt 0.6314 0.15139999999999998
vt 0.6382 0.13039999999999996
vt 0.6382 0.13039999999999996
vt 0.6314 0.15139999999999998
vt 0.5493 0.15060000000000007
vt 0.6382 0.13039999999999996
vt 0.5493 0.15060000000000007
vt 0.5546 0.12539999999999996
vt 0.5546 0.12539999999999996
vt 0.5493 0.15060000000000007
vt 0.4059 0.14880000000000004
vt 0.5546 0.12539999999999996
vt 0.4059 0.14880000000000004
vt 0.4103 0.12549999999999994
vt 0.3429 0.22829999999999995
vt 0.4052 0.22860000000000003
vt 0.339 0.20399999999999996
vt 0.3429 0.22829999999999995
vt 0.339 0.20399999999999996
vt 0.29 0.23360000000000003
vt 0.29 0.23360000000000003
vt 0.339 0.20399999999999996
vt 0.2856 0.20879999999999999
vt 0.29 0.23360000000000003
vt 0.2856 0.20879999999999999
vt 0.1789 0.24009999999999998
vt 0.1789 0.24009999999999998
vt 0.2856 0.20879999999999999
vt 0.1749 0.21310000000000007
vt 0.1789 0.24009999999999998
vt 0.1749 0.21310000000000007
vt 0.0573 0.2399
vt 0.0573 0.2399
vt 0.1749 0.21310000000000007
vt 0.0525 0.21409999999999996
vt 0.0573 0.2399
vt 0.0525 0.21409999999999996
vt 0.0326 0.24370000000000003
vt 0.0326 0.24370000000000003
vt 0.0525 0.21409999999999996
vt 0.0262 0.2177
vt 0.0326 0.24370000000000003
vt 0.0262 0.2177
vt 0.0079 0.24750000000000005
vt 0.0079 0.24750000000000005
vt 0.0262 0.2177
vt 0 0.22130000000000005
vt 0.0079 0.24750000000000005
vt 0 0.22130000000000005
vt 0.0262 0.2177
vt 0.0079 0.24750000000000005
vt 0.0262 0.2177
vt 0.0326 0.24370000000000003
vt 0.0326 0.24370000000000003
vt 0.0262 0.2177
vt 0.0525 0.21409999999999996
vt 0.0326 0.24370000000000003
vt 0.0525 0.21409999999999996
vt 0.0573 0.2399
vt 0.0573 0.2399
vt 0.0525 0.21409999999999996
vt 0.1749 0.21310000000000007
vt 0.0573 0.2399
vt 0.1749 0.21310000000000007
vt 0.1789 0.24009999999999998
vt 0.1789 0.24009999999999998
vt 0.1749 0.21310000000000007
vt 0.2856 0.20879999999999999
vt 0.1789 0.24009999999999998
vt 0.2856 0.20879999999999999
vt 0.29 0.23360000000000003
vt 0.29 0.23360000000000003
vt 0.2856 0.20879999999999999
vt 0.339 0.20399999999999996
vt 0.29 0.23360000000000003
vt 0.339 0.20399999999999996
vt 0.3429 0.22829999999999995
vt 0.3429 0.22829999999999995
vt 0.339 0.20399999999999996
vt 0.4052 0.22860000000000003
vt 0.3495 0.11519999999999997
vt 0.4125 0.11160000000000003
vt 0.3445 0.09160000000000001
vt 0.3495 0.11519999999999997
vt 0.3445 0.09160000000000001
vt 0.2969 0.11509999999999998
vt 0.2969 0.11509999999999998
vt 0.3445 0.09160000000000001
vt 0.2918 0.09020000000000006
vt 0.2969 0.11509999999999998
vt 0.2918 0.09020000000000006
vt 0.1858 0.1189
vt 0.1858 0.1189
vt 0.2918 0.09020000000000006
vt 0.1805 0.09260000000000002
vt 0.1858 0.1189
vt 0.1805 0.09260000000000002
vt 0.064 0.11939999999999995
vt 0.064 0.11939999999999995
vt 0.1805 0.09260000000000002
vt 0.0585 0.09399999999999997
vt 0.064 0.11939999999999995
vt 0.0585 0.09399999999999997
vt 0.0407 0.12149999999999994
vt 0.0407 0.12149999999999994
vt 0.0585 0.09399999999999997
vt 0.0341 0.09460000000000002
vt 0.0407 0.12149999999999994
vt 0.0341 0.09460000000000002
vt 0.0585 0.09399999999999997
vt 0.0407 0.12149999999999994
vt 0.0585 0.09399999999999997
vt 0.064 0.11939999999999995
vt 0.064 0.11939999999999995
vt 0.0585 0.09399999999999997
vt 0.1805 0.09260000000000002
vt 0.064 0.11939999999999995
vt 0.1805 0.09260000000000002
vt 0.1858 0.1189
vt 0.1858 0.1189
vt 0.1805 0.09260000000000002
vt 0.2918 0.09020000000000006
vt 0.1858 0.1189
vt 0.2918 0.09020000000000006
vt 0.2969 0.11509999999999998
vt 0.2969 0.11509999999999998
vt 0.2918 0.09020000000000006
vt 0.3445 0.09160000000000001
vt 0.2969 0.11509999999999998
vt 0.3445 0.09160000000000001
vt 0.3495 0.11519999999999997
vt 0.3495 0.11519999999999997
vt 0.3445 0.09160000000000001
vt 0.4125 0.11160000000000003
vt 0.2918 0.09020000000000006
vt 0.3445 0.09160000000000001
vt 0.2887 0.060699999999999976
vt 0.2918 0.09020000000000006
vt 0.2887 0.060699999999999976
vt 0.1777 0.06130000000000002
vt 0.1777 0.06130000000000002
vt 0.2887 0.060699999999999976
vt 0.175 0.030100000000000016
vt 0.1777 0.06130000000000002
vt 0.175 0.030100000000000016
vt 0.0526 0.032200000000000006
vt 0.0526 0.032200000000000006
vt 0.175 0.030100000000000016
vt 0.1784 0.0030999999999999917
vt 0.0526 0.032200000000000006
vt 0.1784 0.0030999999999999917
vt 0.0567 0.006199999999999983
vt 0.3445 0.09160000000000001
vt 0.2918 0.09020000000000006
vt 0.2887 0.060699999999999976
vt 0.2887 0.060699999999999976
vt 0.2918 0.09020000000000006
vt 0.1777 0.06130000000000002
vt 0.2887 0.060699999999999976
vt 0.1777 0.06130000000000002
vt 0.175 0.030100000000000016
vt 0.175 0.030100000000000016
vt 0.1777 0.06130000000000002
vt 0.0526 0.032200000000000006
vt 0.175 0.030100000000000016
vt 0.0526 0.032200000000000006
vt 0.1784 0.0030999999999999917
vt 0.1784 0.0030999999999999917
vt 0.0526 0.032200000000000006
vt 0.0567 0.006199999999999983
vt 0.5822 0.592
vt 0.5797 0.5609
vt 0.5448 0.5429
vt 0.5822 0.592
vt 0.5448 0.5429
vt 0.5172 0.5477
vt 0.6639 0.9934
vt 0.693 0.9836
vt 0.6408 0.9491
vt 0.6639 0.9934
vt 0.6408 0.9491
vt 0.63 0.9741
vt 0.6639 0.9934
vt 0.6408 0.9491
vt 0.693 0.9836
vt 0.5137 0.7329
vt 0.5305 0.6806
vt 0.4526 0.7253
vt 0.5137 0.7329
vt 0.4526 0.7253
vt 0.5061 0.7829
vt 0.5061 0.7829
vt 0.4526 0.7253
vt 0.4496 0.7889
vt 0.5061 0.7829
vt 0.4496 0.7889
vt 0.5055 0.8127
vt 0.5055 0.8127
vt 0.4496 0.7889
vt 0.4502 0.827
vt 0.5055 0.8127
vt 0.4502 0.827
vt 0.5114 0.9011
vt 0.5114 0.9011
vt 0.4502 0.827
vt 0.457 0.9127
vt 0.5114 0.9011
vt 0.457 0.9127
vt 0.5273 0.9925
vt 0.5273 0.9925
vt 0.457 0.9127
vt 0.4688 1
vt 0.4222 1
vt 0.4688 1
vt 0.4179 0.9189
vt 0.4179 0.9189
vt 0.4688 1
vt 0.457 0.9127
vt 0.4179 0.9189
vt 0.457 0.9127
vt 0.4211 0.8398
vt 0.4211 0.8398
vt 0.457 0.9127
vt 0.4502 0.827
vt 0.4211 0.8398
vt 0.4502 0.827
vt 0.4191 0.796
vt 0.4191 0.796
vt 0.4502 0.827
vt 0.4496 0.7889
vt 0.4191 0.796
vt 0.4496 0.7889
vt 0.4165 0.7267
vt 0.4165 0.7267
vt 0.4496 0.7889
vt 0.4526 0.7253
vt 0.4165 0.7267
vt 0.4526 0.7253
vt 0.4608 0.6393
vt 0.4608 0.6393
vt 0.4526 0.7253
vt 0.5305 0.6806
vt 0.5273 0.9925
vt 0.4688 1
vt 0.457 0.9127
vt 0.5273 0.9925
vt 0.457 0.9127
vt 0.5114 0.9011
vt 0.5114 0.9011
vt 0.457 0.9127
vt 0.4502 0.827
vt 0.5114 0.9011
vt 0.4502 0.827
vt 0.5055 0.8127
vt 0.5055 0.8127
vt 0.4502 0.827
vt 0.4496 0.7889
vt 0.5055 0.8127
vt 0.4496 0.7889
vt 0.5061 0.7829
vt 0.5061 0.7829
vt 0.4496 0.7889
vt 0.4526 0.7253
vt 0.5061 0.7829
vt 0.4526 0.7253
vt 0.5137 0.7329
vt 0.5137 0.7329
vt 0.4526 0.7253
vt 0.5305 0.6806
vt 0.4688 1
vt 0.4222 1
vt 0.4179 0.9189
vt 0.4688 1
vt 0.4179 0.9189
vt 0.457 0.9127
vt 0.457 0.9127
vt 0.4179 0.9189
vt 0.4211 0.8398
vt 0.457 0.9127
vt 0.4211 0.8398
vt 0.4502 0.827
vt 0.4502 0.827
vt 0.4211 0.8398
vt 0.4191 0.796
vt 0.4502 0.827
vt 0.4191 0.796
vt 0.4496 0.7889
vt 0.4496 0.7889
vt 0.4191 0.796
vt 0.4165 0.7267
vt 0.4496 0.7889
vt 0.4165 0.7267
vt 0.4526 0.7253
vt 0.4526 0.7253
vt 0.4165 0.7267
vt 0.4608 0.6393
vt 0.4526 0.7253
vt 0.4608 0.6393
vt 0.5305 0.6806
vt 0.7138 0.8081
vt 0.6546 0.8773
vt 0.7196 0.867
vt 0.6546 0.8773
vt 0.7138 0.8081
vt 0.7196 0.867
vt 0.5977 0.8081
vt 0.5944 0.8729
vt 0.6157 0.8087
vt 0.5977 0.8081
vt 0.6157 0.8087
vt 0.5993 0.7368
vt 0.5993 0.7368
vt 0.6157 0.8087
vt 0.6166 0.7429
vt 0.5993 0.7368
vt 0.6166 0.7429
vt 0.5987 0.6874
vt 0.5987 0.6874
vt 0.6166 0.7429
vt 0.6175 0.699
vt 0.5987 0.6874
vt 0.6175 0.699
vt 0.5967 0.6137
vt 0.5967 0.6137
vt 0.6175 0.699
vt 0.6129 0.6187
vt 0.5967 0.6137
vt 0.6129 0.6187
vt 0.593 0.5374
vt 0.593 0.5374
vt 0.6129 0.6187
vt 0.6156 0.536
vt 0.593 0.5374
vt 0.6156 0.536
vt 0.6129 0.6187
vt 0.593 0.5374
vt 0.6129 0.6187
vt 0.5967 0.6137
vt 0.5967 0.6137
vt 0.6129 0.6187
vt 0.6175 0.699
vt 0.5967 0.6137
vt 0.6175 0.699
vt 0.5987 0.6874
vt 0.5987 0.6874
vt 0.6175 0.699
vt 0.6166 0.7429
vt 0.5987 0.6874
vt 0.6166 0.7429
vt 0.5993 0.7368
vt 0.5993 0.7368
vt 0.6166 0.7429
vt 0.6157 0.8087
vt 0.5993 0.7368
vt 0.6157 0.8087
vt 0.5977 0.8081
vt 0.5977 0.8081
vt 0.6157 0.8087
vt 0.5944 0.8729
vt 0.8661 0.7745
vt 0.8508 0.7603
vt 0.8557 0.7688
vt 0.8661 0.7745
vt 0.8557 0.7688
vt 0.8462 0.8328
vt 0.8462 0.8328
vt 0.8557 0.7688
vt 0.8326 0.8353
vt 0.8462 0.8328
vt 0.8326 0.8353
vt 0.8557 0.7688
vt 0.8462 0.8328
vt 0.8557 0.7688
vt 0.8661 0.7745
vt 0.8661 0.7745
vt 0.8557 0.7688
vt 0.8508 0.7603
vt 0.8519 0.9149
vt 0.8646 0.9237
vt 0.8596 0.9093
vt 0.8519 0.9149
vt 0.8596 0.9093
vt 0.842 0.894
vt 0.842 0.894
vt 0.8596 0.9093
vt 0.8541 0.8848
vt 0.842 0.894
vt 0.8541 0.8848
vt 0.8596 0.9093
vt 0.842 0.894
vt 0.8596 0.9093
vt 0.8519 0.9149
vt 0.8519 0.9149
vt 0.8596 0.9093
vt 0.8646 0.9237
vt 0.4901 0.2869999999999999
vt 0.4721 0.2896000000000001
vt 0.4898 0.2889999999999999
vt 0.4901 0.2869999999999999
vt 0.4898 0.2889999999999999
vt 0.5055 0.2831
vt 0.5055 0.2831
vt 0.4898 0.2889999999999999
vt 0.5043 0.2851
vt 0.5055 0.2831
vt 0.5043 0.2851
vt 0.5193 0.28190000000000004
vt 0.5193 0.28190000000000004
vt 0.5043 0.2851
vt 0.5193 0.2836000000000001
vt 0.5193 0.28190000000000004
vt 0.5193 0.2836000000000001
vt 0.5277 0.2825
vt 0.5277 0.2825
vt 0.5193 0.2836000000000001
vt 0.5277 0.2841
vt 0.5277 0.2825
vt 0.5277 0.2841
vt 0.5193 0.2836000000000001
vt 0.5277 0.2825
vt 0.5193 0.2836000000000001
vt 0.5193 0.28190000000000004
vt 0.5193 0.28190000000000004
vt 0.5193 0.2836000000000001
vt 0.5043 0.2851
vt 0.5193 0.28190000000000004
vt 0.5043 0.2851
vt 0.5055 0.2831
vt 0.5055 0.2831
vt 0.5043 0.2851
vt 0.4898 0.2889999999999999
vt 0.5055 0.2831
vt 0.4898 0.2889999999999999
vt 0.4901 0.2869999999999999
vt 0.4901 0.2869999999999999
vt 0.4898 0.2889999999999999
vt 0.4721 0.2896000000000001
vt 0.6037 0.9672
vt 0.63 0.9741
vt 0.6336 0.9806
vt 0.5828 0.5545
vt 0.5797 0.5609
vt 0.5448 0.5429
vt 0.5828 0.5545
vt 0.5448 0.5429
vt 0.5513 0.5277
vt 0.7864 0.13650000000000007
vt 0.7854 0.12919999999999998
vt 0.7538 0.13039999999999996
vt 0.7864 0.13650000000000007
vt 0.7538 0.13039999999999996
vt 0.7544 0.14480000000000004
vt 0.7544 0.14480000000000004
vt 0.7538 0.13039999999999996
vt 0.745 0.14500000000000002
vt 0.7544 0.14480000000000004
vt 0.745 0.14500000000000002
vt 0.7438 0.15639999999999998
vt 0.7438 0.15639999999999998
vt 0.745 0.14500000000000002
vt 0.7224 0.14539999999999997
vt 0.7438 0.15639999999999998
vt 0.7224 0.14539999999999997
vt 0.7235 0.15859999999999996
vt 0.7854 0.12919999999999998
vt 0.7864 0.13650000000000007
vt 0.7538 0.13039999999999996
vt 0.7538 0.13039999999999996
vt 0.7864 0.13650000000000007
vt 0.7544 0.14480000000000004
vt 0.7538 0.13039999999999996
vt 0.7544 0.14480000000000004
vt 0.745 0.14500000000000002
vt 0.745 0.14500000000000002
vt 0.7544 0.14480000000000004
vt 0.7438 0.15639999999999998
vt 0.745 0.14500000000000002
vt 0.7438 0.15639999999999998
vt 0.7224 0.14539999999999997
vt 0.7224 0.14539999999999997
vt 0.7438 0.15639999999999998
vt 0.7235 0.15859999999999996
vt 0.7869 0.15060000000000007
vt 0.7874 0.14349999999999996
vt 0.7544 0.14480000000000004
vt 0.7869 0.15060000000000007
vt 0.7544 0.14480000000000004
vt 0.7549 0.15949999999999998
vt 0.7549 0.15949999999999998
vt 0.7544 0.14480000000000004
vt 0.7438 0.15639999999999998
vt 0.7549 0.15949999999999998
vt 0.7438 0.15639999999999998
vt 0.7437 0.16969999999999996
vt 0.7437 0.16969999999999996
vt 0.7438 0.15639999999999998
vt 0.7235 0.15859999999999996
vt 0.7437 0.16969999999999996
vt 0.7235 0.15859999999999996
vt 0.7438 0.15639999999999998
vt 0.7437 0.16969999999999996
vt 0.7438 0.15639999999999998
vt 0.7549 0.15949999999999998
vt 0.7549 0.15949999999999998
vt 0.7438 0.15639999999999998
vt 0.7544 0.14480000000000004
vt 0.7549 0.15949999999999998
vt 0.7544 0.14480000000000004
vt 0.7869 0.15060000000000007
vt 0.7869 0.15060000000000007
vt 0.7544 0.14480000000000004
vt 0.7874 0.14349999999999996
vt 0.772 0.11309999999999998
vt 0.7735 0.09960000000000002
vt 0.753 0.1119
vt 0.772 0.11309999999999998
vt 0.753 0.1119
vt 0.7546 0.12050000000000005
vt 0.7546 0.12050000000000005
vt 0.753 0.1119
vt 0.7427 0.12080000000000002
vt 0.7546 0.12050000000000005
vt 0.7427 0.12080000000000002
vt 0.7432 0.13390000000000002
vt 0.7432 0.13390000000000002
vt 0.7427 0.12080000000000002
vt 0.7251 0.11829999999999996
vt 0.7432 0.13390000000000002
vt 0.7251 0.11829999999999996
vt 0.7233 0.13219999999999998
vt 0.7735 0.09960000000000002
vt 0.772 0.11309999999999998
vt 0.753 0.1119
vt 0.753 0.1119
vt 0.772 0.11309999999999998
vt 0.7546 0.12050000000000005
vt 0.753 0.1119
vt 0.7546 0.12050000000000005
vt 0.7427 0.12080000000000002
vt 0.7427 0.12080000000000002
vt 0.7546 0.12050000000000005
vt 0.7432 0.13390000000000002
vt 0.7427 0.12080000000000002
vt 0.7432 0.13390000000000002
vt 0.7251 0.11829999999999996
vt 0.7251 0.11829999999999996
vt 0.7432 0.13390000000000002
vt 0.7233 0.13219999999999998
vt 0.7279 0.10699999999999998
vt 0.7251 0.11829999999999996
vt 0.7427 0.12080000000000002
vt 0.7279 0.10699999999999998
vt 0.7427 0.12080000000000002
vt 0.7434 0.10899999999999999
vt 0.7434 0.10899999999999999
vt 0.7427 0.12080000000000002
vt 0.753 0.1119
vt 0.7434 0.10899999999999999
vt 0.753 0.1119
vt 0.7532 0.09840000000000004
vt 0.7532 0.09840000000000004
vt 0.753 0.1119
vt 0.7735 0.09960000000000002
vt 0.7532 0.09840000000000004
vt 0.7735 0.09960000000000002
vt 0.753 0.1119
vt 0.7532 0.09840000000000004
vt 0.753 0.1119
vt 0.7434 0.10899999999999999
vt 0.7434 0.10899999999999999
vt 0.753 0.1119
vt 0.7427 0.12080000000000002
vt 0.7434 0.10899999999999999
vt 0.7427 0.12080000000000002
vt 0.7279 0.10699999999999998
vt 0.7279 0.10699999999999998
vt 0.7427 0.12080000000000002
vt 0.7251 0.11829999999999996
vt 0.7538 0.13039999999999996
vt 0.7854 0.12919999999999998
vt 0.7849 0.11809999999999998
vt 0.7849 0.11809999999999998
vt 0.7854 0.12919999999999998
vt 0.7538 0.13039999999999996
vt 0.7554 0.17869999999999997
vt 0.7649 0.18020000000000003
vt 0.7652 0.17589999999999995
vt 0.7554 0.17869999999999997
vt 0.7652 0.17589999999999995
vt 0.7622 0.17620000000000002
vt 0.7622 0.17620000000000002
vt 0.7652 0.17589999999999995
vt 0.7661 0.17480000000000007
vt 0.7622 0.17620000000000002
vt 0.7661 0.17480000000000007
vt 0.7652 0.17589999999999995
vt 0.7622 0.17620000000000002
vt 0.7652 0.17589999999999995
vt 0.7554 0.17869999999999997
vt 0.7554 0.17869999999999997
vt 0.7652 0.17589999999999995
vt 0.7649 0.18020000000000003
vt 0.5762 0.2869999999999999
vt 0.5677 0.28380000000000005
vt 0.5657 0.28679999999999994
vt 0.5762 0.2869999999999999
vt 0.5657 0.28679999999999994
vt 0.5676 0.29170000000000007
vt 0.5657 0.28679999999999994
vt 0.5677 0.28380000000000005
vt 0.5762 0.2869999999999999
vt 0.5657 0.28679999999999994
vt 0.5762 0.2869999999999999
vt 0.5676 0.29170000000000007
vt 0.7874 0.14349999999999996
vt 0.7864 0.13650000000000007
vt 0.7544 0.14480000000000004
vt 0.7544 0.14480000000000004
vt 0.7864 0.13650000000000007
vt 0.7874 0.14349999999999996
vt 0.3832 0.31390000000000007
vt 0.3704 0.32519999999999993
vt 0.3862 0.3373999999999999
vt 0.3832 0.31390000000000007
vt 0.3862 0.3373999999999999
vt 0.3947 0.3288
vt 0.3947 0.3288
vt 0.3862 0.3373999999999999
vt 0.3885 0.33919999999999995
vt 0.3947 0.3288
vt 0.3885 0.33919999999999995
vt 0.3965 0.33099999999999996
vt 0.3965 0.33099999999999996
vt 0.3885 0.33919999999999995
vt 0.399 0.346
vt 0.3965 0.33099999999999996
vt 0.399 0.346
vt 0.4034 0.3398
vt 0.4034 0.3398
vt 0.399 0.346
vt 0.4001 0.34640000000000004
vt 0.4034 0.3398
vt 0.4001 0.34640000000000004
vt 0.4041 0.3406
vt 0.4041 0.3406
vt 0.4001 0.34640000000000004
vt 0.4066 0.3433999999999999
vt 0.4041 0.3406
vt 0.4066 0.3433999999999999
vt 0.409 0.3429
vt 0.409 0.3429
vt 0.4066 0.3433999999999999
vt 0.4087 0.3441000000000001
vt 0.409 0.3429
vt 0.4087 0.3441000000000001
vt 0.4066 0.3433999999999999
vt 0.409 0.3429
vt 0.4066 0.3433999999999999
vt 0.4041 0.3406
vt 0.4041 0.3406
vt 0.4066 0.3433999999999999
vt 0.4001 0.34640000000000004
vt 0.4041 0.3406
vt 0.4001 0.34640000000000004
vt 0.4034 0.3398
vt 0.4034 0.3398
vt 0.4001 0.34640000000000004
vt 0.399 0.346
vt 0.4034 0.3398
vt 0.399 0.346
vt 0.3965 0.33099999999999996
vt 0.3965 0.33099999999999996
vt 0.399 0.346
vt 0.3885 0.33919999999999995
vt 0.3965 0.33099999999999996
vt 0.3885 0.33919999999999995
vt 0.3947 0.3288
vt 0.3947 0.3288
vt 0.3885 0.33919999999999995
vt 0.3862 0.3373999999999999
vt 0.3947 0.3288
vt 0.3862 0.3373999999999999
vt 0.3832 0.31390000000000007
vt 0.3832 0.31390000000000007
vt 0.3862 0.3373999999999999
vt 0.3704 0.32519999999999993
vt 0.5839 0.2674000000000001
vt 0.5792 0.2801
vt 0.5987 0.2836000000000001
vt 0.5839 0.2674000000000001
vt 0.5987 0.2836000000000001
vt 0.6014 0.27469999999999994
vt 0.6014 0.27469999999999994
vt 0.5987 0.2836000000000001
vt 0.6016 0.2841
vt 0.6014 0.27469999999999994
vt 0.6016 0.2841
vt 0.6043 0.2755000000000001
vt 0.6043 0.2755000000000001
vt 0.6016 0.2841
vt 0.6136 0.2875
vt 0.6043 0.2755000000000001
vt 0.6136 0.2875
vt 0.6186 0.2812
vt 0.6186 0.2812
vt 0.6136 0.2875
vt 0.6145 0.28800000000000003
vt 0.6186 0.2812
vt 0.6145 0.28800000000000003
vt 0.6198 0.2822
vt 0.6198 0.2822
vt 0.6145 0.28800000000000003
vt 0.6237 0.2904
vt 0.6198 0.2822
vt 0.6237 0.2904
vt 0.6145 0.28800000000000003
vt 0.6198 0.2822
vt 0.6145 0.28800000000000003
vt 0.6186 0.2812
vt 0.6186 0.2812
vt 0.6145 0.28800000000000003
vt 0.6136 0.2875
vt 0.6186 0.2812
vt 0.6136 0.2875
vt 0.6043 0.2755000000000001
vt 0.6043 0.2755000000000001
vt 0.6136 0.2875
vt 0.6016 0.2841
vt 0.6043 0.2755000000000001
vt 0.6016 0.2841
vt 0.6014 0.27469999999999994
vt 0.6014 0.27469999999999994
vt 0.6016 0.2841
vt 0.5987 0.2836000000000001
vt 0.6014 0.27469999999999994
vt 0.5987 0.2836000000000001
vt 0.5839 0.2674000000000001
vt 0.5839 0.2674000000000001
vt 0.5987 0.2836000000000001
vt 0.5792 0.2801
vt 0.4179 0.3759
vt 0.4181 0.37460000000000004
vt 0.4087 0.37339999999999995
vt 0.4179 0.3759
vt 0.4087 0.37339999999999995
vt 0.4017 0.3829
vt 0.4017 0.3829
vt 0.4087 0.37339999999999995
vt 0.3956 0.37759999999999994
vt 0.4017 0.3829
vt 0.3956 0.37759999999999994
vt 0.3935 0.37939999999999996
vt 0.3935 0.37939999999999996
vt 0.3956 0.37759999999999994
vt 0.3868 0.36929999999999996
vt 0.3935 0.37939999999999996
vt 0.3868 0.36929999999999996
vt 0.368 0.3788
vt 0.368 0.3788
vt 0.3868 0.36929999999999996
vt 0.3634 0.3659
vt 0.368 0.3788
vt 0.3634 0.3659
vt 0.3868 0.36929999999999996
vt 0.368 0.3788
vt 0.3868 0.36929999999999996
vt 0.3935 0.37939999999999996
vt 0.3935 0.37939999999999996
vt 0.3868 0.36929999999999996
vt 0.3956 0.37759999999999994
vt 0.3935 0.37939999999999996
vt 0.3956 0.37759999999999994
vt 0.4017 0.3829
vt 0.4017 0.3829
vt 0.3956 0.37759999999999994
vt 0.4087 0.37339999999999995
vt 0.4017 0.3829
vt 0.4087 0.37339999999999995
vt 0.4179 0.3759
vt 0.4179 0.3759
vt 0.4087 0.37339999999999995
vt 0.4181 0.37460000000000004
vt 0.4181 0.37460000000000004
vt 0.4101 0.36840000000000006
vt 0.4091 0.37240000000000006
vt 0.4181 0.37460000000000004
vt 0.4091 0.37240000000000006
vt 0.4087 0.37339999999999995
vt 0.4087 0.37339999999999995
vt 0.4091 0.37240000000000006
vt 0.4041 0.3703000000000001
vt 0.4087 0.37339999999999995
vt 0.4041 0.3703000000000001
vt 0.3956 0.37759999999999994
vt 0.3956 0.37759999999999994
vt 0.4041 0.3703000000000001
vt 0.3894 0.368
vt 0.3956 0.37759999999999994
vt 0.3894 0.368
vt 0.3868 0.36929999999999996
vt 0.3868 0.36929999999999996
vt 0.3894 0.368
vt 0.3833 0.36060000000000003
vt 0.3868 0.36929999999999996
vt 0.3833 0.36060000000000003
vt 0.3634 0.3659
vt 0.4101 0.36840000000000006
vt 0.4181 0.37460000000000004
vt 0.4091 0.37240000000000006
vt 0.4091 0.37240000000000006
vt 0.4181 0.37460000000000004
vt 0.4087 0.37339999999999995
vt 0.4091 0.37240000000000006
vt 0.4087 0.37339999999999995
vt 0.4041 0.3703000000000001
vt 0.4041 0.3703000000000001
vt 0.4087 0.37339999999999995
vt 0.3956 0.37759999999999994
vt 0.4041 0.3703000000000001
vt 0.3956 0.37759999999999994
vt 0.3894 0.368
vt 0.3894 0.368
vt 0.3956 0.37759999999999994
vt 0.3868 0.36929999999999996
vt 0.3894 0.368
vt 0.3868 0.36929999999999996
vt 0.3833 0.36060000000000003
vt 0.3833 0.36060000000000003
vt 0.3868 0.36929999999999996
vt 0.3634 0.3659
vt 0.4017 0.3829
vt 0.3935 0.37939999999999996
vt 0.3999 0.3852
vt 0.4017 0.3829
vt 0.3999 0.3852
vt 0.4112 0.3892
vt 0.4112 0.3892
vt 0.3999 0.3852
vt 0.4098 0.39159999999999995
vt 0.4017 0.3829
vt 0.4179 0.3759
vt 0.4112 0.3892
vt 0.4017 0.3829
vt 0.4112 0.3892
vt 0.3999 0.3852
vt 0.3999 0.3852
vt 0.4112 0.3892
vt 0.4098 0.39159999999999995
vt 0.6284 0.3227
vt 0.6463 0.3156
vt 0.6436 0.3066
vt 0.6436 0.3066
vt 0.6463 0.3156
vt 0.6492 0.3147
vt 0.6436 0.3066
vt 0.6492 0.3147
vt 0.6465 0.30610000000000004
vt 0.6465 0.30610000000000004
vt 0.6492 0.3147
vt 0.6635 0.30889999999999995
vt 0.6463 0.3156
vt 0.6284 0.3227
vt 0.6436 0.3066
vt 0.6463 0.3156
vt 0.6436 0.3066
vt 0.6492 0.3147
vt 0.6492 0.3147
vt 0.6436 0.3066
vt 0.6465 0.30610000000000004
vt 0.6492 0.3147
vt 0.6465 0.30610000000000004
vt 0.6635 0.30889999999999995
vt 0.6686 0.2933
vt 0.6655 0.28489999999999993
vt 0.659 0.2916000000000001
vt 0.659 0.2916000000000001
vt 0.6655 0.28489999999999993
vt 0.6644 0.28400000000000003
vt 0.659 0.2916000000000001
vt 0.6644 0.28400000000000003
vt 0.6581 0.2909999999999999
vt 0.6581 0.2909999999999999
vt 0.6644 0.28400000000000003
vt 0.6505 0.2773
vt 0.6581 0.2909999999999999
vt 0.6505 0.2773
vt 0.6468 0.28770000000000007
vt 0.6468 0.28770000000000007
vt 0.6505 0.2773
vt 0.6476 0.2763
vt 0.6655 0.28489999999999993
vt 0.6686 0.2933
vt 0.659 0.2916000000000001
vt 0.6655 0.28489999999999993
vt 0.659 0.2916000000000001
vt 0.6644 0.28400000000000003
vt 0.6644 0.28400000000000003
vt 0.659 0.2916000000000001
vt 0.6581 0.2909999999999999
vt 0.6644 0.28400000000000003
vt 0.6581 0.2909999999999999
vt 0.6505 0.2773
vt 0.6505 0.2773
vt 0.6581 0.2909999999999999
vt 0.6468 0.28770000000000007
vt 0.6505 0.2773
vt 0.6468 0.28770000000000007
vt 0.6476 0.2763
vt 0.4078 0.36739999999999995
vt 0.4088 0.36440000000000006
vt 0.4072 0.3635999999999999
vt 0.4078 0.36739999999999995
vt 0.4072 0.3635999999999999
vt 0.4048 0.3696999999999999
vt 0.4048 0.3696999999999999
vt 0.4072 0.3635999999999999
vt 0.4021 0.36329999999999996
vt 0.4048 0.3696999999999999
vt 0.4021 0.36329999999999996
vt 0.401 0.36339999999999995
vt 0.401 0.36339999999999995
vt 0.4021 0.36329999999999996
vt 0.401 0.3548
vt 0.401 0.36339999999999995
vt 0.401 0.3548
vt 0.3861 0.35939999999999994
vt 0.4088 0.36440000000000006
vt 0.4078 0.36739999999999995
vt 0.4072 0.3635999999999999
vt 0.4072 0.3635999999999999
vt 0.4078 0.36739999999999995
vt 0.4048 0.3696999999999999
vt 0.4072 0.3635999999999999
vt 0.4048 0.3696999999999999
vt 0.4021 0.36329999999999996
vt 0.4021 0.36329999999999996
vt 0.4048 0.3696999999999999
vt 0.401 0.36339999999999995
vt 0.4021 0.36329999999999996
vt 0.401 0.36339999999999995
vt 0.401 0.3548
vt 0.401 0.3548
vt 0.401 0.36339999999999995
vt 0.3861 0.35939999999999994
vt 0.4017 0.3829
vt 0.4112 0.3892
vt 0.4179 0.3759
vt 0.6573 0.29600000000000004
vt 0.6564 0.29600000000000004
vt 0.6594 0.30210000000000004
vt 0.6573 0.29600000000000004
vt 0.6594 0.30210000000000004
vt 0.6612 0.2962
vt 0.6612 0.2962
vt 0.6594 0.30210000000000004
vt 0.6631 0.2992
vt 0.6612 0.2962
vt 0.6631 0.2992
vt 0.6625 0.2962
vt 0.6625 0.2962
vt 0.6631 0.2992
vt 0.6638 0.29780000000000006
vt 0.6625 0.2962
vt 0.6638 0.29780000000000006
vt 0.6633 0.2950999999999999
vt 0.6564 0.29600000000000004
vt 0.6573 0.29600000000000004
vt 0.6594 0.30210000000000004
vt 0.6594 0.30210000000000004
vt 0.6573 0.29600000000000004
vt 0.6612 0.2962
vt 0.6594 0.30210000000000004
vt 0.6612 0.2962
vt 0.6631 0.2992
vt 0.6631 0.2992
vt 0.6612 0.2962
vt 0.6625 0.2962
vt 0.6631 0.2992
vt 0.6625 0.2962
vt 0.6638 0.29780000000000006
vt 0.6638 0.29780000000000006
vt 0.6625 0.2962
vt 0.6633 0.2950999999999999
vt 0.624 0.31000000000000005
vt 0.6284 0.3227
vt 0.6436 0.3066
vt 0.624 0.31000000000000005
vt 0.6436 0.3066
vt 0.6426 0.2953
vt 0.6426 0.2953
vt 0.6436 0.3066
vt 0.6465 0.30610000000000004
vt 0.6426 0.2953
vt 0.6465 0.30610000000000004
vt 0.6436 0.3066
vt 0.6426 0.2953
vt 0.6436 0.3066
vt 0.624 0.31000000000000005
vt 0.624 0.31000000000000005
vt 0.6436 0.3066
vt 0.6284 0.3227
vt 0.624 0.31000000000000005
vt 0.6426 0.2953
vt 0.6238 0.2943
vt 0.6426 0.2953
vt 0.624 0.31000000000000005
vt 0.6238 0.2943
vt 0.6625 0.29390000000000005
vt 0.6573 0.29600000000000004
vt 0.6612 0.2962
vt 0.6625 0.29390000000000005
vt 0.6612 0.2962
vt 0.6633 0.2950999999999999
vt 0.6633 0.2950999999999999
vt 0.6612 0.2962
vt 0.6625 0.2962
vt 0.6633 0.2950999999999999
vt 0.6625 0.2962
vt 0.6612 0.2962
vt 0.6633 0.2950999999999999
vt 0.6612 0.2962
vt 0.6625 0.29390000000000005
vt 0.6625 0.29390000000000005
vt 0.6612 0.2962
vt 0.6573 0.29600000000000004
vt 0.4069 0.3466
vt 0.4075 0.34430000000000005
vt 0.4052 0.34709999999999996
vt 0.4069 0.3466
vt 0.4052 0.34709999999999996
vt 0.409 0.35250000000000004
vt 0.409 0.35250000000000004
vt 0.4052 0.34709999999999996
vt 0.399 0.3548
vt 0.409 0.35250000000000004
vt 0.399 0.3548
vt 0.4052 0.34709999999999996
vt 0.409 0.35250000000000004
vt 0.4052 0.34709999999999996
vt 0.4069 0.3466
vt 0.4069 0.3466
vt 0.4052 0.34709999999999996
vt 0.4075 0.34430000000000005
vt 0.7412 0.5541
vt 0.7361 0.5618
vt 0.7549 0.5608
vt 0.7412 0.5541
vt 0.7549 0.5608
vt 0.7478 0.5443
vt 0.7478 0.5443
vt 0.7549 0.5608
vt 0.76 0.5503
vt 0.7478 0.5443
vt 0.76 0.5503
vt 0.7643 0.5368
vt 0.7643 0.5368
vt 0.76 0.5503
vt 0.7746 0.5558
vt 0.7643 0.5368
vt 0.7746 0.5558
vt 0.7772 0.5416
vt 0.7772 0.5416
vt 0.7746 0.5558
vt 0.7918 0.5448
vt 0.7772 0.5416
vt 0.7918 0.5448
vt 0.7776 0.5234
vt 0.7776 0.5234
vt 0.7918 0.5448
vt 0.792 0.5266
vt 0.7776 0.5234
vt 0.792 0.5266
vt 0.7916 0.5027
vt 0.7916 0.5027
vt 0.792 0.5266
vt 0.8106 0.5283
vt 0.7916 0.5027
vt 0.8106 0.5283
vt 0.8117 0.5057
vt 0.8117 0.5057
vt 0.8106 0.5283
vt 0.8361 0.5075
vt 0.8117 0.5057
vt 0.8361 0.5075
vt 0.8137 0.48219999999999996
vt 0.8137 0.48219999999999996
vt 0.8361 0.5075
vt 0.8388 0.4869
vt 0.8137 0.48219999999999996
vt 0.8388 0.4869
vt 0.8388 0.46950000000000003
vt 0.8388 0.46950000000000003
vt 0.8388 0.4869
vt 0.8659 0.48960000000000004
vt 0.8388 0.46950000000000003
vt 0.8659 0.48960000000000004
vt 0.8652 0.4686
vt 0.8652 0.4686
vt 0.8659 0.48960000000000004
vt 0.8846 0.4917
vt 0.8652 0.4686
vt 0.8846 0.4917
vt 0.8883 0.4686
vt 0.8883 0.4686
vt 0.8846 0.4917
vt 0.9104 0.4685
vt 0.8883 0.4686
vt 0.9104 0.4685
vt 0.8764 0.44510000000000005
vt 0.8764 0.44510000000000005
vt 0.9104 0.4685
vt 0.9099 0.43510000000000004
vt 0.8591 0.508
vt 0.8659 0.48960000000000004
vt 0.8846 0.4917
vt 0.8846 0.4917
vt 0.8659 0.48960000000000004
vt 0.8652 0.4686
vt 0.8846 0.4917
vt 0.8652 0.4686
vt 0.8883 0.4686
vt 0.8883 0.4686
vt 0.8652 0.4686
vt 0.8764 0.44510000000000005
vt 0.8883 0.4686
vt 0.8764 0.44510000000000005
vt 0.9104 0.4685
vt 0.9104 0.4685
vt 0.8764 0.44510000000000005
vt 0.9099 0.43510000000000004
vt 0.8106 0.5283
vt 0.792 0.5266
vt 0.7918 0.5448
vt 0.8106 0.5283
vt 0.7918 0.5448
vt 0.8105 0.5459
vt 0.8105 0.5459
vt 0.7918 0.5448
vt 0.81 0.5608
vt 0.8105 0.5459
vt 0.81 0.5608
vt 0.8342 0.543
vt 0.8342 0.543
vt 0.81 0.5608
vt 0.8366 0.5576
vt 0.8342 0.543
vt 0.8366 0.5576
vt 0.8567 0.5363
vt 0.8567 0.5363
vt 0.8366 0.5576
vt 0.8619 0.5489
vt 0.8567 0.5363
vt 0.8619 0.5489
vt 0.8831 0.5375
vt 0.8831 0.5375
vt 0.8619 0.5489
vt 0.8684 0.5641
vt 0.8831 0.5375
vt 0.8684 0.5641
vt 0.8932 0.5499
vt 0.8932 0.5499
vt 0.8684 0.5641
vt 0.9048 0.5653
vt 0.8932 0.5499
vt 0.9048 0.5653
vt 0.9149 0.5305
vt 0.9776 0.4245
vt 0.9622 0.42280000000000006
vt 0.947 0.47150000000000003
vt 0.9776 0.4245
vt 0.947 0.47150000000000003
vt 0.961 0.4744999999999999
vt 0.961 0.4744999999999999
vt 0.947 0.47150000000000003
vt 0.9468 0.5122
vt 0.961 0.4744999999999999
vt 0.9468 0.5122
vt 0.947 0.47150000000000003
vt 0.961 0.4744999999999999
vt 0.947 0.47150000000000003
vt 0.9776 0.4245
vt 0.9776 0.4245
vt 0.947 0.47150000000000003
vt 0.9622 0.42280000000000006
vt 0.947 0.47150000000000003
vt 0.9622 0.42280000000000006
vt 0.9453 0.42399999999999993
vt 0.947 0.47150000000000003
vt 0.9453 0.42399999999999993
vt 0.931 0.4686
vt 0.9453 0.42399999999999993
vt 0.9622 0.42280000000000006
vt 0.947 0.47150000000000003
vt 0.9453 0.42399999999999993
vt 0.947 0.47150000000000003
vt 0.931 0.4686
vt 0.7204 0.4065
vt 0.7166 0.3809
vt 0.713 0.3932
vt 0.7204 0.4065
vt 0.713 0.3932
vt 0.7098 0.40559999999999996
vt 0.7098 0.40559999999999996
vt 0.713 0.3932
vt 0.7059 0.38460000000000005
vt 0.7098 0.40559999999999996
vt 0.7059 0.38460000000000005
vt 0.7024 0.3974
vt 0.7024 0.3974
vt 0.7059 0.38460000000000005
vt 0.696 0.3931
vt 0.7024 0.3974
vt 0.696 0.3931
vt 0.7059 0.38460000000000005
vt 0.7024 0.3974
vt 0.7059 0.38460000000000005
vt 0.7098 0.40559999999999996
vt 0.7098 0.40559999999999996
vt 0.7059 0.38460000000000005
vt 0.713 0.3932
vt 0.7098 0.40559999999999996
vt 0.713 0.3932
vt 0.7204 0.4065
vt 0.7204 0.4065
vt 0.713 0.3932
vt 0.7166 0.3809
vt 0.6994 0.3803000000000001
vt 0.696 0.3931
vt 0.7059 0.38460000000000005
vt 0.6994 0.3803000000000001
vt 0.7059 0.38460000000000005
vt 0.7033 0.36719999999999997
vt 0.7033 0.36719999999999997
vt 0.7059 0.38460000000000005
vt 0.7099 0.372
vt 0.7033 0.36719999999999997
vt 0.7099 0.372
vt 0.7151 0.35939999999999994
vt 0.7151 0.35939999999999994
vt 0.7099 0.372
vt 0.7166 0.3809
vt 0.7151 0.35939999999999994
vt 0.7166 0.3809
vt 0.7217 0.36840000000000006
vt 0.696 0.3931
vt 0.6994 0.3803000000000001
vt 0.7059 0.38460000000000005
vt 0.7059 0.38460000000000005
vt 0.6994 0.3803000000000001
vt 0.7033 0.36719999999999997
vt 0.7059 0.38460000000000005
vt 0.7033 0.36719999999999997
vt 0.7099 0.372
vt 0.7099 0.372
vt 0.7033 0.36719999999999997
vt 0.7151 0.35939999999999994
vt 0.7099 0.372
vt 0.7151 0.35939999999999994
vt 0.7166 0.3809
vt 0.7166 0.3809
vt 0.7151 0.35939999999999994
vt 0.7217 0.36840000000000006
vt 0.7262 0.43320000000000003
vt 0.7303 0.4246
vt 0.7204 0.4065
vt 0.7262 0.43320000000000003
vt 0.7204 0.4065
vt 0.7174 0.4174
vt 0.7174 0.4174
vt 0.7204 0.4065
vt 0.7098 0.40559999999999996
vt 0.7174 0.4174
vt 0.7098 0.40559999999999996
vt 0.7204 0.4065
vt 0.7174 0.4174
vt 0.7204 0.4065
vt 0.7262 0.43320000000000003
vt 0.7262 0.43320000000000003
vt 0.7204 0.4065
vt 0.7303 0.4246
vt 0.81 0.5608
vt 0.7918 0.5448
vt 0.7903 0.5595
vt 0.7903 0.5595
vt 0.7918 0.5448
vt 0.7746 0.5558
vt 0.7903 0.5595
vt 0.7746 0.5558
vt 0.7879 0.5724
vt 0.7879 0.5724
vt 0.7746 0.5558
vt 0.7709 0.5675
vt 0.7879 0.5724
vt 0.7709 0.5675
vt 0.7669 0.5772
vt 0.7669 0.5772
vt 0.7709 0.5675
vt 0.7549 0.5608
vt 0.7669 0.5772
vt 0.7549 0.5608
vt 0.7504 0.5691
vt 0.7504 0.5691
vt 0.7549 0.5608
vt 0.7361 0.5618
vt 0.8117 0.5057
vt 0.8106 0.5283
vt 0.7916 0.5027
vt 0.7916 0.5027
vt 0.8106 0.5283
vt 0.792 0.5266
vt 0.7916 0.5027
vt 0.792 0.5266
vt 0.7776 0.5234
vt 0.7776 0.5234
vt 0.792 0.5266
vt 0.7918 0.5448
vt 0.7776 0.5234
vt 0.7918 0.5448
vt 0.7772 0.5416
vt 0.7772 0.5416
vt 0.7918 0.5448
vt 0.7746 0.5558
vt 0.7772 0.5416
vt 0.7746 0.5558
vt 0.7643 0.5368
vt 0.7643 0.5368
vt 0.7746 0.5558
vt 0.76 0.5503
vt 0.7643 0.5368
vt 0.76 0.5503
vt 0.7478 0.5443
vt 0.7478 0.5443
vt 0.76 0.5503
vt 0.7549 0.5608
vt 0.7478 0.5443
vt 0.7549 0.5608
vt 0.7412 0.5541
vt 0.7412 0.5541
vt 0.7549 0.5608
vt 0.7361 0.5618
vt 0.7504 0.5691
vt 0.7361 0.5618
vt 0.7549 0.5608
vt 0.7504 0.5691
vt 0.7549 0.5608
vt 0.7669 0.5772
vt 0.7669 0.5772
vt 0.7549 0.5608
vt 0.7709 0.5675
vt 0.7669 0.5772
vt 0.7709 0.5675
vt 0.7879 0.5724
vt 0.7879 0.5724
vt 0.7709 0.5675
vt 0.7746 0.5558
vt 0.7879 0.5724
vt 0.7746 0.5558
vt 0.7903 0.5595
vt 0.7903 0.5595
vt 0.7746 0.5558
vt 0.7918 0.5448
vt 0.7903 0.5595
vt 0.7918 0.5448
vt 0.81 0.5608
vt 0.81 0.5608
vt 0.7918 0.5448
vt 0.8105 0.5459
vt 0.81 0.5608
vt 0.8105 0.5459
vt 0.8342 0.543
vt 0.8342 0.543
vt 0.8105 0.5459
vt 0.8106 0.5283
vt 0.8366 0.5576
vt 0.81 0.5608
vt 0.8396 0.5732
vt 0.8396 0.5732
vt 0.81 0.5608
vt 0.8092 0.5752
vt 0.8396 0.5732
vt 0.8092 0.5752
vt 0.8088 0.5898
vt 0.8088 0.5898
vt 0.8092 0.5752
vt 0.7879 0.5724
vt 0.8088 0.5898
vt 0.7879 0.5724
vt 0.7851 0.5845
vt 0.7851 0.5845
vt 0.7879 0.5724
vt 0.7669 0.5772
vt 0.7851 0.5845
vt 0.7669 0.5772
vt 0.7879 0.5724
vt 0.7851 0.5845
vt 0.7879 0.5724
vt 0.8088 0.5898
vt 0.8088 0.5898
vt 0.7879 0.5724
vt 0.8092 0.5752
vt 0.8088 0.5898
vt 0.8092 0.5752
vt 0.8396 0.5732
vt 0.8396 0.5732
vt 0.8092 0.5752
vt 0.81 0.5608
vt 0.8396 0.5732
vt 0.81 0.5608
vt 0.8366 0.5576
vt 0.8366 0.5576
vt 0.81 0.5608
vt 0.8342 0.543
vt 0.8619 0.5489
vt 0.8366 0.5576
vt 0.8684 0.5641
vt 0.8684 0.5641
vt 0.8366 0.5576
vt 0.8396 0.5732
vt 0.8684 0.5641
vt 0.8396 0.5732
vt 0.8422 0.5898
vt 0.8422 0.5898
vt 0.8396 0.5732
vt 0.8088 0.5898
vt 0.9048 0.5653
vt 0.8751 0.5816
vt 0.8684 0.5641
vt 0.8684 0.5641
vt 0.8751 0.5816
vt 0.8422 0.5898
vt 0.8684 0.5641
vt 0.8422 0.5898
vt 0.8396 0.5732
vt 0.8396 0.5732
vt 0.8422 0.5898
vt 0.8088 0.5898
vt 0.8684 0.5641
vt 0.8422 0.5898
vt 0.8751 0.5816
vt 0.8684 0.5641
vt 0.8751 0.5816
vt 0.9048 0.5653
vt 0.8764 0.44510000000000005
vt 0.8682 0.42300000000000004
vt 0.8448 0.4315
vt 0.8764 0.44510000000000005
vt 0.8448 0.4315
vt 0.8444 0.45130000000000003
vt 0.8444 0.45130000000000003
vt 0.8448 0.4315
vt 0.8198 0.42880000000000007
vt 0.8444 0.45130000000000003
vt 0.8198 0.42880000000000007
vt 0.8134 0.44189999999999996
vt 0.8134 0.44189999999999996
vt 0.8198 0.42880000000000007
vt 0.7992 0.4381999999999999
vt 0.8134 0.44189999999999996
vt 0.7992 0.4381999999999999
vt 0.8388 0.46950000000000003
vt 0.8388 0.46950000000000003
vt 0.7992 0.4381999999999999
vt 0.8098 0.46110000000000007
vt 0.8388 0.46950000000000003
vt 0.8098 0.46110000000000007
vt 0.8137 0.48219999999999996
vt 0.8137 0.48219999999999996
vt 0.8098 0.46110000000000007
vt 0.7879 0.45510000000000006
vt 0.8137 0.48219999999999996
vt 0.7879 0.45510000000000006
vt 0.7914 0.47740000000000005
vt 0.7914 0.47740000000000005
vt 0.7879 0.45510000000000006
vt 0.7693 0.46730000000000005
vt 0.7914 0.47740000000000005
vt 0.7693 0.46730000000000005
vt 0.7916 0.5027
vt 0.7916 0.5027
vt 0.7693 0.46730000000000005
vt 0.7754 0.4989
vt 0.7916 0.5027
vt 0.7754 0.4989
vt 0.7776 0.5234
vt 0.7776 0.5234
vt 0.7754 0.4989
vt 0.7634 0.49740000000000006
vt 0.7776 0.5234
vt 0.7634 0.49740000000000006
vt 0.7657 0.5197
vt 0.7657 0.5197
vt 0.7634 0.49740000000000006
vt 0.7552 0.5166
vt 0.7657 0.5197
vt 0.7552 0.5166
vt 0.7643 0.5368
vt 0.7643 0.5368
vt 0.7552 0.5166
vt 0.7533 0.5319
vt 0.7643 0.5368
vt 0.7533 0.5319
vt 0.7478 0.5443
vt 0.7693 0.46730000000000005
vt 0.7916 0.5027
vt 0.7754 0.4989
vt 0.7754 0.4989
vt 0.7916 0.5027
vt 0.7776 0.5234
vt 0.7754 0.4989
vt 0.7776 0.5234
vt 0.7634 0.49740000000000006
vt 0.7634 0.49740000000000006
vt 0.7776 0.5234
vt 0.7657 0.5197
vt 0.7634 0.49740000000000006
vt 0.7657 0.5197
vt 0.7552 0.5166
vt 0.7552 0.5166
vt 0.7657 0.5197
vt 0.7643 0.5368
vt 0.7552 0.5166
vt 0.7643 0.5368
vt 0.7533 0.5319
vt 0.7533 0.5319
vt 0.7643 0.5368
vt 0.7478 0.5443
vt 0.7634 0.49740000000000006
vt 0.7754 0.4989
vt 0.7693 0.46730000000000005
vt 0.7634 0.49740000000000006
vt 0.7693 0.46730000000000005
vt 0.7568 0.4717
vt 0.7568 0.4717
vt 0.7693 0.46730000000000005
vt 0.7437 0.4468
vt 0.7568 0.4717
vt 0.7437 0.4468
vt 0.747 0.4746
vt 0.747 0.4746
vt 0.7437 0.4468
vt 0.7372 0.4528
vt 0.747 0.4746
vt 0.7372 0.4528
vt 0.7437 0.4468
vt 0.7529 0.497
vt 0.7552 0.5166
vt 0.7634 0.49740000000000006
vt 0.7529 0.497
vt 0.7634 0.49740000000000006
vt 0.747 0.4746
vt 0.747 0.4746
vt 0.7634 0.49740000000000006
vt 0.7568 0.4717
vt 0.7151 0.35939999999999994
vt 0.7227 0.32620000000000005
vt 0.7093 0.3527
vt 0.7151 0.35939999999999994
vt 0.7093 0.3527
vt 0.7033 0.36719999999999997
vt 0.7151 0.35939999999999994
vt 0.7033 0.36719999999999997
vt 0.7093 0.3527
vt 0.7151 0.35939999999999994
vt 0.7093 0.3527
vt 0.7227 0.32620000000000005
vt 0.4996 0.3498
vt 0.5083 0.3474999999999999
vt 0.5101 0.3405
vt 0.5101 0.3405
vt 0.5083 0.3474999999999999
vt 0.5145 0.34709999999999996
vt 0.5101 0.3405
vt 0.5145 0.34709999999999996
vt 0.5184 0.34020000000000006
vt 0.5184 0.34020000000000006
vt 0.5145 0.34709999999999996
vt 0.5256 0.34040000000000004
vt 0.5083 0.3474999999999999
vt 0.4996 0.3498
vt 0.5101 0.3405
vt 0.5083 0.3474999999999999
vt 0.5101 0.3405
vt 0.5145 0.34709999999999996
vt 0.5145 0.34709999999999996
vt 0.5101 0.3405
vt 0.5184 0.34020000000000006
vt 0.5145 0.34709999999999996
vt 0.5184 0.34020000000000006
vt 0.5256 0.34040000000000004
vt 0.5321 0.34129999999999994
vt 0.5256 0.34040000000000004
vt 0.5301 0.35030000000000006
vt 0.5321 0.34129999999999994
vt 0.5301 0.35030000000000006
vt 0.5374 0.3418
vt 0.5374 0.3418
vt 0.5301 0.35030000000000006
vt 0.5376 0.35139999999999993
vt 0.5374 0.3418
vt 0.5376 0.35139999999999993
vt 0.5301 0.35030000000000006
vt 0.5374 0.3418
vt 0.5301 0.35030000000000006
vt 0.5321 0.34129999999999994
vt 0.5321 0.34129999999999994
vt 0.5301 0.35030000000000006
vt 0.5256 0.34040000000000004
vt 0.4485 0.35539999999999994
vt 0.4568 0.355
vt 0.4506 0.3479
vt 0.4506 0.3479
vt 0.4568 0.355
vt 0.4651 0.3546
vt 0.4506 0.3479
vt 0.4651 0.3546
vt 0.4592 0.35
vt 0.4592 0.35
vt 0.4651 0.3546
vt 0.4693 0.35
vt 0.4568 0.355
vt 0.4485 0.35539999999999994
vt 0.4506 0.3479
vt 0.4568 0.355
vt 0.4506 0.3479
vt 0.4651 0.3546
vt 0.4651 0.3546
vt 0.4506 0.3479
vt 0.4592 0.35
vt 0.4651 0.3546
vt 0.4592 0.35
vt 0.4693 0.35
vt 0.4383 0.3457
vt 0.4411 0.35539999999999994
vt 0.4485 0.35539999999999994
vt 0.4383 0.3457
vt 0.4485 0.35539999999999994
vt 0.4435 0.3461000000000001
vt 0.4435 0.3461000000000001
vt 0.4485 0.35539999999999994
vt 0.4506 0.3479
vt 0.4435 0.3461000000000001
vt 0.4506 0.3479
vt 0.4485 0.35539999999999994
vt 0.4435 0.3461000000000001
vt 0.4485 0.35539999999999994
vt 0.4383 0.3457
vt 0.4383 0.3457
vt 0.4485 0.35539999999999994
vt 0.4411 0.35539999999999994
vt 0.4651 0.3546
vt 0.4736 0.3539
vt 0.4693 0.35
vt 0.4693 0.35
vt 0.4736 0.3539
vt 0.4825 0.3529
vt 0.4693 0.35
vt 0.4825 0.3529
vt 0.4797 0.3477
vt 0.4797 0.3477
vt 0.4825 0.3529
vt 0.4901 0.3447
vt 0.4736 0.3539
vt 0.4651 0.3546
vt 0.4693 0.35
vt 0.4736 0.3539
vt 0.4693 0.35
vt 0.4825 0.3529
vt 0.4825 0.3529
vt 0.4693 0.35
vt 0.4797 0.3477
vt 0.4825 0.3529
vt 0.4797 0.3477
vt 0.4901 0.3447
vt 0.4825 0.3529
vt 0.4904 0.3518
vt 0.4901 0.3447
vt 0.4901 0.3447
vt 0.4904 0.3518
vt 0.4996 0.3498
vt 0.4901 0.3447
vt 0.4996 0.3498
vt 0.5004 0.34220000000000006
vt 0.5004 0.34220000000000006
vt 0.4996 0.3498
vt 0.5101 0.3405
vt 0.4904 0.3518
vt 0.4825 0.3529
vt 0.4901 0.3447
vt 0.4904 0.3518
vt 0.4901 0.3447
vt 0.4996 0.3498
vt 0.4996 0.3498
vt 0.4901 0.3447
vt 0.5004 0.34220000000000006
vt 0.4996 0.3498
vt 0.5004 0.34220000000000006
vt 0.5101 0.3405
vt 0.874 0.3375
vt 0.8832 0.3448
vt 0.8894 0.33440000000000003
vt 0.874 0.3375
vt 0.8894 0.33440000000000003
vt 0.8659 0.33430000000000004
vt 0.8659 0.33430000000000004
vt 0.8894 0.33440000000000003
vt 0.8739 0.3244
vt 0.8659 0.33430000000000004
vt 0.8739 0.3244
vt 0.8608 0.32699999999999996
vt 0.8608 0.32699999999999996
vt 0.8739 0.3244
vt 0.869 0.3218
vt 0.8608 0.32699999999999996
vt 0.869 0.3218
vt 0.8565 0.32289999999999996
vt 0.8565 0.32289999999999996
vt 0.869 0.3218
vt 0.8644 0.31689999999999996
vt 0.8565 0.32289999999999996
vt 0.8644 0.31689999999999996
vt 0.8476 0.3173
vt 0.8476 0.3173
vt 0.8644 0.31689999999999996
vt 0.8547 0.3105
vt 0.8476 0.3173
vt 0.8547 0.3105
vt 0.8644 0.31689999999999996
vt 0.8476 0.3173
vt 0.8644 0.31689999999999996
vt 0.8565 0.32289999999999996
vt 0.8565 0.32289999999999996
vt 0.8644 0.31689999999999996
vt 0.869 0.3218
vt 0.8565 0.32289999999999996
vt 0.869 0.3218
vt 0.8608 0.32699999999999996
vt 0.8608 0.32699999999999996
vt 0.869 0.3218
vt 0.8739 0.3244
vt 0.8894 0.33440000000000003
vt 0.8832 0.3448
vt 0.8984 0.3415
vt 0.9551 0.37339999999999995
vt 0.9305 0.353
vt 0.9202 0.3658
vt 0.9551 0.37339999999999995
vt 0.9202 0.3658
vt 0.9445 0.3857999999999999
vt 0.9445 0.3857999999999999
vt 0.9202 0.3658
vt 0.9098 0.37959999999999994
vt 0.9445 0.3857999999999999
vt 0.9098 0.37959999999999994
vt 0.9332 0.39949999999999997
vt 0.9332 0.39949999999999997
vt 0.9098 0.37959999999999994
vt 0.9061 0.4263
vt 0.9332 0.39949999999999997
vt 0.9061 0.4263
vt 0.9098 0.37959999999999994
vt 0.9332 0.39949999999999997
vt 0.9098 0.37959999999999994
vt 0.9445 0.3857999999999999
vt 0.9445 0.3857999999999999
vt 0.9098 0.37959999999999994
vt 0.9202 0.3658
vt 0.9445 0.3857999999999999
vt 0.9202 0.3658
vt 0.9551 0.37339999999999995
vt 0.9551 0.37339999999999995
vt 0.9202 0.3658
vt 0.9305 0.353
vt 0.8076 0.2821
vt 0.7998 0.2795000000000001
vt 0.8011 0.2873
vt 0.8076 0.2821
vt 0.8011 0.2873
vt 0.8092 0.2901
vt 0.8092 0.2901
vt 0.8011 0.2873
vt 0.8013 0.29810000000000003
vt 0.8092 0.2901
vt 0.8013 0.29810000000000003
vt 0.8166 0.29689999999999994
vt 0.8166 0.29689999999999994
vt 0.8013 0.29810000000000003
vt 0.813 0.3134
vt 0.8166 0.29689999999999994
vt 0.813 0.3134
vt 0.8253 0.31790000000000007
vt 0.8253 0.31790000000000007
vt 0.813 0.3134
vt 0.829 0.32499999999999996
vt 0.8253 0.31790000000000007
vt 0.829 0.32499999999999996
vt 0.8396 0.32499999999999996
vt 0.8396 0.32499999999999996
vt 0.829 0.32499999999999996
vt 0.8452 0.33109999999999995
vt 0.8396 0.32499999999999996
vt 0.8452 0.33109999999999995
vt 0.829 0.32499999999999996
vt 0.8396 0.32499999999999996
vt 0.829 0.32499999999999996
vt 0.8253 0.31790000000000007
vt 0.8253 0.31790000000000007
vt 0.829 0.32499999999999996
vt 0.813 0.3134
vt 0.8253 0.31790000000000007
vt 0.813 0.3134
vt 0.8166 0.29689999999999994
vt 0.8166 0.29689999999999994
vt 0.813 0.3134
vt 0.8013 0.29810000000000003
vt 0.8166 0.29689999999999994
vt 0.8013 0.29810000000000003
vt 0.8092 0.2901
vt 0.8092 0.2901
vt 0.8013 0.29810000000000003
vt 0.8011 0.2873
vt 0.8092 0.2901
vt 0.8011 0.2873
vt 0.8076 0.2821
vt 0.8076 0.2821
vt 0.8011 0.2873
vt 0.7998 0.2795000000000001
vt 0.7942 0.3165
vt 0.7845 0.31909999999999994
vt 0.7911 0.31210000000000004
vt 0.7942 0.3165
vt 0.7911 0.31210000000000004
vt 0.8013 0.29810000000000003
vt 0.8013 0.29810000000000003
vt 0.7911 0.31210000000000004
vt 0.7972 0.29800000000000004
vt 0.8013 0.29810000000000003
vt 0.7972 0.29800000000000004
vt 0.8011 0.2873
vt 0.8011 0.2873
vt 0.7972 0.29800000000000004
vt 0.7985 0.28780000000000006
vt 0.8011 0.2873
vt 0.7985 0.28780000000000006
vt 0.7998 0.2795000000000001
vt 0.7998 0.2795000000000001
vt 0.7985 0.28780000000000006
vt 0.7952 0.2792
vt 0.8914 0.40149999999999997
vt 0.9061 0.4263
vt 0.9098 0.37959999999999994
vt 0.8914 0.40149999999999997
vt 0.9098 0.37959999999999994
vt 0.905 0.37529999999999997
vt 0.905 0.37529999999999997
vt 0.9098 0.37959999999999994
vt 0.9138 0.3581
vt 0.905 0.37529999999999997
vt 0.9138 0.3581
vt 0.9066 0.35
vt 0.9066 0.35
vt 0.9138 0.3581
vt 0.9158 0.3419
vt 0.9066 0.35
vt 0.9158 0.3419
vt 0.9069 0.3347
vt 0.9061 0.4263
vt 0.8914 0.40149999999999997
vt 0.9098 0.37959999999999994
vt 0.9098 0.37959999999999994
vt 0.8914 0.40149999999999997
vt 0.905 0.37529999999999997
vt 0.9098 0.37959999999999994
vt 0.905 0.37529999999999997
vt 0.9138 0.3581
vt 0.9138 0.3581
vt 0.905 0.37529999999999997
vt 0.9066 0.35
vt 0.9138 0.3581
vt 0.9066 0.35
vt 0.9158 0.3419
vt 0.9158 0.3419
vt 0.9066 0.35
vt 0.9069 0.3347
vt 0.9202 0.3658
vt 0.9305 0.353
vt 0.9234 0.3476
vt 0.9202 0.3658
vt 0.9234 0.3476
vt 0.9138 0.3581
vt 0.9138 0.3581
vt 0.9234 0.3476
vt 0.9158 0.3419
vt 0.9138 0.3581
vt 0.9158 0.3419
vt 0.9234 0.3476
vt 0.9138 0.3581
vt 0.9234 0.3476
vt 0.9202 0.3658
vt 0.9202 0.3658
vt 0.9234 0.3476
vt 0.9305 0.353
vt 0.8843 0.36060000000000003
vt 0.8752 0.3609
vt 0.8657 0.3749
vt 0.8843 0.36060000000000003
vt 0.8657 0.3749
vt 0.8726 0.37939999999999996
vt 0.8726 0.37939999999999996
vt 0.8657 0.3749
vt 0.8531 0.3833
vt 0.8726 0.37939999999999996
vt 0.8531 0.3833
vt 0.8547 0.3921
vt 0.8547 0.3921
vt 0.8531 0.3833
vt 0.8506 0.38260000000000005
vt 0.8547 0.3921
vt 0.8506 0.38260000000000005
vt 0.8505 0.39050000000000007
vt 0.8505 0.39050000000000007
vt 0.8506 0.38260000000000005
vt 0.8482 0.3817999999999999
vt 0.8836 0.39060000000000006
vt 0.8632 0.4161
vt 0.8577 0.4092
vt 0.8836 0.39060000000000006
vt 0.8577 0.4092
vt 0.8794 0.385
vt 0.8794 0.385
vt 0.8577 0.4092
vt 0.8537 0.40080000000000005
vt 0.8794 0.385
vt 0.8537 0.40080000000000005
vt 0.8726 0.37939999999999996
vt 0.8726 0.37939999999999996
vt 0.8537 0.40080000000000005
vt 0.8547 0.3921
vt 0.8726 0.37939999999999996
vt 0.8547 0.3921
vt 0.8531 0.3833
vt 0.8531 0.3833
vt 0.8547 0.3921
vt 0.8506 0.38260000000000005
vt 0.8547 0.3921
vt 0.8537 0.40080000000000005
vt 0.8505 0.39050000000000007
vt 0.8547 0.3921
vt 0.8505 0.39050000000000007
vt 0.8506 0.38260000000000005
vt 0.8506 0.38260000000000005
vt 0.8505 0.39050000000000007
vt 0.8482 0.3817999999999999
vt 0.7302 0.33729999999999993
vt 0.7298 0.3178000000000001
vt 0.7377 0.3295
vt 0.7377 0.3295
vt 0.7298 0.3178000000000001
vt 0.7367 0.3126
vt 0.7377 0.3295
vt 0.7367 0.3126
vt 0.7445 0.3235
vt 0.7445 0.3235
vt 0.7367 0.3126
vt 0.7423 0.3091999999999999
vt 0.7423 0.3091999999999999
vt 0.7367 0.3126
vt 0.7445 0.3235
vt 0.7845 0.31909999999999994
vt 0.7811 0.31800000000000006
vt 0.7841 0.3158000000000001
vt 0.7845 0.31909999999999994
vt 0.7841 0.3158000000000001
vt 0.7911 0.31210000000000004
vt 0.7911 0.31210000000000004
vt 0.7841 0.3158000000000001
vt 0.788 0.31010000000000004
vt 0.7911 0.31210000000000004
vt 0.788 0.31010000000000004
vt 0.7972 0.29800000000000004
vt 0.7972 0.29800000000000004
vt 0.788 0.31010000000000004
vt 0.7937 0.29679999999999995
vt 0.7972 0.29800000000000004
vt 0.7937 0.29679999999999995
vt 0.7985 0.28780000000000006
vt 0.7985 0.28780000000000006
vt 0.7937 0.29679999999999995
vt 0.794 0.2875
vt 0.7985 0.28780000000000006
vt 0.794 0.2875
vt 0.7952 0.2792
vt 0.7952 0.2792
vt 0.794 0.2875
vt 0.7923 0.27869999999999995
vt 0.7841 0.3158000000000001
vt 0.7805 0.3144
vt 0.7811 0.31800000000000006
vt 0.7811 0.31800000000000006
vt 0.7805 0.3144
vt 0.7789 0.3106
vt 0.7811 0.31800000000000006
vt 0.7789 0.3106
vt 0.7755 0.3143
vt 0.7755 0.3143
vt 0.7789 0.3106
vt 0.7708 0.3036
vt 0.7755 0.3143
vt 0.7708 0.3036
vt 0.7683 0.3077
vt 0.7683 0.3077
vt 0.7708 0.3036
vt 0.7615 0.3006
vt 0.7683 0.3077
vt 0.7615 0.3006
vt 0.7602 0.3030999999999999
vt 0.7602 0.3030999999999999
vt 0.7615 0.3006
vt 0.7566 0.2974
vt 0.7602 0.3030999999999999
vt 0.7566 0.2974
vt 0.755 0.2994
vt 0.755 0.2994
vt 0.7566 0.2974
vt 0.7602 0.3030999999999999
vt 0.7857 0.3224
vt 0.7864 0.3286
vt 0.7777 0.3277
vt 0.7857 0.3224
vt 0.7777 0.3277
vt 0.7795 0.3227
vt 0.7795 0.3227
vt 0.7777 0.3277
vt 0.7713 0.3184
vt 0.7795 0.3227
vt 0.7713 0.3184
vt 0.7755 0.3143
vt 0.7755 0.3143
vt 0.7713 0.3184
vt 0.7683 0.3077
vt 0.7755 0.3143
vt 0.7683 0.3077
vt 0.7708 0.3036
vt 0.7708 0.3036
vt 0.7683 0.3077
vt 0.7615 0.3006
vt 0.7777 0.3277
vt 0.7674 0.32319999999999993
vt 0.7713 0.3184
vt 0.7713 0.3184
vt 0.7674 0.32319999999999993
vt 0.7641 0.3124
vt 0.7713 0.3184
vt 0.7641 0.3124
vt 0.7683 0.3077
vt 0.7683 0.3077
vt 0.7641 0.3124
vt 0.7602 0.3030999999999999
vt 0.7683 0.3077
vt 0.7602 0.3030999999999999
vt 0.7615 0.3006
vt 0.7615 0.3006
vt 0.7602 0.3030999999999999
vt 0.7566 0.2974
vt 0.7811 0.31800000000000006
vt 0.7789 0.3106
vt 0.7805 0.3144
vt 0.7811 0.31800000000000006
vt 0.7805 0.3144
vt 0.7841 0.3158000000000001
vt 0.8576 0.37470000000000003
vt 0.8531 0.3833
vt 0.8657 0.3749
vt 0.8576 0.37470000000000003
vt 0.8657 0.3749
vt 0.8645 0.3703000000000001
vt 0.8645 0.3703000000000001
vt 0.8657 0.3749
vt 0.8752 0.3609
vt 0.8645 0.3703000000000001
vt 0.8752 0.3609
vt 0.8677 0.3598
vt 0.8645 0.3703000000000001
vt 0.8677 0.3598
vt 0.8752 0.3609
vt 0.8645 0.3703000000000001
vt 0.8752 0.3609
vt 0.8657 0.3749
vt 0.8657 0.3749
vt 0.8752 0.3609
vt 0.8843 0.36060000000000003
vt 0.8657 0.3749
vt 0.8843 0.36060000000000003
vt 0.8726 0.37939999999999996
vt 0.8726 0.37939999999999996
vt 0.8843 0.36060000000000003
vt 0.8947 0.3668
vt 0.8726 0.37939999999999996
vt 0.8947 0.3668
vt 0.8794 0.385
vt 0.8794 0.385
vt 0.8947 0.3668
vt 0.8836 0.39060000000000006
vt 0.8576 0.37470000000000003
vt 0.8645 0.3703000000000001
vt 0.8657 0.3749
vt 0.8576 0.37470000000000003
vt 0.8657 0.3749
vt 0.8531 0.3833
vt 0.8531 0.3833
vt 0.8657 0.3749
vt 0.8726 0.37939999999999996
vt 0.8465 0.34729999999999994
vt 0.8388 0.3519
vt 0.8425 0.35620000000000007
vt 0.8465 0.34729999999999994
vt 0.8425 0.35620000000000007
vt 0.8536 0.3481000000000001
vt 0.8536 0.3481000000000001
vt 0.8425 0.35620000000000007
vt 0.8492 0.35450000000000004
vt 0.8536 0.3481000000000001
vt 0.8492 0.35450000000000004
vt 0.8425 0.35620000000000007
vt 0.8536 0.3481000000000001
vt 0.8425 0.35620000000000007
vt 0.8465 0.34729999999999994
vt 0.8465 0.34729999999999994
vt 0.8425 0.35620000000000007
vt 0.8388 0.3519
vt 0.8465 0.34729999999999994
vt 0.8388 0.3519
vt 0.8439 0.3427
vt 0.1749 0.21310000000000007
vt 0.2856 0.20879999999999999
vt 0.1768 0.18179999999999996
vt 0.1749 0.21310000000000007
vt 0.1768 0.18179999999999996
vt 0.0543 0.18290000000000006
vt 0.0543 0.18290000000000006
vt 0.1768 0.18179999999999996
vt 0.0567 0.1521
vt 0.0543 0.18290000000000006
vt 0.0567 0.1521
vt 0.0292 0.18479999999999996
vt 0.0292 0.18479999999999996
vt 0.0567 0.1521
vt 0.0323 0.1522
vt 0.0292 0.18479999999999996
vt 0.0323 0.1522
vt 0.004 0.18669999999999998
vt 0.004 0.18669999999999998
vt 0.0323 0.1522
vt 0.008 0.1522
vt 0.004 0.18669999999999998
vt 0.008 0.1522
vt 0.0323 0.1522
vt 0.004 0.18669999999999998
vt 0.0323 0.1522
vt 0.0292 0.18479999999999996
vt 0.0292 0.18479999999999996
vt 0.0323 0.1522
vt 0.0567 0.1521
vt 0.0292 0.18479999999999996
vt 0.0567 0.1521
vt 0.0543 0.18290000000000006
vt 0.0543 0.18290000000000006
vt 0.0567 0.1521
vt 0.1768 0.18179999999999996
vt 0.0543 0.18290000000000006
vt 0.1768 0.18179999999999996
vt 0.1749 0.21310000000000007
vt 0.1749 0.21310000000000007
vt 0.1768 0.18179999999999996
vt 0.2856 0.20879999999999999
vt 0.0525 0.21409999999999996
vt 0.1749 0.21310000000000007
vt 0.0543 0.18290000000000006
vt 0.0525 0.21409999999999996
vt 0.0543 0.18290000000000006
vt 0.0262 0.2177
vt 0.0262 0.2177
vt 0.0543 0.18290000000000006
vt 0.0292 0.18479999999999996
vt 0.0262 0.2177
vt 0.0292 0.18479999999999996
vt 0 0.22130000000000005
vt 0 0.22130000000000005
vt 0.0292 0.18479999999999996
vt 0.004 0.18669999999999998
vt 0 0.22130000000000005
vt 0.004 0.18669999999999998
vt 0.0292 0.18479999999999996
vt 0 0.22130000000000005
vt 0.0292 0.18479999999999996
vt 0.0262 0.2177
vt 0.0262 0.2177
vt 0.0292 0.18479999999999996
vt 0.0543 0.18290000000000006
vt 0.0262 0.2177
vt 0.0543 0.18290000000000006
vt 0.0525 0.21409999999999996
vt 0.0525 0.21409999999999996
vt 0.0543 0.18290000000000006
vt 0.1749 0.21310000000000007
vt 0.0341 0.09460000000000002
vt 0.0585 0.09399999999999997
vt 0.0553 0.06330000000000002
vt 0.0341 0.09460000000000002
vt 0.0553 0.06330000000000002
vt 0.0301 0.062100000000000044
vt 0.0301 0.062100000000000044
vt 0.0553 0.06330000000000002
vt 0.0526 0.032200000000000006
vt 0.0301 0.062100000000000044
vt 0.0526 0.032200000000000006
vt 0.0263 0.029299999999999993
vt 0.0263 0.029299999999999993
vt 0.0526 0.032200000000000006
vt 0.0567 0.006199999999999983
vt 0.0263 0.029299999999999993
vt 0.0567 0.006199999999999983
vt 0.032 0.0030999999999999917
vt 0.0585 0.09399999999999997
vt 0.0341 0.09460000000000002
vt 0.0553 0.06330000000000002
vt 0.0553 0.06330000000000002
vt 0.0341 0.09460000000000002
vt 0.0301 0.062100000000000044
vt 0.0553 0.06330000000000002
vt 0.0301 0.062100000000000044
vt 0.0526 0.032200000000000006
vt 0.0526 0.032200000000000006
vt 0.0301 0.062100000000000044
vt 0.0263 0.029299999999999993
vt 0.0526 0.032200000000000006
vt 0.0263 0.029299999999999993
vt 0.0567 0.006199999999999983
vt 0.0567 0.006199999999999983
vt 0.0263 0.029299999999999993
vt 0.032 0.0030999999999999917
vt 0.4744 0.5113
vt 0.498 0.4899
vt 0.4737 0.4962
vt 0.4744 0.5113
vt 0.4737 0.4962
vt 0.4379 0.5164
vt 0.4379 0.5164
vt 0.4737 0.4962
vt 0.4425 0.5004
vt 0.4379 0.5164
vt 0.4425 0.5004
vt 0.3971 0.5119
vt 0.3971 0.5119
vt 0.4425 0.5004
vt 0.4134 0.5009
vt 0.3971 0.5119
vt 0.4134 0.5009
vt 0.4114 0.4849
vt 0.4114 0.4849
vt 0.4134 0.5009
vt 0.4433 0.481
vt 0.4114 0.4849
vt 0.4433 0.481
vt 0.4101 0.46599999999999997
vt 0.4101 0.46599999999999997
vt 0.4433 0.481
vt 0.4422 0.4636
vt 0.4101 0.46599999999999997
vt 0.4422 0.4636
vt 0.4102 0.4489000000000001
vt 0.4102 0.4489000000000001
vt 0.4422 0.4636
vt 0.4418 0.44809999999999994
vt 0.4102 0.4489000000000001
vt 0.4418 0.44809999999999994
vt 0.4385 0.43520000000000003
vt 0.4385 0.43520000000000003
vt 0.4418 0.44809999999999994
vt 0.4696 0.4348000000000001
vt 0.4385 0.43520000000000003
vt 0.4696 0.4348000000000001
vt 0.4418 0.44809999999999994
vt 0.4385 0.43520000000000003
vt 0.4418 0.44809999999999994
vt 0.4102 0.4489000000000001
vt 0.4102 0.4489000000000001
vt 0.4418 0.44809999999999994
vt 0.4422 0.4636
vt 0.4102 0.4489000000000001
vt 0.4422 0.4636
vt 0.4101 0.46599999999999997
vt 0.4101 0.46599999999999997
vt 0.4422 0.4636
vt 0.4433 0.481
vt 0.4101 0.46599999999999997
vt 0.4433 0.481
vt 0.4114 0.4849
vt 0.4114 0.4849
vt 0.4433 0.481
vt 0.4134 0.5009
vt 0.4114 0.4849
vt 0.4134 0.5009
vt 0.3971 0.5119
vt 0.3971 0.5119
vt 0.4134 0.5009
vt 0.4425 0.5004
vt 0.3971 0.5119
vt 0.4425 0.5004
vt 0.4379 0.5164
vt 0.4379 0.5164
vt 0.4425 0.5004
vt 0.4737 0.4962
vt 0.4379 0.5164
vt 0.4737 0.4962
vt 0.4744 0.5113
vt 0.4744 0.5113
vt 0.4737 0.4962
vt 0.498 0.4899
vt 0.4134 0.5009
vt 0.4425 0.5004
vt 0.4433 0.481
vt 0.4433 0.481
vt 0.4425 0.5004
vt 0.4723 0.4767
vt 0.4433 0.481
vt 0.4723 0.4767
vt 0.4422 0.4636
vt 0.4422 0.4636
vt 0.4723 0.4767
vt 0.4673 0.46219999999999994
vt 0.4422 0.4636
vt 0.4673 0.46219999999999994
vt 0.4418 0.44809999999999994
vt 0.4418 0.44809999999999994
vt 0.4673 0.46219999999999994
vt 0.4709 0.4487
vt 0.4418 0.44809999999999994
vt 0.4709 0.4487
vt 0.4696 0.4348000000000001
vt 0.4696 0.4348000000000001
vt 0.4709 0.4487
vt 0.4928 0.43690000000000007
vt 0.498 0.4899
vt 0.505 0.4709
vt 0.4912 0.4759
vt 0.498 0.4899
vt 0.4912 0.4759
vt 0.4737 0.4962
vt 0.4737 0.4962
vt 0.4912 0.4759
vt 0.4723 0.4767
vt 0.4737 0.4962
vt 0.4723 0.4767
vt 0.4425 0.5004
vt 0.4425 0.5004
vt 0.4134 0.5009
vt 0.4433 0.481
vt 0.4425 0.5004
vt 0.4433 0.481
vt 0.4723 0.4767
vt 0.4723 0.4767
vt 0.4433 0.481
vt 0.4422 0.4636
vt 0.4723 0.4767
vt 0.4422 0.4636
vt 0.4673 0.46219999999999994
vt 0.4673 0.46219999999999994
vt 0.4422 0.4636
vt 0.4418 0.44809999999999994
vt 0.4673 0.46219999999999994
vt 0.4418 0.44809999999999994
vt 0.4709 0.4487
vt 0.4709 0.4487
vt 0.4418 0.44809999999999994
vt 0.4696 0.4348000000000001
vt 0.4709 0.4487
vt 0.4696 0.4348000000000001
vt 0.4928 0.43690000000000007
vt 0.505 0.4709
vt 0.498 0.4899
vt 0.4912 0.4759
vt 0.4912 0.4759
vt 0.498 0.4899
vt 0.4737 0.4962
vt 0.4912 0.4759
vt 0.4737 0.4962
vt 0.4723 0.4767
vt 0.4723 0.4767
vt 0.4737 0.4962
vt 0.4425 0.5004
vt 0.8913 0.09319999999999995
vt 0.8491 0.07779999999999998
vt 0.8492 0.09360000000000002
vt 0.4928 0.43690000000000007
vt 0.4709 0.4487
vt 0.4887 0.4457
vt 0.4928 0.43690000000000007
vt 0.4887 0.4457
vt 0.5077 0.44120000000000004
vt 0.4928 0.43690000000000007
vt 0.5077 0.44120000000000004
vt 0.4887 0.4457
vt 0.4928 0.43690000000000007
vt 0.4887 0.4457
vt 0.4709 0.4487
vt 0.2987 0.40090000000000003
vt 0.311 0.3675999999999999
vt 0.2795 0.3852
vt 0.3407 0.1755
vt 0.3428 0.1473
vt 0.2901 0.15000000000000002
vt 0.3407 0.1755
vt 0.2901 0.15000000000000002
vt 0.2878 0.17959999999999998
vt 0.2878 0.17959999999999998
vt 0.2901 0.15000000000000002
vt 0.1787 0.15039999999999998
vt 0.2878 0.17959999999999998
vt 0.1787 0.15039999999999998
vt 0.1768 0.18179999999999996
vt 0.1768 0.18179999999999996
vt 0.1787 0.15039999999999998
vt 0.0567 0.1521
vt 0.1768 0.18179999999999996
vt 0.0567 0.1521
vt 0.1787 0.15039999999999998
vt 0.1768 0.18179999999999996
vt 0.1787 0.15039999999999998
vt 0.2878 0.17959999999999998
vt 0.2878 0.17959999999999998
vt 0.1787 0.15039999999999998
vt 0.2901 0.15000000000000002
vt 0.2878 0.17959999999999998
vt 0.2901 0.15000000000000002
vt 0.3407 0.1755
vt 0.3407 0.1755
vt 0.2901 0.15000000000000002
vt 0.3428 0.1473
vt 0.339 0.20399999999999996
vt 0.3407 0.1755
vt 0.2878 0.17959999999999998
vt 0.339 0.20399999999999996
vt 0.2878 0.17959999999999998
vt 0.2856 0.20879999999999999
vt 0.2856 0.20879999999999999
vt 0.2878 0.17959999999999998
vt 0.1768 0.18179999999999996
vt 0.2856 0.20879999999999999
vt 0.1768 0.18179999999999996
vt 0.2878 0.17959999999999998
vt 0.2856 0.20879999999999999
vt 0.2878 0.17959999999999998
vt 0.339 0.20399999999999996
vt 0.339 0.20399999999999996
vt 0.2878 0.17959999999999998
vt 0.3407 0.1755
vt 0.1805 0.09260000000000002
vt 0.2918 0.09020000000000006
vt 0.1777 0.06130000000000002
vt 0.1805 0.09260000000000002
vt 0.1777 0.06130000000000002
vt 0.0553 0.06330000000000002
vt 0.0553 0.06330000000000002
vt 0.1777 0.06130000000000002
vt 0.0526 0.032200000000000006
vt 0.0553 0.06330000000000002
vt 0.0526 0.032200000000000006
vt 0.1777 0.06130000000000002
vt 0.0553 0.06330000000000002
vt 0.1777 0.06130000000000002
vt 0.1805 0.09260000000000002
vt 0.1805 0.09260000000000002
vt 0.1777 0.06130000000000002
vt 0.2918 0.09020000000000006
vt 0.1805 0.09260000000000002
vt 0.0553 0.06330000000000002
vt 0.0585 0.09399999999999997
vt 0.0553 0.06330000000000002
vt 0.1805 0.09260000000000002
vt 0.0585 0.09399999999999997
vt 0.8558 0.9265
vt 0.8564 0.9526
vt 0.8523 0.9233
vt 0.4017 0.3829
vt 0.3999 0.3852
vt 0.3935 0.37939999999999996
vt 0.8361 0.5075
vt 0.8106 0.5283
vt 0.8336 0.5272
vt 0.8361 0.5075
vt 0.8336 0.5272
vt 0.8591 0.508
vt 0.8591 0.508
vt 0.8336 0.5272
vt 0.8549 0.5239
vt 0.8591 0.508
vt 0.8549 0.5239
vt 0.8689 0.5211
vt 0.8689 0.5211
vt 0.8549 0.5239
vt 0.8567 0.5363
vt 0.8689 0.5211
vt 0.8567 0.5363
vt 0.8746 0.5278
vt 0.8746 0.5278
vt 0.8567 0.5363
vt 0.8831 0.5375
vt 0.8746 0.5278
vt 0.8831 0.5375
vt 0.8892 0.5144
vt 0.8892 0.5144
vt 0.8831 0.5375
vt 0.9017 0.5215
vt 0.8892 0.5144
vt 0.9017 0.5215
vt 0.9171 0.4998
vt 0.9171 0.4998
vt 0.9017 0.5215
vt 0.9149 0.5305
vt 0.9171 0.4998
vt 0.9149 0.5305
vt 0.9321 0.5058
vt 0.8336 0.5272
vt 0.8591 0.508
vt 0.8549 0.5239
vt 0.8336 0.5272
vt 0.8549 0.5239
vt 0.8567 0.5363
vt 0.8567 0.5363
vt 0.8549 0.5239
vt 0.8689 0.5211
vt 0.8567 0.5363
vt 0.8689 0.5211
vt 0.8746 0.5278
vt 0.8746 0.5278
vt 0.8689 0.5211
vt 0.8892 0.5144
vt 0.8746 0.5278
vt 0.8892 0.5144
vt 0.8831 0.5375
vt 0.8831 0.5375
vt 0.8892 0.5144
vt 0.9017 0.5215
vt 0.8831 0.5375
vt 0.9017 0.5215
vt 0.9149 0.5305
vt 0.9149 0.5305
vt 0.9017 0.5215
vt 0.9171 0.4998
vt 0.9149 0.5305
vt 0.9171 0.4998
vt 0.9321 0.5058
vt 0.9171 0.4998
vt 0.9104 0.4685
vt 0.9013 0.4951
vt 0.9171 0.4998
vt 0.9013 0.4951
vt 0.8892 0.5144
vt 0.8892 0.5144
vt 0.9013 0.4951
vt 0.8846 0.4917
vt 0.8892 0.5144
vt 0.8846 0.4917
vt 0.8764 0.5097
vt 0.8764 0.5097
vt 0.8846 0.4917
vt 0.8591 0.508
vt 0.8764 0.5097
vt 0.8591 0.508
vt 0.8689 0.5211
vt 0.8846 0.4917
vt 0.8883 0.4686
vt 0.9104 0.4685
vt 0.8846 0.4917
vt 0.9104 0.4685
vt 0.9013 0.4951
vt 0.9013 0.4951
vt 0.9104 0.4685
vt 0.9171 0.4998
vt 0.9013 0.4951
vt 0.9171 0.4998
vt 0.8892 0.5144
vt 0.8892 0.5144
vt 0.9171 0.4998
vt 0.9017 0.5215
vt 0.8689 0.5211
vt 0.8549 0.5239
vt 0.8591 0.508
vt 0.8689 0.5211
vt 0.8591 0.508
vt 0.8764 0.5097
vt 0.8764 0.5097
vt 0.8591 0.508
vt 0.8846 0.4917
vt 0.8764 0.5097
vt 0.8846 0.4917
vt 0.8892 0.5144
vt 0.8892 0.5144
vt 0.8846 0.4917
vt 0.9013 0.4951
vt 0.8892 0.5144
vt 0.8764 0.5097
vt 0.8689 0.5211
vt 0.8892 0.5144
vt 0.8689 0.5211
vt 0.8746 0.5278
vt 0.8689 0.5211
vt 0.8764 0.5097
vt 0.8892 0.5144
vt 0.9104 0.4685
vt 0.8846 0.4917
vt 0.9013 0.4951
vt 0.9149 0.5305
vt 0.9017 0.5215
vt 0.8831 0.5375
vt 0.9149 0.5305
vt 0.8831 0.5375
vt 0.8932 0.5499
vt 0.7059 0.38460000000000005
vt 0.713 0.3932
vt 0.7166 0.3809
vt 0.7059 0.38460000000000005
vt 0.7166 0.3809
vt 0.7099 0.372
vt 0.7166 0.3809
vt 0.713 0.3932
vt 0.7059 0.38460000000000005
vt 0.7166 0.3809
vt 0.7059 0.38460000000000005
vt 0.7099 0.372
vt 0.7549 0.5608
vt 0.7709 0.5675
vt 0.7746 0.5558
vt 0.7549 0.5608
vt 0.7746 0.5558
vt 0.76 0.5503
vt 0.7746 0.5558
vt 0.7709 0.5675
vt 0.7549 0.5608
vt 0.7746 0.5558
vt 0.7549 0.5608
vt 0.76 0.5503
vt 0.7879 0.5724
vt 0.8092 0.5752
vt 0.81 0.5608
vt 0.7879 0.5724
vt 0.81 0.5608
vt 0.7903 0.5595
vt 0.81 0.5608
vt 0.8092 0.5752
vt 0.7879 0.5724
vt 0.81 0.5608
vt 0.7879 0.5724
vt 0.7903 0.5595
vt 0.9048 0.5653
vt 0.8684 0.5641
vt 0.8932 0.5499
vt 0.8366 0.5576
vt 0.8684 0.5641
vt 0.8396 0.5732
vt 0.7643 0.5368
vt 0.7772 0.5416
vt 0.7776 0.5234
vt 0.7643 0.5368
vt 0.7776 0.5234
vt 0.7657 0.5197
vt 0.7776 0.5234
vt 0.7772 0.5416
vt 0.7643 0.5368
vt 0.7776 0.5234
vt 0.7643 0.5368
vt 0.7657 0.5197
vt 0.8106 0.5283
vt 0.8105 0.5459
vt 0.7918 0.5448
vt 0.8106 0.5283
vt 0.7918 0.5448
vt 0.792 0.5266
vt 0.8106 0.5283
vt 0.8105 0.5459
vt 0.8342 0.543
vt 0.8106 0.5283
vt 0.8342 0.543
vt 0.8336 0.5272
vt 0.8336 0.5272
vt 0.8342 0.543
vt 0.8567 0.5363
vt 0.8336 0.5272
vt 0.8567 0.5363
vt 0.8549 0.5239
vt 0.8831 0.5375
vt 0.8619 0.5489
vt 0.8567 0.5363
vt 0.8831 0.5375
vt 0.8567 0.5363
vt 0.8746 0.5278
vt 0.7344 0.41470000000000007
vt 0.7437 0.4468
vt 0.7498 0.4388000000000001
vt 0.7498 0.4388000000000001
vt 0.7437 0.4468
vt 0.7693 0.46730000000000005
vt 0.7498 0.4388000000000001
vt 0.7693 0.46730000000000005
vt 0.7522 0.4193
vt 0.7522 0.4193
vt 0.7693 0.46730000000000005
vt 0.7687 0.43999999999999995
vt 0.7522 0.4193
vt 0.7687 0.43999999999999995
vt 0.7639 0.39979999999999993
vt 0.7639 0.39979999999999993
vt 0.7687 0.43999999999999995
vt 0.7879 0.45510000000000006
vt 0.7639 0.39979999999999993
vt 0.7879 0.45510000000000006
vt 0.777 0.4234
vt 0.777 0.4234
vt 0.7879 0.45510000000000006
vt 0.7992 0.4381999999999999
vt 0.777 0.4234
vt 0.7992 0.4381999999999999
vt 0.7974 0.42110000000000003
vt 0.7974 0.42110000000000003
vt 0.7992 0.4381999999999999
vt 0.8198 0.42880000000000007
vt 0.7974 0.42110000000000003
vt 0.8198 0.42880000000000007
vt 0.8248 0.4192
vt 0.8248 0.4192
vt 0.8198 0.42880000000000007
vt 0.8448 0.4315
vt 0.8248 0.4192
vt 0.8448 0.4315
vt 0.8448 0.4212
vt 0.8448 0.4212
vt 0.8448 0.4315
vt 0.8632 0.4161
vt 0.8448 0.4212
vt 0.8632 0.4161
vt 0.8577 0.4092
vt 0.8577 0.4092
vt 0.8632 0.4161
vt 0.8836 0.39060000000000006
vt 0.7344 0.41470000000000007
vt 0.7498 0.4388000000000001
vt 0.7437 0.4468
vt 0.7693 0.46730000000000005
vt 0.7754 0.4989
vt 0.7634 0.49740000000000006
vt 0.7693 0.46730000000000005
vt 0.7634 0.49740000000000006
vt 0.7568 0.4717
vt 0.7879 0.45510000000000006
vt 0.7687 0.43999999999999995
vt 0.7693 0.46730000000000005
vt 0.8388 0.4869
vt 0.8361 0.5075
vt 0.8137 0.48219999999999996
vt 0.8388 0.4869
vt 0.8137 0.48219999999999996
vt 0.8388 0.46950000000000003
vt 0.8388 0.46950000000000003
vt 0.8137 0.48219999999999996
vt 0.8098 0.46110000000000007
vt 0.8388 0.46950000000000003
vt 0.8098 0.46110000000000007
vt 0.7992 0.4381999999999999
vt 0.7992 0.4381999999999999
vt 0.8098 0.46110000000000007
vt 0.7879 0.45510000000000006
vt 0.7992 0.4381999999999999
vt 0.7879 0.45510000000000006
vt 0.777 0.4234
vt 0.777 0.4234
vt 0.7879 0.45510000000000006
vt 0.7639 0.39979999999999993
vt 0.777 0.4234
vt 0.7639 0.39979999999999993
vt 0.7825 0.4115
vt 0.7825 0.4115
vt 0.7639 0.39979999999999993
vt 0.7693 0.3839
vt 0.7825 0.4115
vt 0.7693 0.3839
vt 0.7798 0.381
vt 0.7798 0.381
vt 0.7693 0.3839
vt 0.774 0.3659
vt 0.7798 0.381
vt 0.774 0.3659
vt 0.7906 0.36129999999999995
vt 0.7906 0.36129999999999995
vt 0.774 0.3659
vt 0.7881 0.351
vt 0.7344 0.41470000000000007
vt 0.7498 0.4388000000000001
vt 0.7522 0.4193
vt 0.7344 0.41470000000000007
vt 0.7522 0.4193
vt 0.7388 0.3992
vt 0.7388 0.3992
vt 0.7522 0.4193
vt 0.7465 0.36250000000000004
vt 0.7388 0.3992
vt 0.7465 0.36250000000000004
vt 0.7292 0.382
vt 0.7292 0.382
vt 0.7465 0.36250000000000004
vt 0.7414 0.35539999999999994
vt 0.7292 0.382
vt 0.7414 0.35539999999999994
vt 0.7355 0.34529999999999994
vt 0.7693 0.46730000000000005
vt 0.7522 0.4193
vt 0.7687 0.43999999999999995
vt 0.7465 0.36250000000000004
vt 0.7522 0.4193
vt 0.7516 0.3698
vt 0.7516 0.3698
vt 0.7522 0.4193
vt 0.7639 0.39979999999999993
vt 0.7516 0.3698
vt 0.7639 0.39979999999999993
vt 0.7693 0.3839
vt 0.7693 0.3839
vt 0.7639 0.39979999999999993
vt 0.7825 0.4115
vt 0.7693 0.3839
vt 0.7825 0.4115
vt 0.7798 0.381
vt 0.7798 0.381
vt 0.7825 0.4115
vt 0.7905 0.4002
vt 0.7798 0.381
vt 0.7905 0.4002
vt 0.7943 0.37670000000000003
vt 0.7943 0.37670000000000003
vt 0.7905 0.4002
vt 0.8002 0.3964
vt 0.7943 0.37670000000000003
vt 0.8002 0.3964
vt 0.8087 0.372
vt 0.8087 0.372
vt 0.8002 0.3964
vt 0.8137 0.39159999999999995
vt 0.8087 0.372
vt 0.8137 0.39159999999999995
vt 0.8274 0.3871
vt 0.8274 0.3871
vt 0.8137 0.39159999999999995
vt 0.8376 0.39490000000000003
vt 0.7465 0.36250000000000004
vt 0.7522 0.4193
vt 0.7388 0.3992
vt 0.7292 0.382
vt 0.7239 0.3951
vt 0.7344 0.41470000000000007
vt 0.7292 0.382
vt 0.7344 0.41470000000000007
vt 0.7388 0.3992
vt 0.7344 0.41470000000000007
vt 0.7239 0.3951
vt 0.7292 0.382
vt 0.7377 0.3295
vt 0.7445 0.3235
vt 0.7431 0.3388
vt 0.7377 0.3295
vt 0.7431 0.3388
vt 0.7355 0.34529999999999994
vt 0.7355 0.34529999999999994
vt 0.7431 0.3388
vt 0.7414 0.35539999999999994
vt 0.7355 0.34529999999999994
vt 0.7414 0.35539999999999994
vt 0.7292 0.382
vt 0.5225 0.34850000000000003
vt 0.5301 0.35030000000000006
vt 0.5256 0.34040000000000004
vt 0.5225 0.34850000000000003
vt 0.5256 0.34040000000000004
vt 0.5145 0.34709999999999996
vt 0.5225 0.34850000000000003
vt 0.5145 0.34709999999999996
vt 0.5256 0.34040000000000004
vt 0.5225 0.34850000000000003
vt 0.5256 0.34040000000000004
vt 0.5301 0.35030000000000006
vt 0.8642 0.33909999999999996
vt 0.874 0.3375
vt 0.8659 0.33430000000000004
vt 0.8547 0.3921
vt 0.8505 0.39050000000000007
vt 0.8537 0.40080000000000005
vt 0.8547 0.3921
vt 0.8537 0.40080000000000005
vt 0.8726 0.37939999999999996
vt 0.8726 0.37939999999999996
vt 0.8537 0.40080000000000005
vt 0.8794 0.385
vt 0.8726 0.37939999999999996
vt 0.8794 0.385
vt 0.8947 0.3668
vt 0.8726 0.37939999999999996
vt 0.8947 0.3668
vt 0.8843 0.36060000000000003
vt 0.8418 0.3638
vt 0.8361 0.36349999999999993
vt 0.8386 0.3761
vt 0.8418 0.3638
vt 0.8386 0.3761
vt 0.8432 0.3718
vt 0.8432 0.3718
vt 0.8386 0.3761
vt 0.8462 0.389
vt 0.8418 0.3638
vt 0.8432 0.3718
vt 0.8386 0.3761
vt 0.8386 0.3761
vt 0.8432 0.3718
vt 0.8462 0.389
vt 0.8386 0.3761
vt 0.8462 0.389
vt 0.8274 0.3871
vt 0.8274 0.3871
vt 0.8462 0.389
vt 0.8376 0.39490000000000003
vt 0.8274 0.3871
vt 0.8376 0.39490000000000003
vt 0.8137 0.39159999999999995
vt 0.8137 0.39159999999999995
vt 0.8376 0.39490000000000003
vt 0.8255 0.4001
vt 0.8065 0.3578
vt 0.8038 0.3481000000000001
vt 0.8249 0.3507
vt 0.8065 0.3578
vt 0.8249 0.3507
vt 0.8248 0.36719999999999997
vt 0.8248 0.36719999999999997
vt 0.8249 0.3507
vt 0.8361 0.36349999999999993
vt 0.8248 0.36719999999999997
vt 0.8361 0.36349999999999993
vt 0.8386 0.3761
vt 0.8386 0.3761
vt 0.8361 0.36349999999999993
vt 0.8418 0.3638
vt 0.8642 0.33909999999999996
vt 0.8525 0.3367
vt 0.8659 0.33430000000000004
vt 0.7857 0.3224
vt 0.7777 0.3277
vt 0.7864 0.3286
vt 0.7857 0.3224
vt 0.7864 0.3286
vt 0.7942 0.3165
vt 0.7942 0.3165
vt 0.7864 0.3286
vt 0.8016 0.3212999999999999
vt 0.7942 0.3165
vt 0.8016 0.3212999999999999
vt 0.813 0.3134
vt 0.813 0.3134
vt 0.8016 0.3212999999999999
vt 0.803 0.33119999999999994
vt 0.813 0.3134
vt 0.803 0.33119999999999994
vt 0.8165 0.32810000000000006
vt 0.8165 0.32810000000000006
vt 0.803 0.33119999999999994
vt 0.8038 0.3481000000000001
vt 0.8165 0.32810000000000006
vt 0.8038 0.3481000000000001
vt 0.8201 0.34240000000000004
vt 0.8201 0.34240000000000004
vt 0.8038 0.3481000000000001
vt 0.8249 0.3507
vt 0.8201 0.34240000000000004
vt 0.8249 0.3507
vt 0.8391 0.33909999999999996
vt 0.8391 0.33909999999999996
vt 0.8249 0.3507
vt 0.8439 0.3427
vt 0.8391 0.33909999999999996
vt 0.8439 0.3427
vt 0.8525 0.3367
vt 0.8525 0.3367
vt 0.8439 0.3427
vt 0.8537 0.3409
vt 0.8537 0.3409
vt 0.8465 0.34729999999999994
vt 0.8439 0.3427
vt 0.8391 0.33909999999999996
vt 0.8525 0.3367
vt 0.8504 0.33420000000000005
vt 0.8391 0.33909999999999996
vt 0.8504 0.33420000000000005
vt 0.834 0.3348
vt 0.834 0.3348
vt 0.8504 0.33420000000000005
vt 0.8452 0.33109999999999995
vt 0.834 0.3348
vt 0.8452 0.33109999999999995
vt 0.829 0.32499999999999996
vt 0.8038 0.3481000000000001
vt 0.803 0.33119999999999994
vt 0.8165 0.32810000000000006
vt 0.8038 0.3481000000000001
vt 0.8165 0.32810000000000006
vt 0.8201 0.34240000000000004
vt 0.8201 0.34240000000000004
vt 0.8165 0.32810000000000006
vt 0.834 0.3348
vt 0.8201 0.34240000000000004
vt 0.834 0.3348
vt 0.8391 0.33909999999999996
vt 0.8391 0.33909999999999996
vt 0.834 0.3348
vt 0.8504 0.33420000000000005
vt 0.829 0.32499999999999996
vt 0.813 0.3134
vt 0.8165 0.32810000000000006
vt 0.829 0.32499999999999996
vt 0.8165 0.32810000000000006
vt 0.834 0.3348
vt 0.834 0.3348
vt 0.8165 0.32810000000000006
vt 0.8201 0.34240000000000004
vt 0.834 0.3348
vt 0.8201 0.34240000000000004
vt 0.8391 0.33909999999999996
vt 0.8249 0.3507
vt 0.8038 0.3481000000000001
vt 0.8201 0.34240000000000004
vt 0.8249 0.3507
vt 0.8201 0.34240000000000004
vt 0.8391 0.33909999999999996
vt 0.7942 0.3165
vt 0.813 0.3134
vt 0.8013 0.29810000000000003
vt 0.813 0.3134
vt 0.8016 0.3212999999999999
vt 0.7942 0.3165
vt 0.813 0.3134
vt 0.7942 0.3165
vt 0.8013 0.29810000000000003
vt 0.8087 0.372
vt 0.8065 0.3578
vt 0.8248 0.36719999999999997
vt 0.8087 0.372
vt 0.8248 0.36719999999999997
vt 0.8274 0.3871
vt 0.8274 0.3871
vt 0.8248 0.36719999999999997
vt 0.8386 0.3761
vt 0.8087 0.372
vt 0.8274 0.3871
vt 0.8137 0.39159999999999995
vt 0.8366 0.4063
vt 0.8376 0.39490000000000003
vt 0.8255 0.4001
vt 0.8255 0.4001
vt 0.8376 0.39490000000000003
vt 0.8137 0.39159999999999995
vt 0.8255 0.4001
vt 0.8137 0.39159999999999995
vt 0.8147 0.40549999999999997
vt 0.8147 0.40549999999999997
vt 0.8137 0.39159999999999995
vt 0.8002 0.3964
vt 0.8147 0.40549999999999997
vt 0.8002 0.3964
vt 0.8058 0.41179999999999994
vt 0.8058 0.41179999999999994
vt 0.8002 0.3964
vt 0.7905 0.4002
vt 0.8058 0.41179999999999994
vt 0.7905 0.4002
vt 0.7974 0.42110000000000003
vt 0.7974 0.42110000000000003
vt 0.7905 0.4002
vt 0.7825 0.4115
vt 0.7974 0.42110000000000003
vt 0.7825 0.4115
vt 0.777 0.4234
vt 0.777 0.4234
vt 0.7825 0.4115
vt 0.7639 0.39979999999999993
vt 0.7881 0.351
vt 0.8038 0.3481000000000001
vt 0.803 0.33119999999999994
vt 0.7881 0.351
vt 0.803 0.33119999999999994
vt 0.7873 0.33709999999999996
vt 0.7873 0.33709999999999996
vt 0.803 0.33119999999999994
vt 0.7864 0.3286
vt 0.7873 0.33709999999999996
vt 0.7864 0.3286
vt 0.7767 0.33410000000000006
vt 0.7767 0.33410000000000006
vt 0.7864 0.3286
vt 0.7777 0.3277
vt 0.7767 0.33410000000000006
vt 0.7777 0.3277
vt 0.7648 0.32899999999999996
vt 0.7648 0.32899999999999996
vt 0.7777 0.3277
vt 0.7674 0.32319999999999993
vt 0.7648 0.32899999999999996
vt 0.7674 0.32319999999999993
vt 0.757 0.3216
vt 0.757 0.3216
vt 0.7674 0.32319999999999993
vt 0.7607 0.3166
vt 0.757 0.3216
vt 0.7607 0.3166
vt 0.751 0.3131999999999999
vt 0.751 0.3131999999999999
vt 0.7607 0.3166
vt 0.7543 0.31000000000000005
vt 0.7767 0.33410000000000006
vt 0.7873 0.33709999999999996
vt 0.7738 0.3416
vt 0.7738 0.3416
vt 0.7873 0.33709999999999996
vt 0.7881 0.351
vt 0.7738 0.3416
vt 0.7881 0.351
vt 0.7692 0.3538
vt 0.7692 0.3538
vt 0.7881 0.351
vt 0.774 0.3659
vt 0.8147 0.40549999999999997
vt 0.8301 0.4123
vt 0.8058 0.41179999999999994
vt 0.8147 0.40549999999999997
vt 0.8058 0.41179999999999994
vt 0.8002 0.3964
vt 0.8002 0.3964
vt 0.8058 0.41179999999999994
vt 0.7905 0.4002
vt 0.8002 0.3964
vt 0.7905 0.4002
vt 0.7943 0.37670000000000003
vt 0.7943 0.37670000000000003
vt 0.7905 0.4002
vt 0.7798 0.381
vt 0.7943 0.37670000000000003
vt 0.7798 0.381
vt 0.7906 0.36129999999999995
vt 0.7825 0.4115
vt 0.7798 0.381
vt 0.7905 0.4002
vt 0.7825 0.4115
vt 0.7905 0.4002
vt 0.7974 0.42110000000000003
vt 0.7974 0.42110000000000003
vt 0.7905 0.4002
vt 0.8058 0.41179999999999994
vt 0.7974 0.42110000000000003
vt 0.8058 0.41179999999999994
vt 0.8248 0.4192
vt 0.8248 0.4192
vt 0.8058 0.41179999999999994
vt 0.8301 0.4123
vt 0.8248 0.4192
vt 0.8301 0.4123
vt 0.8448 0.4212
vt 0.8448 0.4212
vt 0.8301 0.4123
vt 0.8449 0.4143
vt 0.8448 0.4212
vt 0.8449 0.4143
vt 0.8577 0.4092
vt 0.8577 0.4092
vt 0.8449 0.4143
vt 0.8537 0.40080000000000005
vt 0.7578 0.3591
vt 0.7627 0.3667
vt 0.774 0.3659
vt 0.7578 0.3591
vt 0.7627 0.3667
vt 0.7516 0.3698
vt 0.8448 0.4315
vt 0.8682 0.42300000000000004
vt 0.8632 0.4161
vt 0.8632 0.4161
vt 0.8682 0.42300000000000004
vt 0.8876 0.3961
vt 0.8632 0.4161
vt 0.8876 0.3961
vt 0.8836 0.39060000000000006
vt 0.8836 0.39060000000000006
vt 0.8876 0.3961
vt 0.9 0.3711
vt 0.9098 0.37959999999999994
vt 0.9202 0.3658
vt 0.9138 0.3581
vt 0.9138 0.3581
vt 0.9202 0.3658
vt 0.9098 0.37959999999999994
vt 0.7992 0.4381999999999999
vt 0.777 0.4234
vt 0.7974 0.42110000000000003
vt 0.7992 0.4381999999999999
vt 0.7974 0.42110000000000003
vt 0.8198 0.42880000000000007
vt 0.8198 0.42880000000000007
vt 0.7974 0.42110000000000003
vt 0.8248 0.4192
vt 0.8198 0.42880000000000007
vt 0.8248 0.4192
vt 0.8448 0.4315
vt 0.8448 0.4315
vt 0.8248 0.4192
vt 0.8448 0.4212
vt 0.8448 0.4315
vt 0.8448 0.4212
vt 0.8632 0.4161
vt 0.8632 0.4161
vt 0.8448 0.4212
vt 0.8577 0.4092
vt 0.8058 0.41179999999999994
vt 0.7974 0.42110000000000003
vt 0.8248 0.4192
vt 0.8058 0.41179999999999994
vt 0.8248 0.4192
vt 0.8301 0.4123
vt 0.8301 0.4123
vt 0.8248 0.4192
vt 0.8448 0.4212
vt 0.8301 0.4123
vt 0.8448 0.4212
vt 0.8449 0.4143
vt 0.8449 0.4143
vt 0.8448 0.4212
vt 0.8577 0.4092
vt 0.8366 0.4063
vt 0.8255 0.4001
vt 0.8376 0.39490000000000003
vt 0.8366 0.4063
vt 0.8376 0.39490000000000003
vt 0.845 0.39880000000000004
vt 0.845 0.39880000000000004
vt 0.8376 0.39490000000000003
vt 0.8462 0.389
vt 0.8452 0.4094
vt 0.8366 0.4063
vt 0.845 0.39880000000000004
vt 0.8255 0.4001
vt 0.8147 0.40549999999999997
vt 0.8301 0.4123
vt 0.8255 0.4001
vt 0.8301 0.4123
vt 0.8366 0.4063
vt 0.8366 0.4063
vt 0.8301 0.4123
vt 0.8449 0.4143
vt 0.8301 0.4123
vt 0.8147 0.40549999999999997
vt 0.8058 0.41179999999999994
vt 0.7864 0.3286
vt 0.803 0.33119999999999994
vt 0.8016 0.3212999999999999
vt 0.7355 0.34529999999999994
vt 0.7302 0.33729999999999993
vt 0.7377 0.3295
vt 0.7499 0.3325
vt 0.7579 0.34299999999999997
vt 0.7543 0.32689999999999997
vt 0.7543 0.32689999999999997
vt 0.7579 0.34299999999999997
vt 0.7629 0.3366
vt 0.7543 0.32689999999999997
vt 0.7629 0.3366
vt 0.7648 0.32899999999999996
vt 0.7648 0.32899999999999996
vt 0.7629 0.3366
vt 0.7738 0.3416
vt 0.7648 0.32899999999999996
vt 0.7738 0.3416
vt 0.7767 0.33410000000000006
vt 0.7767 0.33410000000000006
vt 0.7738 0.3416
vt 0.7873 0.33709999999999996
vt 0.7881 0.351
vt 0.7873 0.33709999999999996
vt 0.7738 0.3416
vt 0.7881 0.351
vt 0.7738 0.3416
vt 0.7692 0.3538
vt 0.7692 0.3538
vt 0.7738 0.3416
vt 0.7629 0.3366
vt 0.7692 0.3538
vt 0.7629 0.3366
vt 0.7579 0.34299999999999997
vt 0.757 0.3216
vt 0.751 0.3131999999999999
vt 0.7485 0.31810000000000005
vt 0.757 0.3216
vt 0.7485 0.31810000000000005
vt 0.7543 0.32689999999999997
vt 0.7543 0.32689999999999997
vt 0.7485 0.31810000000000005
vt 0.7499 0.3325
vt 0.7648 0.32899999999999996
vt 0.7767 0.33410000000000006
vt 0.7738 0.3416
vt 0.7648 0.32899999999999996
vt 0.7738 0.3416
vt 0.7629 0.3366
vt 0.7629 0.3366
vt 0.7738 0.3416
vt 0.7692 0.3538
vt 0.7648 0.32899999999999996
vt 0.757 0.3216
vt 0.7543 0.32689999999999997
vt 0.8883 0.4686
vt 0.8764 0.44510000000000005
vt 0.8652 0.4686
vt 0.8652 0.4686
vt 0.8764 0.44510000000000005
vt 0.8444 0.45130000000000003
vt 0.8652 0.4686
vt 0.8444 0.45130000000000003
vt 0.8388 0.46950000000000003
vt 0.8388 0.46950000000000003
vt 0.8444 0.45130000000000003
vt 0.8134 0.44189999999999996
vt 0.8388 0.46950000000000003
vt 0.7992 0.4381999999999999
vt 0.8134 0.44189999999999996
vt 0.8388 0.46950000000000003
vt 0.8134 0.44189999999999996
vt 0.8444 0.45130000000000003
vt 0.8444 0.45130000000000003
vt 0.8134 0.44189999999999996
vt 0.8198 0.42880000000000007
vt 0.8444 0.45130000000000003
vt 0.8198 0.42880000000000007
vt 0.8448 0.4315
vt 0.777 0.4234
vt 0.7825 0.4115
vt 0.7974 0.42110000000000003
vt 0.7992 0.4381999999999999
vt 0.8198 0.42880000000000007
vt 0.8134 0.44189999999999996
vt 0.7992 0.4381999999999999
vt 0.7879 0.45510000000000006
vt 0.8098 0.46110000000000007
vt 0.7879 0.45510000000000006
vt 0.8098 0.46110000000000007
vt 0.8137 0.48219999999999996
vt 0.7879 0.45510000000000006
vt 0.8137 0.48219999999999996
vt 0.7914 0.47740000000000005
vt 0.8388 0.4869
vt 0.8361 0.5075
vt 0.8591 0.508
vt 0.8388 0.4869
vt 0.8591 0.508
vt 0.8659 0.48960000000000004
vt 0.8659 0.48960000000000004
vt 0.8591 0.508
vt 0.8846 0.4917
vt 0.8137 0.48219999999999996
vt 0.7914 0.47740000000000005
vt 0.7916 0.5027
vt 0.8137 0.48219999999999996
vt 0.7916 0.5027
vt 0.8117 0.5057
vn 0.13991502595716393 0.8959846745024562 -0.4214679686146196
vn -0.13991502595716407 0.8959846745024561 -0.4214679686146195
vn -0.3204514542771211 0.0064075080153904364 0.947243268275215
vn 0.3204514542771216 0.0064075080153904425 0.947243268275215
vn 0.31960034318574304 -0.006409452711331498 -0.9475307591585069
vn -0.31960034318574354 -0.0064094527113315045 -0.9475307591585069
vn -0.2988462231237571 -0.3338125105973741 0.8940135025229451
vn 0.29884622312375764 -0.3338125105973741 0.8940135025229449
vn 0.31263073233755767 -0.2206959046707956 -0.9238805890696166
vn -0.3126307323375581 -0.2206959046707956 -0.9238805890696163
vn 0.8960398732360653 -0.0030031348107422843 -0.44396342952140183
vn 0.8960398732360653 -0.0030031348107422916 -0.4439634295214019
vn -0.8960398732360654 -0.0030031348107422877 -0.44396342952140144
vn -0.8960398732360655 -0.0030031348107422847 -0.4439634295214015
vn -0.8712144191642219 -0.23765370047261924 -0.4295417959780147
vn -0.8711082068524326 -0.23749893619041262 -0.429842700604258
vn 0.8712144191642217 -0.23765370047261924 -0.4295417959780149
vn 0.8711082068524326 -0.23749893619041268 -0.42984270060425844
vn -0.8563503082665455 -0.2914507817960295 0.4262869823514154
vn -0.8567026546576036 -0.2911603112604599 0.42577721245896516
vn 0.8563503082665456 -0.2914507817960295 0.42628698235141504
vn 0.8567026546576039 -0.2911603112604599 0.4257772124589648
vn 0.8563013594835662 -0.291628266315573 0.4262639276696653
vn 0.8561888719344225 -0.29150935607070644 0.42657110884224586
vn -0.856301359483566 -0.29162826631557304 0.42626392766966564
vn -0.8561888719344224 -0.2915093560707064 0.42657110884224614
vn 0.8712526354829407 -0.23747642110202974 -0.4295623291032415
vn 0.8705870417992527 -0.23795393793165592 -0.43064617271496114
vn -0.8712526354829411 -0.2374764211020297 -0.4295623291032412
vn -0.8705870417992527 -0.23795393793165592 -0.4306461727149608
vn 0.6688483976282967 -0.6923993975447866 -0.2706009890404628
vn -0.6688483976282968 -0.6923993975447865 -0.27060098904046237
vn -0.7199881974832076 -0.6065426826851638 -0.33722836411839135
vn 0.7199881974832075 -0.6065426826851638 -0.3372283641183918
vn -0.15088269990013223 0.9442934665283981 -0.2924795034572989
vn 0.15088269990013212 0.9442934665283979 -0.292479503457299
vn -0.162123059206039 0.9834777681675995 -0.08054559698551456
vn 0.16212305920603895 0.9834777681675995 -0.08054559698551468
vn -0.021593236261162958 0 -0.9997668388918338
vn 0.021593236261162514 0 -0.9997668388918338
vn -0.30048904803194604 -0.047359686918077924 -0.9526087297877743
vn 0.30048904803194565 -0.04735968691807793 -0.9526087297877743
vn 0.8389425341144092 -0.4783765082325988 -0.2594828333914983
vn -0.8389425341144092 -0.47837650823259875 -0.259482833391498
vn -0.1448179243477115 -0.44249921328466313 0.884998426569265
vn 0.14481792434771187 -0.44249921328466324 0.8849984265692648
vn 0.012254541806275165 0.23385750613614323 -0.9721936499632684
vn -0.01225454180627546 0.23385750613614312 -0.9721936499632684
vn -0.806654928578404 0.5525586260762567 0.20973028143043504
vn -0.989724776305652 0.09356641792804565 0.10812119405020156
vn 0.8066549285784039 0.5525586260762569 0.20973028143043473
vn 0.9897247763056523 0.09356641792804564 0.10812119405020114
vn -0.6076513039732299 -0.71301085672331 0.349821970399695
vn 0.5623062961648853 0.4168035066025976 0.7142033787214302
vn 0.6076513039732296 -0.7130108567233095 0.349821970399696
vn -0.5623062961648861 0.41680350660259846 0.7142033787214291
vn -0.021014728381835764 0.22992293623428223 -0.9729819240789852
vn 0.017198873448421637 -0.24150404516111562 0.9702473885164149
vn 0.02101472838183535 0.22992293623428223 -0.9729819240789852
vn -0.017198873448421217 -0.24150404516111562 0.9702473885164149
vn -0.9205923809988052 0.37731521316746125 0.10071195539430262
vn -0.3605524478666335 0.1966352649858366 0.9117765652292936
vn 0.9205923809988052 0.37731521316746125 0.10071195539430203
vn 0.36055244786663393 0.19663526498583664 0.9117765652292936
vn 0.4083197721138577 -0.3138738932102232 -0.8571803444211405
vn -0.40831977211385817 -0.31387389321022274 -0.8571803444211403
vn -0.01930205300707718 0.45671958137562996 -0.8894012900472887
vn 0.01930205300707678 0.45671958137562996 -0.8894012900472887
vn -0.8954106440114958 0.19287732845326006 -0.4012955454022028
vn 0.8954106440114958 0.19287732845326006 -0.4012955454022033
vn 0.16373830724108882 -0.9700790039957695 -0.1792665410733377
vn -0.16373830724108887 -0.9700790039957695 -0.17926654107333767
vn -0.2597172082222484 0.1978769454984643 -0.9451939939469777
vn 0.25971720822224786 0.19787694549846424 -0.9451939939469779
vn 0.17551843330305059 -0.037219732358125875 0.9837723166942808
vn -0.1755184333030501 -0.03721973235812568 0.9837723166942808
vn 0.15198741897387083 -0.9030972475141366 0.4016406179733962
vn 0.007558953514161078 -0.6147948858183737 0.7886508166440604
vn -0.15198741897387066 -0.9030972475141366 0.4016406179733964
vn -0.007558953514160704 -0.6147948858183739 0.7886508166440606
vn 0.16741682583745335 -0.26995049318986963 0.9482079611841793
vn -0.16741682583745293 -0.26995049318986974 0.9482079611841795
vn 0.03589461436044997 -0.11704765552320741 0.9924774168697418
vn -0.03589461436044952 -0.11704765552320738 0.9924774168697418
vn 0.08889628134699075 -0.29093328440832494 0.952604469434225
vn 0.08897379129942401 -0.2901319281502992 0.9528416073669307
vn -0.08889628134699033 -0.29093328440832494 0.952604469434225
vn -0.0889737912994236 -0.29013192815029926 0.9528416073669309
vn 0.9784106260233523 -0.1490353967849651 0.14318204283268296
vn -0.978410626023352 -0.14903539678496508 0.14318204283268335
vn -2.220446049250313e-16 0 -1
vn -2.220446049250313e-16 0 -1
vn -0.8296971018759307 -0.31788202626715173 -0.4588613478110478
vn 0.8296971018759305 -0.3178820262671518 -0.4588613478110481
vn -0.7739200910370426 0.08476399141932653 -0.6275848615509141
vn -0.7658654035514149 0.08004057339804635 -0.6379997572516313
vn 0.7739200910370423 0.08476399141932651 -0.6275848615509143
vn 0.7658654035514145 0.08004057339804635 -0.6379997572516317
vn -0.06790733564718869 -0.9966050302425392 -0.046551127382348276
vn -0.14826346702726065 -0.9850476141148723 -0.08774475637697239
vn -2.2746658053823836e-17 -0.9947389955494856 -0.10244184073512512
vn 0 -1 0
vn 0 -1 0
vn 0 -1 0
vn 0 -1 0
vn 3.6023682535674756e-17 -0.9867519452111639 0.16223624324417787
vn -0.005988679875671755 -0.9870924086894048 0.16003972138533643
vn 0.005988679875671826 -0.9870924086894048 0.16003972138533643
vn 3.6023682535674756e-17 -0.9867519452111639 0.16223624324417787
vn 0 -1 0
vn 0 -1 0
vn 0 -1 0
vn 0 -1 0
vn -2.2746658053823836e-17 -0.9947389955494856 -0.10244184073512512
vn 0.1482634670272606 -0.9850476141148723 -0.08774475637697245
vn 0.06790733564718866 -0.9966050302425392 -0.046551127382348303
vn 0.151147294564552 0.42828219636313547 0.8909146174713856
vn -0.058436660327031875 0.4631139148429058 0.8843702045007517
vn -0.143926281478508 0.5224531312463632 0.8404331925564577
vn -0.19571974478755444 0.521645776813231 0.8304092154072084
vn -0.5896102407469407 0.8057302833292105 0.056200307228387286
vn -0.8982633131883714 0.4310361522191128 0.08562041614002865
vn -0.9022459059386274 0.4310826297820221 -0.010958627523624745
vn -0.9993797695321639 -0.0336583784397855 -0.010353251211257328
vn -0.9993409986678169 -0.032765278644846935 -0.015620656098124158
vn 0.9993409986678169 -0.032765278644846935 -0.015620656098124602
vn 0.9993797695321639 -0.03365837843978551 -0.010353251211257774
vn 0.9022459059386274 0.4310826297820221 -0.010958627523625144
vn 0.8982633131883716 0.4310361522191129 0.08562041614002827
vn 0.5896102407469407 0.8057302833292105 0.05620030722838702
vn 0.19571974478755483 0.521645776813231 0.8304092154072084
vn 0.14392628147850844 0.5224531312463632 0.8404331925564577
vn 0.05843666032703225 0.4631139148429057 0.8843702045007514
vn -0.15114729456455162 0.42828219636313547 0.8909146174713856
vn 0.05350113145102434 0.6877370113395983 -0.7239857955561956
vn -0.24652759012094422 0.629962522547847 -0.7364586665212877
vn -0.014895393268138138 0.8605792302437575 -0.5090987288654819
vn 0.014895393268137913 0.8605792302437575 -0.5090987288654819
vn 0.24652759012094394 0.629962522547847 -0.7364586665212877
vn -0.05350113145102466 0.6877370113395983 -0.7239857955561956
vn -0.32043440062124023 0.0064039373170857285 0.9472490614855976
vn -0.8960398732399097 0.0030014429811014392 0.4439634409545882
vn 0.8960398732399097 0.0030014429811014384 0.4439634409545876
vn 0.3204344006212407 0.0064039373170857285 0.9472490614855974
vn 0.8960398732360655 0.0030031348107422916 0.44396342952140144
vn 0.8960425623818099 0.0030014062900470206 0.44395801373612165
vn 0.3196003409885062 0.006405841922146344 0.9475307843174803
vn 0.31958331710450943 0.006409491555291324 0.947536501590562
vn -0.8960398732360653 0.0030031348107422916 0.4439634295214019
vn -0.8960425623818097 0.003001406290047018 0.4439580137361221
vn -0.31960034098850565 0.0064058419221463435 0.9475307843174804
vn -0.319583317104509 0.006409491555291325 0.9475365015905622
vn -0.8960425638937318 0.0030030980783129916 0.44395799924393703
vn -0.8960398732360655 -0.0030031348107422916 -0.44396342952140144
vn -0.8960398732360655 -0.003003134810742287 -0.4439634295214014
vn -0.3204514542771216 -0.006407508015390406 -0.947243268275215
vn -0.3204514542771216 -0.006407508015390406 -0.947243268275215
vn 0.31960034318574304 -0.006409452711331498 -0.9475307591585069
vn 0.896042563893732 0.0030030980783129968 0.4439579992439366
vn 0.8960398732360653 -0.003003134810742291 -0.4439634295214018
vn 0.8960398732360653 -0.003003134810742297 -0.4439634295214018
vn 0.3204514542771211 -0.006407508015390404 -0.947243268275215
vn 0.3204514542771211 -0.006407508015390402 -0.947243268275215
vn -0.31960034318574354 -0.0064094527113315 -0.9475307591585069
vn -0.3004291354700544 -0.3333115503386258 0.8936698187650612
vn 0.2993219883775647 -0.33343316869566 0.8939959000394088
vn 0.30115195931937416 -0.33397928481351624 0.8931771015389695
vn -0.30115195931937366 -0.3339792848135162 0.8931771015389695
vn -0.29932198837756424 -0.33343316869566003 0.893995900039409
vn 0.3004291354700549 -0.33331155033862586 0.8936698187650612
vn 0.31253770578763584 -0.22072411769535663 -0.923905323249416
vn -0.31217638464399133 -0.22075172389612574 -0.9240208770734002
vn -0.31171765037985205 -0.22058521028904277 -0.9242154897227179
vn 0.3117176503798516 -0.22058521028904277 -0.9242154897227182
vn 0.31217638464399083 -0.22075172389612568 -0.9240208770734002
vn -0.3125377057876363 -0.22072411769535663 -0.9239053232494158
vn 0.08164544413408668 -0.9922619388668665 -0.09354285717421097
vn 0.1548825320084777 -0.9866221593787526 -0.05087352849420005
vn 0.1632955362400293 -0.9865771981168435 -3.6258892830438437e-17
vn 0.1530516594464251 -0.9881996401055347 -0.006054819236548992
vn 0.15280600138435305 -0.9882562046053266 -3.392974820756246e-17
vn 0.1638873491424578 -0.9864495575794741 0.007629360544526818
vn 0.1394076852940689 -0.9803380280364865 0.1396525977792135
vn 0.023757548574120293 -0.9973236992964977 0.06914490369721722
vn -0.08164544413408671 -0.9922619388668665 -0.09354285717421094
vn -0.15488253200847768 -0.9866221593787526 -0.0508735284942
vn -0.1632955362400293 -0.9865771981168435 3.6258892830438437e-17
vn -0.15305165944642513 -0.9881996401055347 -0.006054819236548912
vn -0.15280600138435305 -0.9882562046053266 3.392974820756246e-17
vn -0.1638873491424578 -0.986449557579474 0.007629360544526893
vn -0.13940768529406886 -0.9803380280364865 0.13965259777921352
vn -0.02375754857412026 -0.9973236992964977 0.06914490369721722
vn 0.5980465919795103 0.8014137363151468 0.0087348192362445
vn 0.8933813305461225 0.07398258080830851 -0.4431663073481355
vn 0.9939805557139779 0.002660242359013936 0.10952432594233598
vn 0.5695487472619212 0.7738839469100786 0.27697989314615423
vn 0.04734283199358018 0.7788595824169651 0.6254089918893863
vn 0.24741057185130638 0.6419313202857214 0.7257493981895129
vn -0.0986059784213486 0.6552377884114969 0.7489594793159233
vn -0.19910986599973748 0.7873735518365975 0.5834365013690758
vn -0.7258426813724783 0.6416105508029665 0.2479683507956709
vn -0.8222427241608402 0.4001545038721261 0.40471381937785744
vn -0.8205030424285192 0.4913160314133897 -0.29220423446921645
vn -0.547293671581357 0.7899410648810911 -0.2765189886093286
vn -0.5980465919795102 0.8014137363151469 0.008734819236244779
vn -0.8933813305461227 0.07398258080830852 -0.4431663073481351
vn -0.9939805557139779 0.002660242359013936 0.10952432594233642
vn -0.569548747261921 0.7738839469100788 0.27697989314615445
vn -0.04734283199357988 0.7788595824169651 0.6254089918893863
vn -0.24741057185130605 0.6419313202857215 0.7257493981895129
vn 0.09860597842134895 0.6552377884114968 0.7489594793159234
vn 0.19910986599973776 0.7873735518365975 0.5834365013690758
vn 0.7258426813724784 0.6416105508029666 0.24796835079567062
vn 0.8222427241608404 0.400154503872126 0.4047138193778571
vn 0.8205030424285192 0.49131603141338975 -0.29220423446921684
vn 0.5472936715813567 0.789941064881091 -0.2765189886093288
vn -0.6081884357583247 0.02120828644503634 0.7935093163888547
vn -0.601025509375137 0.08894347708175482 0.7942653177402151
vn -0.7149615275501537 0.06526107832998394 0.6961113458193011
vn -0.7129860738090438 0.0704832573393518 0.6976266687772189
vn -0.6057481019659301 0.0837002363115317 0.7912417502925809
vn -0.1775386842218729 0.4626007969161416 0.8686083802826894
vn 0.17318730893268733 -0.45126270637389637 0.8754245403578544
vn 0.5425020483680681 -0.10471889405496221 0.8335019380567485
vn 0.14818900008493432 -0.25041899555151 0.9567289830044872
vn -0.14818900008493388 -0.25041899555151 0.9567289830044872
vn -0.5425020483680678 -0.10471889405496224 0.833501938056749
vn -0.17318730893268694 -0.45126270637389637 0.8754245403578544
vn 0.17753868422187336 0.4626007969161415 0.8686083802826894
vn 0.6057481019659305 0.0837002363115317 0.7912417502925807
vn 0.712986073809044 0.07048325733935182 0.6976266687772187
vn 0.714961527550154 0.06526107832998394 0.6961113458193009
vn 0.6010255093751373 0.0889434770817548 0.7942653177402147
vn 0.6081884357583252 0.02120828644503634 0.7935093163888545
vn -0.6529754609439049 0.12604352061115595 0.7468172991549138
vn -0.24978123401219862 0.3522555864274585 0.9019563941599342
vn -0.2622129793600366 0.33976893100173833 0.9032172645499361
vn -0.566075978741008 0.7335069020306024 0.37619889814548685
vn -0.9639953800673108 0.15770961031072186 0.21410414761167318
vn -0.9395206735506197 0.1725108725794701 0.295873119449638
vn -0.9516042059162658 0.10929633125402637 0.2872346553897766
vn -0.9622164277633853 0.09487701804873024 0.25522127181810506
vn -0.9667209665350001 0.02571406616175424 0.2545375407735852
vn -0.9633387918717322 0.04451402327667278 0.2645692230907354
vn -0.9586158840640597 0.10898892302805323 0.26301521149406215
vn -0.9650751317630352 0.07687179449815994 0.25044104548414814
vn -0.9329448381494684 0.2671588074100178 0.24132985847905203
vn -0.9477160397522388 0.2411046768980992 0.2090522489096827
vn -0.9582182277646206 0.09916293065755458 0.26829934991168913
vn -0.8862302822598511 0.1480198686280065 0.43896014089775
vn 0.6529754609439051 0.12604352061115598 0.7468172991549136
vn 0.24978123401219895 0.35225558642745847 0.9019563941599342
vn 0.26221297936003707 0.3397689310017381 0.9032172645499359
vn 0.5660759787410081 0.7335069020306023 0.37619889814548646
vn 0.963995380067311 0.1577096103107219 0.2141041476116728
vn 0.9395206735506199 0.17251087257947012 0.2958731194496376
vn 0.9516042059162658 0.10929633125402632 0.2872346553897761
vn 0.9622164277633853 0.09487701804873021 0.25522127181810456
vn 0.9667209665350001 0.025714066161754194 0.25453754077358465
vn 0.9633387918717322 0.04451402327667283 0.26456922309073494
vn 0.95861588406406 0.10898892302805324 0.2630152114940617
vn 0.9650751317630352 0.07687179449815991 0.2504410454841477
vn 0.9329448381494686 0.2671588074100179 0.24132985847905172
vn 0.9477160397522391 0.24110467689809925 0.20905224890968233
vn 0.9582182277646206 0.09916293065755455 0.26829934991168863
vn 0.8862302822598513 0.1480198686280065 0.43896014089774954
vn 0.2750976261966969 -0.8640390231248377 -0.4216134041730872
vn 0.952905000501507 -0.02861393326025936 -0.3019160526414594
vn 0.8900414820178123 0.07988636718942976 -0.4488254990804465
vn 0.8434792069511747 -0.16215434444784874 -0.5121023296351092
vn 0.8938358066441207 -0.21969100056367072 -0.3908879827165162
vn 0.9021344764113438 -0.1788551843436401 -0.3926375039440744
vn 0.9014980609654186 -0.16682477957573474 -0.3993378757331918
vn 0.880707158106256 -0.26960807135892967 -0.389443692359397
vn 0.8802304825629086 -0.26409406870891683 -0.39426973056505266
vn 0.9010291477126166 -0.1569353990724009 -0.4043732873104528
vn 0.9261551311189933 -0.17113812239095774 -0.3360779911961779
vn 0.9184338630635439 -0.11414208824502718 -0.37874902358849716
vn 0.8919396261939321 -0.1027886657453753 -0.4403160154017956
vn -0.8919396261939323 -0.1027886657453753 -0.44031601540179516
vn -0.9184338630635441 -0.11414208824502717 -0.3787490235884967
vn -0.9261551311189935 -0.17113812239095774 -0.3360779911961775
vn -0.9010291477126169 -0.15693539907240087 -0.40437328731045236
vn -0.8802304825629088 -0.26409406870891683 -0.3942697305650522
vn -0.8807071581062562 -0.2696080713589296 -0.3894436923593965
vn -0.9014980609654188 -0.16682477957573474 -0.39933787573319135
vn -0.902134476411344 -0.1788551843436401 -0.392637503944074
vn -0.8938358066441209 -0.21969100056367072 -0.39088798271651576
vn -0.843479206951175 -0.16215434444784874 -0.5121023296351087
vn -0.8900414820178125 0.07988636718942976 -0.44882549908044606
vn -0.9529050005015072 -0.028613933260259346 -0.3019160526414589
vn -0.27509762619669714 -0.8640390231248377 -0.42161340417308707
vn 0.10492658994041529 -0.32955816277060107 -0.9382866449410553
vn 0.09086668092141026 -0.32891178868735926 -0.9399788729332211
vn 0.5316667838597694 0.045483057868404494 -0.8457314717965442
vn -0.1764318886299971 0.1594341518362141 -0.9713148510666968
vn -0.2772498719384537 0.011543913655010648 -0.9607284978429843
vn -0.9149536778209044 0.08715966649264972 -0.394034211685852
vn -0.9141588038490108 0.09477783154264724 -0.39412034201931184
vn 0.9141588038490108 0.09477783154264727 -0.3941203420193124
vn 0.9149536778209042 0.08715966649264972 -0.39403421168585245
vn 0.2772498719384532 0.011543913655010646 -0.9607284978429843
vn 0.1764318886299967 0.15943415183621412 -0.971314851066697
vn -0.5316667838597698 0.045483057868404494 -0.845731471796544
vn -0.09086668092141068 -0.32891178868735926 -0.939978872933221
vn -0.1049265899404157 -0.32955816277060107 -0.9382866449410553
vn 0.29005879378721694 -0.8885603894185874 0.35542415576743397
vn 0.6234345336438311 -0.6453864538425578 0.44136799550582156
vn 0.934018566691487 -0.13776225064203967 0.3295919892437014
vn -0.934018566691487 -0.1377622506420397 0.3295919892437019
vn -0.623434533643831 -0.6453864538425579 0.4413679955058219
vn -0.29005879378721683 -0.8885603894185874 0.3554241557674341
vn -0.26875942750478815 0.19520768222192636 -0.9432191319777404
vn -0.09005715142957471 0.32829344563688845 -0.9402728981674682
vn -0.20939847886187116 0.7633391357092317 -0.6111183526494831
vn -0.8571068321514416 0 -0.5151386980991824
vn -0.8571068321514417 0 -0.5151386980991826
vn 0.020937817379538048 0 -0.9997807798729585
vn 0.48878125180280285 0 -0.8724063777197443
vn 0.4887812518028029 0 -0.8724063777197443
vn 0.8571068321514413 0 -0.5151386980991829
vn 0.8571068321514415 0 -0.515138698099183
vn -0.48878125180280324 0 -0.872406377719744
vn -0.48878125180280313 0 -0.8724063777197442
vn -0.020937817379538492 0 -0.9997807798729585
vn 0.7601708758422923 -0.24413294621402268 0.6021124015447809
vn 0.8317514497421543 -0.4135533433949207 0.3703554482098347
vn 0.194411871726529 -0.2683224943319339 0.9435078500824872
vn 0.26128289153900913 -0.32598273716095577 0.9085518728515536
vn -0.42797584542044953 -0.23642900662259264 0.8723176030346433
vn 0.018323385713167974 -0.5807668260568087 0.8138637154265493
vn -0.7601708758422921 -0.24413294621402268 0.6021124015447811
vn -0.8317514497421541 -0.4135533433949206 0.3703554482098352
vn -0.19441187172652866 -0.26832249433193395 0.9435078500824873
vn -0.26128289153900874 -0.32598273716095577 0.9085518728515539
vn 0.4279758454204499 -0.23642900662259264 0.8723176030346431
vn -0.018323385713167585 -0.5807668260568087 0.8138637154265493
vn 0.8746413745863002 -0.27340274742166715 -0.40031662913757615
vn 0.6731568059726061 -0.3794104120224524 -0.6347500719351769
vn 0.4271408450965491 -0.3116865168362124 -0.8487651110128852
vn 0.6289224067980429 -0.23352547039458404 -0.7415675700193107
vn -0.12592038962549262 -0.22054477598149125 -0.9672145869784213
vn -0.14916288917868484 -0.2243870793662114 -0.9630165476799292
vn -0.8746413745863004 -0.2734027474216671 -0.4003166291375758
vn -0.6731568059726062 -0.3794104120224524 -0.6347500719351766
vn -0.42714084509654954 -0.31168651683621246 -0.8487651110128851
vn -0.6289224067980431 -0.23352547039458407 -0.7415675700193105
vn 0.12592038962549218 -0.22054477598149125 -0.9672145869784213
vn 0.14916288917868437 -0.2243870793662114 -0.9630165476799292
vn 0.9540624209785097 -0.05370797053201923 0.29475472986528406
vn 0.9423563903009229 -0.06362145428906407 0.3285068404358716
vn 0.2613796446462637 -0.02503452362174743 0.9649113710551998
vn 0.2603270839392209 -0.025333991331749094 0.9651880636699279
vn -0.26897504394095273 0.007694953218220762 0.9631164069996587
vn -0.2606243494918755 0.009885123092339188 0.9653896792453223
vn -0.9359584857532781 0.057027995379560804 0.3474615384318381
vn -0.9346588249326455 0.09400109895112277 0.3428945528460724
vn -0.9345665004798589 0.09402952823908486 0.34313831613500284
vn -0.9322732687116471 -0.048337333603194595 0.3585108849474931
vn -0.930627668585415 -0.047225468549652136 0.36290756065910335
vn -0.9304011146506501 0.11619209480871154 0.34763941514274727
vn -0.9634284439260223 0.07752911297687959 0.2565051073084154
vn 0.9634284439260223 0.07752911297687957 0.2565051073084149
vn 0.9304011146506503 0.11619209480871151 0.3476394151427467
vn 0.9306276685854152 -0.047225468549652136 0.3629075606591029
vn 0.9322732687116472 -0.04833733360319459 0.35851088494749267
vn 0.9345665004798591 0.09402952823908486 0.3431383161350024
vn 0.9346588249326455 0.09400109895112276 0.34289455284607195
vn 0.9359584857532783 0.057027995379560804 0.34746153843183764
vn 0.26062434949187596 0.009885123092339182 0.965389679245322
vn 0.2689750439409532 0.007694953218220762 0.9631164069996585
vn -0.2603270839392203 -0.025333991331749097 0.9651880636699279
vn -0.2613796446462632 -0.025034523621747424 0.9649113710551998
vn -0.9423563903009229 -0.06362145428906409 0.3285068404358721
vn -0.9540624209785097 -0.05370797053201924 0.29475472986528456
vn -0.9262206863428015 0.08005646676331414 -0.3683832275227041
vn -0.9278470944558127 0.08107482027863211 -0.36404208936151017
vn -0.262423060482205 0.012212659153554848 -0.9648756335837031
vn -0.268803428520218 -0.008175251450711067 -0.9631603615595348
vn 0.25169054360539594 -0.033216600464190664 -0.9672375756313558
vn 0.25397357062732806 -0.025140322177744926 -0.966884372416684
vn 0.9424613782661525 -0.06320286997199416 -0.3282863806251603
vn 0.9422377933223691 -0.06496851963863066 -0.328583371902714
vn 0.9421133746788354 -0.06490408972248081 -0.3289526537186664
vn 0.9453764337761044 -0.03569815263535471 -0.3240201233861843
vn 0.9450362421564025 -0.035451960861571145 -0.3250379354505799
vn 0.9344824074368656 -0.11276630021299419 -0.33767794083604735
vn 0.9296871971418369 -0.10050672401533306 -0.3543728458816521
vn -0.9296871971418371 -0.10050672401533306 -0.35437284588165163
vn -0.9344824074368656 -0.11276630021299416 -0.33767794083604685
vn -0.9450362421564025 -0.03545196086157114 -0.3250379354505794
vn -0.9453764337761044 -0.03569815263535471 -0.32402012338618386
vn -0.9421133746788354 -0.0649040897224808 -0.3289526537186659
vn -0.9422377933223693 -0.06496851963863065 -0.32858337190271353
vn -0.9424613782661525 -0.06320286997199415 -0.3282863806251598
vn -0.25397357062732856 -0.02514032217774494 -0.966884372416684
vn -0.2516905436053964 -0.033216600464190664 -0.9672375756313556
vn 0.2688034285202175 -0.008175251450711065 -0.963160361559535
vn 0.2624230604822045 0.012212659153554845 -0.9648756335837031
vn 0.9278470944558125 0.08107482027863214 -0.36404208936151067
vn 0.9262206863428013 0.08005646676331414 -0.3683832275227045
vn -0.41096032714761455 -0.8454483668374907 -0.3410698880325636
vn -0.5453677763267132 0.03722639501819801 -0.8373698012577271
vn -0.2847056567837493 -0.35099695117948854 -0.8920447462196264
vn -0.30315049589898707 0.14789799418378557 -0.9413957510806024
vn -0.3390055786200302 0.21582628074134044 -0.9156933079398685
vn -0.29158860241503864 0.8616033828334834 -0.4154704533797108
vn -0.3789717151740517 0.8492905387402053 -0.36754050103955793
vn 0.37961334529546703 0.8491656983331465 -0.36716661728425765
vn 0.2915886024150385 0.8616033828334833 -0.41547045337971106
vn 0.3390055786200298 0.21582628074134044 -0.9156933079398687
vn 0.30315049589898657 0.14789799418378557 -0.9413957510806025
vn 0.2847056567837489 -0.35099695117948854 -0.8920447462196266
vn 0.5453677763267126 0.03722639501819801 -0.8373698012577274
vn 0.41096032714761443 -0.8454483668374907 -0.34106988803256383
vn -0.3219999301734099 0.01711078756763295 -0.9465850547716959
vn -0.3216288390783998 -0.006480097496542649 -0.9468436503507409
vn -0.023087455541088594 -0.00046516028625429853 -0.9997333409577508
vn -0.023086516663903756 -0.0008692144062300824 -0.9997330929876452
vn -0.02624394093823439 0 -0.9996555684654743
vn -0.026067012974519275 0.0004121266873441742 -0.9996601127314123
vn -0.02527927519231584 0 -0.9996804280597632
vn 0.0513268670274457 0.09240434163498444 -0.994397802877778
vn 0.01671530306005048 0.10113900627165863 -0.9947318734483139
vn 0.009573980918419512 0.0863603245613788 -0.9962179647200844
vn -0.022404427451072358 0.09599141987777111 -0.9951299859518049
vn 0.022404427451071914 0.09599141987777111 -0.9951299859518049
vn -0.00957398091841997 0.08636032456137882 -0.9962179647200844
vn -0.01671530306005092 0.1011390062716586 -0.9947318734483137
vn -0.05132686702744614 0.09240434163498444 -0.994397802877778
vn 0.025279275192315397 0 -0.9996804280597632
vn 0.02606701297451883 0.0004121266873441742 -0.9996601127314123
vn 0.026243940938233946 0 -0.9996555684654743
vn 0.023139963422586833 -0.0008545015732632126 -0.9997318700130864
vn 0.023140831512276153 -0.0004817768817196548 -0.9997320990185105
vn 0.321624615415145 -0.006696012812538268 -0.9468435827376528
vn 0.32199993017340944 0.01711078756763295 -0.9465850547716961
vn 0.05126836108201907 0.7009156014419536 0.7113992372832769
vn -0.4863371661929274 0.22542228364370126 0.8441924868276737
vn -0.4396916049891259 0.45296706464006703 0.7755592374883093
vn 0.04106034719509536 0.7088591116760019 0.704153965892494
vn -0.40568359138587573 -0.14209753717446116 0.9029003896384201
vn -0.21981125210330338 0.0377391226173214 0.9748121727147507
vn -0.22000574986523064 0.005734031889491595 0.9754817224861406
vn -0.21837942698892168 0.0074119068876898645 0.9758357902353647
vn -0.21794392069770924 -0.016595805822171083 0.9758201815191277
vn -0.7413713063992432 -0.038563882596090164 0.6699861289661113
vn -0.7408459801387853 -0.052532090457905016 0.6696175126027732
vn -0.7833012972004698 -0.13288147006079382 0.6072739025501949
vn -0.7824752659806082 -0.011166471504120373 0.6225815352568081
vn -0.8019693348577783 -0.05672737320075846 0.5946656128258255
vn -0.775205167524651 0.11542022818122792 0.6210757757066936
vn -0.8932045083109739 -0.003150524604877367 0.4496396118311485
vn -0.8706116344958013 0.17471292018725817 0.4599030086879085
vn -0.8998683652856212 0.14354767664882695 0.41186282872688074
vn -0.051268361082018744 0.7009156014419536 0.7113992372832769
vn 0.4863371661929278 0.2254222836437014 0.8441924868276734
vn 0.4396916049891264 0.4529670646400671 0.7755592374883092
vn -0.041060347195095055 0.7088591116760019 0.7041539658924941
vn 0.4056835913858761 -0.14209753717446114 0.9029003896384199
vn 0.21981125210330377 0.0377391226173214 0.9748121727147505
vn 0.22000574986523105 0.005734031889491605 0.9754817224861406
vn 0.21837942698892207 0.0074119068876898645 0.9758357902353645
vn 0.21794392069770968 -0.016595805822171083 0.9758201815191277
vn 0.7413713063992433 -0.03856388259609016 0.6699861289661111
vn 0.7408459801387856 -0.05253209045790499 0.6696175126027729
vn 0.7833012972004703 -0.1328814700607939 0.6072739025501946
vn 0.7824752659806087 -0.011166471504120354 0.6225815352568077
vn 0.8019693348577787 -0.05672737320075844 0.5946656128258253
vn 0.7752051675246514 0.11542022818122796 0.6210757757066933
vn 0.893204508310974 -0.0031505246048773757 0.4496396118311479
vn 0.8706116344958014 0.17471292018725812 0.4599030086879081
vn 0.8998683652856214 0.143547676648827 0.41186282872688035
vn 0.9472047040159297 -0.3200239312650015 -0.019695992175792584
vn 0.9647170483359533 -0.1898805501972821 0.18239077089245337
vn 0.9738963356810358 -0.1344620057175568 0.18288219258709426
vn 0.927258860306986 -0.08306106462246725 0.36509158512073636
vn 0.9241246356725067 -0.036825126930890885 0.38031246070787716
vn 0.8007021490677435 0.08242617218173885 0.5933649758940643
vn 0.8544959181238273 0.22529770746003802 0.4680573350808303
vn 0.8435787967653616 0.24367475559934867 0.47853675630143894
vn 0.8953538400673468 0.44367265420153085 -0.03867915446885242
vn -0.8953538400673468 0.44367265420153085 -0.03867915446885202
vn -0.8435787967653614 0.24367475559934867 0.4785367563014394
vn -0.8544959181238271 0.22529770746003802 0.46805733508083064
vn -0.8007021490677432 0.0824261721817388 0.5933649758940647
vn -0.9241246356725065 -0.036825126930890885 0.3803124607078776
vn -0.9272588603069858 -0.08306106462246728 0.3650915851207368
vn -0.9738963356810358 -0.1344620057175568 0.1828821925870947
vn -0.9647170483359533 -0.18988055019728206 0.18239077089245379
vn -0.9472047040159297 -0.3200239312650015 -0.01969599217579216
vn -1.8460943398962896e-16 0.5556639602542496 -0.8314069781247712
vn -2.1648561910356698e-16 0.22236033676906475 -0.9749645535258954
vn -2.1648561910356696e-16 0.22236033676906472 -0.9749645535258953
vn -1.7656578424543038e-16 0.606371357179883 -0.7951816001340997
vn -1.7656578424543033e-16 0.606371357179883 -0.7951816001340994
vn -2.1305037255050868e-16 0.28173049702211866 -0.9594935784296162
vn -2.130503725505087e-16 0.28173049702211866 -0.9594935784296164
vn -2.220446049250313e-16 0 -1
vn -1.8460943398962896e-16 0.5556639602542496 -0.8314069781247712
vn -2.1648561910356698e-16 0.22236033676906475 -0.9749645535258954
vn -2.1648561910356696e-16 0.22236033676906472 -0.9749645535258953
vn -1.7656578424543038e-16 0.606371357179883 -0.7951816001340997
vn -1.7656578424543033e-16 0.606371357179883 -0.7951816001340994
vn -2.1305037255050868e-16 0.28173049702211866 -0.9594935784296162
vn -2.130503725505087e-16 0.28173049702211866 -0.9594935784296164
vn -2.220446049250313e-16 0 -1
vn -0.2659930842697127 0 -0.9639749369774535
vn 0.2659930842697122 0 -0.9639749369774537
vn 0.05051906714755302 0 0.9987230966862342
vn 0.05051906714755302 0 0.9987230966862342
vn -0.6636653621388716 0 0.7480296030887283
vn -0.6636653621388717 0 0.7480296030887283
vn -0.8670912360026916 0 0.49814936359221085
vn -0.8670912360026916 0 0.4981493635922108
vn -0.8431090165243494 0 -0.5377426766171202
vn -0.8431090165243494 0 -0.5377426766171202
vn -0.05051906714755259 0 0.9987230966862344
vn -0.050519067147552596 0 0.9987230966862344
vn 0.6636653621388718 0 0.7480296030887281
vn 0.663665362138872 0 0.7480296030887281
vn 0.8670912360026918 0 0.4981493635922105
vn 0.8670912360026918 0 0.49814936359221046
vn 0.843109016524349 0 -0.5377426766171205
vn 0.843109016524349 0 -0.5377426766171205
vn -0.0938159790862812 0.38494757327731216 -0.9181578992177714
vn -0.09434731604897481 0.3957569752975394 -0.9134960319879325
vn -0.6995219406062773 0.5883850173303224 -0.4055516317210724
vn -0.7654572324802644 0.36880568569420485 -0.5273116644293788
vn -0.7177884856358951 0.5443014136312632 0.434183902289729
vn -0.7194776583708787 0.5423793430403673 0.4337932080476327
vn -0.41886881532257 0.4324332484719737 0.798467532944354
vn -0.6460304019566647 0.15764106168010153 0.7468560874894713
vn 0.056404610745203226 0.20968371582804313 0.9761410037505989
vn 0.06011118717144977 0.2131927052300951 0.9751592257747003
vn 0.09381597908628078 0.38494757327731216 -0.9181578992177714
vn 0.0943473160489744 0.3957569752975394 -0.9134960319879325
vn 0.699521940606277 0.5883850173303223 -0.4055516317210726
vn 0.7654572324802641 0.36880568569420474 -0.5273116644293794
vn 0.7177884856358954 0.5443014136312632 0.4341839022897286
vn 0.7194776583708788 0.5423793430403675 0.43379320804763244
vn 0.41886881532257036 0.43243324847197373 0.798467532944354
vn 0.646030401956665 0.15764106168010156 0.746856087489471
vn -0.05640461074520282 0.20968371582804313 0.9761410037505989
vn -0.060111187171449317 0.21319270523009504 0.9751592257747003
vn -0.076219214437755 -0.21213788406067485 -0.9742628749453359
vn -0.07200464038309048 -0.20841870578616378 -0.9753855518930566
vn 0.654451717153547 -0.16622068767967815 -0.7376066925550965
vn 0.41518624708931773 -0.4376017188949201 -0.7975745205609942
vn 0.7127200861091908 -0.5408700892358177 -0.44664261487966683
vn 0.7184180907123218 -0.5344851607081831 -0.44519777618493317
vn 0.7575226646241492 -0.37775234668945645 0.5324120370083094
vn 0.6998331882197406 -0.5868335309934063 0.4072590276077424
vn 0.08291659029102703 -0.38855489310642144 0.917687274673441
vn 0.08223755183180602 -0.37986820681685224 0.9213778435139736
vn 0.07621921443775456 -0.21213788406067485 -0.9742628749453359
vn 0.07200464038309007 -0.20841870578616378 -0.9753855518930566
vn -0.6544517171535472 -0.16622068767967815 -0.7376066925550963
vn -0.4151862470893179 -0.43760171889491994 -0.797574520560994
vn -0.712720086109191 -0.5408700892358177 -0.4466426148796665
vn -0.7184180907123221 -0.5344851607081832 -0.44519777618493295
vn -0.757522664624149 -0.3777523466894564 0.5324120370083097
vn -0.6998331882197405 -0.5868335309934064 0.4072590276077428
vn -0.08291659029102665 -0.38855489310642155 0.917687274673441
vn -0.0822375518318056 -0.37986820681685224 0.9213778435139736
vn 0.35605640956752765 0.9124130534688325 -0.20180746533654956
vn -0.011370927016538305 0.6860993146306058 -0.7274190212540484
vn -0.2974622411384294 0.91040578668177 -0.28753698661781013
vn -0.33344568439793065 0.8923266697980432 -0.30424840167785594
vn -0.26307629962027 0.9481289494211599 0.17844426538175306
vn -0.3428866661393844 0.9074571859856002 0.24279660167908917
vn -0.2755586330942304 0.8877627183421959 0.368706923787599
vn -0.3539365760233891 0.7978648895940054 0.48799643247260077
vn 0.06832855397048895 0.7260065003226652 0.68428486042111
vn 0.04575565153689867 0.8090938381525039 0.5858955379724988
vn -0.35605640956752777 0.9124130534688325 -0.2018074653365494
vn 0.011370927016537958 0.6860993146306058 -0.7274190212540484
vn 0.2974622411384293 0.91040578668177 -0.28753698661781024
vn 0.3334456843979307 0.892326669798043 -0.30424840167785605
vn 0.2630762996202701 0.9481289494211599 0.17844426538175295
vn 0.3428866661393848 0.9074571859856001 0.24279660167908926
vn 0.27555863309423045 0.8877627183421959 0.36870692378759895
vn 0.3539365760233894 0.7978648895940054 0.48799643247260077
vn -0.06832855397048866 0.7260065003226652 0.68428486042111
vn -0.04575565153689841 0.8090938381525038 0.5858955379724988
vn 0.3676206544124507 0.14999813226973743 -0.9177993325149851
vn -0.24114719968827086 -0.0342334456028096 -0.9698845803932882
vn -0.38641116992374347 -0.39236178292831786 -0.8347087150949578
vn -0.7156758233380422 -0.6106424282125352 -0.3390043373706512
vn -0.6121775005153745 -0.7488075529112057 -0.2540195987830089
vn -0.5265287936264825 -0.782029091065419 0.33346353655180366
vn -0.6888223377251855 -0.6028172785313126 0.4026600498620548
vn -0.4045663684585458 -0.42047069743969256 0.8121147986010617
vn -0.47377855675025743 -0.09149229201696006 0.8758784388630231
vn 0.07707461406600237 -0.0074588336192895465 0.9969974271118339
vn 0.06847598798453797 0.03987422396150902 0.9968555990377989
vn -0.06847598798453752 0.03987422396150902 0.9968555990377989
vn -0.07707461406600193 -0.0074588336192895534 0.9969974271118341
vn 0.4737785567502579 -0.09149229201696006 0.8758784388630229
vn 0.4045663684585461 -0.4204706974396926 0.8121147986010615
vn 0.6888223377251858 -0.6028172785313126 0.40266004986205445
vn 0.5265287936264827 -0.7820290910654186 0.33346353655180344
vn 0.6121775005153742 -0.7488075529112057 -0.2540195987830091
vn 0.715675823338042 -0.6106424282125353 -0.33900433737065155
vn 0.38641116992374314 -0.39236178292831786 -0.834708715094958
vn 0.2411471996882705 -0.034233445602809526 -0.9698845803932884
vn -0.3676206544124511 0.14999813226973743 -0.9177993325149849
vn -0.8726633953842328 -0.29205944466537626 -0.39135646045288974
vn -0.4243502313218283 -0.7849150416516367 -0.45148118295906886
vn -0.42812464815698636 -0.8564078316400583 -0.2885739273497013
vn 0.42812464815698625 -0.8564078316400583 -0.2885739273497015
vn 0.4243502313218281 -0.7849150416516367 -0.451481182959069
vn 0.8726633953842328 -0.2920594446653763 -0.3913564604528902
vn 0.029074513580300002 0.9516260883263398 -0.3058798141047861
vn -0.016468693153518548 0.8444639120103078 -0.5353592097443197
vn 0.41378564047237704 0.8090292264726788 -0.41743640767413187
vn 0.49470242591719843 0.665934829693067 -0.5583908240590139
vn 0.720853024021627 0.5621367784872264 -0.4054295993521917
vn 0.737799220969767 -0.4550125208260344 -0.4986139944164651
vn 0.7527787413579249 -0.4018175480080798 0.5214085007672518
vn 0.8266325656002241 -0.08235554223778736 0.5566831829253615
vn 0.48272114504240327 0.4155608707155277 0.7709017180283774
vn 0.46537374254409425 0.7916702746727523 0.3958351373363314
vn -0.029074513580300138 0.9516260883263398 -0.3058798141047861
vn 0.01646869315351831 0.8444639120103078 -0.5353592097443196
vn -0.41378564047237726 0.8090292264726788 -0.41743640767413165
vn -0.49470242591719854 0.6659348296930672 -0.5583908240590136
vn -0.7208530240216272 0.5621367784872264 -0.40542959935219136
vn -0.737799220969767 -0.45501252082603477 -0.49861399441646476
vn -0.7527787413579246 -0.4018175480080797 0.5214085007672522
vn -0.8266325656002239 -0.08235554223778628 0.5566831829253617
vn -0.48272114504240293 0.41556087071552755 0.7709017180283775
vn -0.46537374254409425 0.7916702746727523 0.39583513733633097
vn 0.060737831721149174 0.2484365079361627 0.9667420634907216
vn 0.05798365774117313 0.2449288103793423 0.9678056485065143
vn -0.6211612952716499 0.18882514882624163 0.7605943126445229
vn -0.38646806344719076 0.5069766466115815 0.7704655188428966
vn -0.6614760683086316 0.6273150436441113 0.4110051667226844
vn -0.6823081271609015 0.6056865340773053 0.40938910836465175
vn -0.7593039586373281 0.3859415369592848 -0.5239338015887005
vn -0.627555153504886 0.6929473543863214 -0.35496266473878213
vn -0.11433091637853536 0.48095586910808463 -0.8692582432916766
vn -0.1259516866932501 0.3130407591746712 -0.9413509737151554
vn -0.06073783172114875 0.24843650793616276 0.9667420634907218
vn -0.0579836577411727 0.2449288103793423 0.9678056485065143
vn 0.6211612952716503 0.18882514882624157 0.7605943126445226
vn 0.38646806344719115 0.5069766466115816 0.7704655188428965
vn 0.6614760683086317 0.6273150436441112 0.41100516672268395
vn 0.6823081271609018 0.6056865340773052 0.4093891083646514
vn 0.7593039586373279 0.38594153695928474 -0.523933801588701
vn 0.6275551535048858 0.6929473543863215 -0.3549626647387824
vn 0.11433091637853497 0.4809558691080845 -0.8692582432916766
vn 0.1259516866932497 0.3130407591746713 -0.9413509737151554
vn -0.1688151316826476 0.88159013212037 0.44079506606013535
vn -0.16881513168264767 0.8815901321203701 0.44079506606013535
vn 0.1688151316826479 0.8815901321203701 0.44079506606013524
vn 0.16881513168264783 0.88159013212037 0.44079506606013524
vn -0.5317736692609933 -0.8319292823950399 -0.1584627204561812
vn -0.13278700143636085 0.20854999706763344 -0.968955370991167
vn -0.5609899447847199 0.5132549513328208 -0.6495072261205266
vn 0.5609899447847196 0.5132549513328208 -0.6495072261205268
vn 0.13278700143636038 0.20854999706763344 -0.968955370991167
vn 0.5317736692609932 -0.8319292823950397 -0.1584627204561814
vn -0.45918203715005085 -0.8651661553619951 0.20159211387074016
vn 0.15546747790070198 -0.17326014800200545 0.9725280378629286
vn 0.4869682671762706 -0.09798933327277833 0.8679055232731825
vn -0.4869682671762703 -0.09798933327277833 0.8679055232731827
vn -0.15546747790070156 -0.17326014800200548 0.9725280378629289
vn 0.45918203715005096 -0.8651661553619951 0.20159211387073994
vn 0 -1 0
vn 0 -1 0
vn -0.997334546647116 -0.0571724230092984 0.045333388483960395
vn -0.981928441654865 -0.06279093828764098 0.17853244393724668
vn -0.9827162690456482 -0.048412127017484395 0.17867568528102548
vn -0.9988800346487537 0.005176525490816868 0.04703062793486266
vn 0 -1 0
vn 0 -1 0
vn 0.997334546647116 -0.0571724230092984 0.04533338848395995
vn 0.9819284416548653 -0.06279093828764103 0.17853244393724632
vn 0.9827162690456485 -0.04841212701748443 0.17867568528102507
vn 0.9988800346487537 0.005176525490816897 0.04703062793486211
vn -0.14332378492532374 0.010828549929678646 -0.9896166101986669
vn -0.10926814290463578 0.019563381416184373 -0.993819775942166
vn -0.10225259336379817 0.35301937279019363 -0.9300116824993094
vn 0.10351101657605476 0.38005288004076554 -0.9191546539185401
vn 0.1433237849253233 0.010828549929678652 -0.9896166101986669
vn 0.10926814290463537 0.01956338141618438 -0.9938197759421662
vn 0.10225259336379776 0.35301937279019363 -0.9300116824993094
vn -0.10351101657605531 0.3800528800407655 -0.91915465391854
vn 0.14427952358603527 -0.019475301271455633 0.9893453045899459
vn 0.11158816296777979 -0.013263384949675924 0.9936660226178378
vn 0.10294138564811768 -0.3861630205411192 0.9166685293427526
vn -0.08821401277744725 -0.355191402665857 0.9306220260782364
vn -0.14427952358603485 -0.01947530127145564 0.9893453045899461
vn -0.1115881629677793 -0.013263384949675919 0.9936660226178378
vn -0.10294138564811726 -0.3861630205411192 0.9166685293427526
vn 0.08821401277744746 -0.355191402665857 0.9306220260782364
vn -0.26249666164245145 -0.03863615004445073 -0.9641590898478897
vn -0.25475811647609925 -0.044266261851108366 -0.9659910973457672
vn -0.24969079199311192 0.19883787334971378 -0.9476908823638728
vn -0.18433825081233163 0.13367620727316942 -0.9737299835665484
vn -0.13710694796839348 0.5801308404351723 -0.8029009233988792
vn -0.25513839922846726 0.6338977315795307 -0.7301219508667444
vn -0.28458037522249585 0.5415137157617552 -0.7910606207365656
vn -0.40979979969760205 0.8933524316015558 -0.18435172122709645
vn -0.6111729480352757 0.6450642836892269 -0.45864986372872185
vn -0.6123192491404278 0.649583906195123 0.4506727037933278
vn -0.7197081494826296 0.5421074867222447 0.4337506800086662
vn -0.47038460722804737 0.319528811707486 0.8225810961672518
vn -0.657740202956986 0.06089973961145041 0.7507789602335433
vn 0.01513650466240268 -0.08780691417035316 0.9960225057951679
vn 0.04454149782372027 -0.06077156253737803 0.9971573958801013
vn -0.5488629610153958 0.1366174708416265 0.8246727330803714
vn 0.26249666164245106 -0.03863615004445076 -0.9641590898478899
vn 0.2547581164760988 -0.04426626185110837 -0.9659910973457674
vn 0.24969079199311153 0.19883787334971387 -0.9476908823638729
vn 0.18433825081233118 0.13367620727316945 -0.9737299835665486
vn 0.13710694796839315 0.5801308404351724 -0.8029009233988792
vn 0.2551383992284669 0.6338977315795307 -0.7301219508667446
vn 0.28458037522249546 0.5415137157617551 -0.7910606207365657
vn 0.40979979969760194 0.8933524316015558 -0.18435172122709662
vn 0.6111729480352754 0.6450642836892269 -0.4586498637287221
vn 0.612319249140428 0.6495839061951229 0.4506727037933275
vn 0.7197081494826298 0.5421074867222447 0.43375068000866585
vn 0.4703846072280477 0.3195288117074859 0.8225810961672517
vn 0.6577402029569864 0.06089973961145048 0.750778960233543
vn -0.015136504662402246 -0.08780691417035316 0.9960225057951679
vn -0.04454149782371982 -0.060771562537378025 0.9971573958801013
vn 0.5488629610153962 0.13661747084162648 0.824672733080371
vn -0.48635278288257894 0.22297252462361894 0.844833843927515
vn -0.7686394326513661 -0.38203489105045235 0.5130718902780149
vn -0.7686394326513664 -0.38203489105045124 0.5130718902780151
vn 0.45977680904539814 0.8149517891704061 0.3527872832061631
vn 0.7686394326513664 -0.38203489105045235 0.5130718902780145
vn 0.7686394326513664 -0.38203489105045185 0.5130718902780146
vn -0.4970909004555613 -0.8133960917660112 -0.30213810515070455
vn -0.22594829819721374 -0.9733297652936074 -0.03970559828631397
vn -0.3090382696054646 -0.727905781856633 0.6120853867386021
vn -0.8301789688841501 -0.2096728318606545 -0.5165657588361652
vn 0.2801733777700824 0.9326960500005368 -0.2271144132420904
vn 0.43708706250602997 0.7074266364962652 -0.555429971972553
vn 0.3090382696054648 -0.727905781856633 0.6120853867386019
vn 0.8301789688841499 -0.20967283186065455 -0.5165657588361658
vn 0.5316338538823447 0.8080348924016685 0.25386031211599386
vn 0.531633853882345 0.8080348924016684 0.253860312115994
vn 0.5566391234637498 0.802036405089227 0.2165421232487061
vn 0.5566391234637494 0.8020364050892274 0.2165421232487062
vn 0.6021785234270005 -0.05323381453315103 -0.7965847016567214
vn 0.6021785234270005 -0.05323381453315104 -0.7965847016567214
vn 0.7750085219875126 0.47572062980194646 -0.415994799519863
vn 0.7667913129488247 0.4840863150623116 -0.42153472212335
vn 0.7613281650226662 0.39612456970497684 -0.5132881748289816
vn 0.770126335013113 0.39349602295158337 -0.5020620559657517
vn 0.7162261769160265 0.18097172907214967 -0.6739950272642145
vn 0.5820719567734476 0.16813632864157424 -0.7955642099345988
vn -0.5316338538823446 0.8080348924016687 0.25386031211599414
vn -0.5316338538823447 0.8080348924016684 0.2538603121159943
vn -0.5566391234637498 0.802036405089227 0.2165421232487063
vn -0.5566391234637493 0.8020364050892271 0.21654212324870636
vn -0.6021785234270008 -0.05323381453315103 -0.7965847016567209
vn -0.6021785234270008 -0.05323381453315103 -0.7965847016567209
vn -0.7750085219875126 0.47572062980194646 -0.4159947995198626
vn -0.766791312948825 0.4840863150623116 -0.42153472212334975
vn -0.7613281650226664 0.39612456970497684 -0.5132881748289811
vn -0.7701263350131133 0.3934960229515833 -0.5020620559657512
vn -0.7162261769160267 0.18097172907214965 -0.6739950272642142
vn -0.582071956773448 0.16813632864157418 -0.7955642099345985
vn 0.07343113162611606 0.9499833267587809 -0.30354496831347316
vn 0.0689415473018296 0.6844731263708903 -0.7257710398821993
vn 0.43421253955493444 0.8105115563225929 -0.3931036600704491
vn -0.43421253955493466 0.8105115563225929 -0.3931036600704489
vn -0.06894154730182993 0.6844731263708903 -0.7257710398821992
vn -0.0734311316261162 0.9499833267587809 -0.30354496831347316
vn 0.3471332406404296 0.9232541369045403 -0.16462172375214051
vn 0.34907210183272497 0.9221560196242957 -0.16666416289280536
vn 0.7749803827828508 0.46401970719709484 -0.42905840818525925
vn 0.7712548204571318 0.47341125745612206 -0.4254971013243813
vn -0.34713324064042966 0.9232541369045403 -0.16462172375214035
vn -0.3490721018327251 0.9221560196242956 -0.1666641628928052
vn -0.7749803827828509 0.46401970719709523 -0.42905840818525876
vn -0.7712548204571326 0.4734112574561212 -0.4254971013243813
vn 0.9022232378902729 -0.40058983425397404 0.15975297713396727
vn 0.9023276389986449 -0.39985766899993125 0.1609927838167682
vn 0.27813440178234206 -0.3294190168579913 0.9022884050443589
vn 0.2777336390801313 -0.3289686001549384 0.902576138525392
vn -0.18482277795598026 -0.27768403557724586 0.9427258971377467
vn -0.14273445167010734 -0.3132151017755034 0.9388946566714473
vn -0.8318504876110426 -0.4979678369613221 0.2450567273374331
vn -0.832235288657697 -0.49753316532888975 0.24463273229610036
vn -0.9022232378902728 -0.40058983425397393 0.15975297713396763
vn -0.9023276389986449 -0.3998576689999313 0.16099278381676854
vn -0.27813440178234156 -0.3294190168579912 0.9022884050443591
vn -0.2777336390801308 -0.32896860015493834 0.9025761385253922
vn 0.1848227779559807 -0.27768403557724586 0.9427258971377467
vn 0.1427344516701078 -0.3132151017755034 0.9388946566714473
vn 0.8318504876110427 -0.4979678369613222 0.24505672733743267
vn 0.832235288657697 -0.49753316532888975 0.24463273229609991
vn 0.9028367340699381 -0.39996476126688524 -0.1578417605028881
vn 0.9033441655718115 -0.39910850999971054 -0.1571041558112925
vn 0.30340040034751004 -0.3304395063245806 -0.8937325828954308
vn 0.30162971203508 -0.3322373621714147 -0.8936654027067485
vn -0.17006159060114234 -0.28308717705555403 -0.9438965544957387
vn -0.1962765538389722 -0.3313324295285257 -0.9228728707442979
vn -0.8335474825241117 -0.4965706243185627 -0.2421078467162692
vn -0.8335113846853369 -0.49679828861852865 -0.24176482793333204
vn -0.9028367340699385 -0.39996476126688535 -0.15784176050288773
vn -0.9033441655718115 -0.3991085099997105 -0.1571041558112921
vn -0.3034004003475105 -0.33043950632458063 -0.8937325828954308
vn -0.30162971203508043 -0.3322373621714147 -0.8936654027067483
vn 0.17006159060114187 -0.2830871770555541 -0.9438965544957387
vn 0.19627655383897183 -0.33133242952852576 -0.9228728707442981
vn 0.8335474825241116 -0.4965706243185626 -0.2421078467162695
vn 0.8335113846853368 -0.49679828861852876 -0.24176482793333243
vn 0.15699295259174645 -0.9813234633935017 0.11116417152081132
vn 0.23469494098332275 -0.9658195613843868 0.11004935040292287
vn 0.23511655658973019 -0.9660223738143223 0.1073358193127061
vn 0.1673063120022282 -0.9685718174065509 0.18405768794045013
vn 0.16860369066434616 -0.9680567608278132 0.18557721657014797
vn -0.2346949409833227 -0.9658195613843868 0.11004935040292298
vn -0.1569929525917464 -0.9813234633935017 0.1111641715208114
vn -0.1686036906643461 -0.9680567608278132 0.18557721657014803
vn -0.16730631200222815 -0.9685718174065511 0.1840576879404502
vn -0.23511655658973013 -0.9660223738143223 0.10733581931270621
vn 0.22032091208969143 -0.9584197261356585 0.18135689744262848
vn 0.16003617353384497 -0.9812148735256251 0.10773019601178213
vn -0.16003617353384492 -0.9812148735256251 0.10773019601178221
vn -0.22032091208969137 -0.9584197261356585 0.1813568974426286
vn 0.1673087550185375 -0.9695883390354653 -0.1786231600341763
vn 0.23510674899595727 -0.9662333260083018 -0.10544181470122177
vn 0.23179252989749802 -0.9674391608009891 -0.10165477476437484
vn 0.1579126140577633 -0.9821102368376983 -0.10258210867419598
vn 0.21526062013145997 -0.959762661442202 0.1803288638072134
vn 0.2202953680899531 -0.9598082945751574 -0.17389073713927483
vn 0.21520946268931643 -0.9599137058041084 -0.17958442187004783
vn 0.15954220616194992 -0.9805960764126197 -0.11391935470829315
vn -0.16730875501853762 -0.9695883390354653 -0.17862316003417622
vn -0.2351067489959573 -0.9662333260083018 -0.1054418147012216
vn -0.231792529897498 -0.967439160800989 -0.10165477476437473
vn -0.15791261405776333 -0.9821102368376982 -0.10258210867419586
vn -0.21526062013145988 -0.959762661442202 0.18032886380721347
vn -0.2202953680899532 -0.9598082945751574 -0.17389073713927475
vn -0.21520946268931654 -0.9599137058041086 -0.17958442187004778
vn -0.15954220616194995 -0.9805960764126197 -0.11391935470829304
vn -0.5765365152592321 -0.3032144231254871 -0.7587269997709448
vn 0.24910176800061085 0.5041781991114517 -0.8268933744562859
vn 0.24148057996669658 0.5220758866873305 -0.8179999376763946
vn 0.24058114099975167 0.52040297818867 -0.8193298816030209
vn 0.21159843189514244 0.5839354493585303 -0.7837381543614985
vn 0.8866179169324042 0.37028812708386405 -0.2771197797256068
vn 0.8916472982740543 0.3550690578565333 -0.28087552337904687
vn 0.891582129882052 0.354633016311211 -0.28163225919094603
vn 0.5765365152592318 -0.30321442312548713 -0.7587269997709453
vn -0.24910176800061126 0.5041781991114517 -0.8268933744562859
vn -0.24148057996669697 0.5220758866873305 -0.8179999376763946
vn -0.24058114099975206 0.52040297818867 -0.8193298816030209
vn -0.2115984318951428 0.5839354493585304 -0.7837381543614986
vn -0.8866179169324044 0.37028812708386405 -0.27711977972560636
vn -0.8916472982740543 0.3550690578565333 -0.28087552337904637
vn -0.8915821298820522 0.35463301631121097 -0.2816322591909456
vn 0.8921473185290371 0.3532400476011664 0.2815930233726945
vn 0.8922885193484538 0.35306737293880897 0.2813620948262792
vn 0.9304010133565946 0.1849106636086208 0.31648380816218924
vn -0.9304010133565944 0.1849106636086208 0.3164838081621897
vn -0.8922885193484538 0.3530673729388089 0.2813620948262797
vn -0.8921473185290368 0.3532400476011664 0.28159302337269493
vn -0.9584363298973725 -0.19537851053549715 -0.20791113282791165
vn -0.35279118951980243 -0.07478361944563802 -0.9327088435625626
vn -0.3916852185231701 0.5624653901588248 -0.7281588936928103
vn 0.04887152871157879 0.6669183412510639 -0.7435263948134746
vn 0.19099634654778458 0.2509596288694686 -0.9489676813691271
vn 0.18945004075452315 0.24925632037609258 -0.9497262599352934
vn 0.9584363298973725 -0.19537851053549712 -0.20791113282791207
vn 0.35279118951980204 -0.07478361944563805 -0.9327088435625628
vn 0.39168521852316973 0.5624653901588248 -0.7281588936928105
vn -0.048871528711579224 0.6669183412510639 -0.7435263948134747
vn -0.19099634654778497 0.25095962886946854 -0.9489676813691271
vn -0.1894500407545236 0.24925632037609255 -0.9497262599352934
vn -0.9619544393437022 0.1330569190274822 0.23862001786492648
vn -0.9614045798459557 0.1315334327282526 0.24166131243114522
vn -0.9609659801705724 -0.007930348440939781 0.2765528783585814
vn -0.4328805854464858 0.4427970962929958 0.7852038781475796
vn -0.3940632760741484 -0.07569005978794298 0.9159613252201249
vn 0.7055381767816651 0.14347353272296537 0.6939965608787958
vn 0.9918824553498371 -0.12659535111310027 -0.011950391028312416
vn 0.9923284647599444 -0.11422569523218257 -0.04729385346846231
vn 0.9962869422380566 -0.08575086613068288 -0.0076888024933277135
vn -0.9962869422380566 -0.08575086613068288 -0.007688802493327271
vn -0.9923284647599444 -0.11422569523218257 -0.04729385346846187
vn -0.9918824553498371 -0.12659535111310027 -0.011950391028311975
vn -0.705538176781665 0.14347353272296537 0.693996560878796
vn 0.39406327607414887 -0.07569005978794298 0.9159613252201246
vn 0.43288058544648633 0.44279709629299585 0.7852038781475796
vn 0.9609659801705727 -0.007930348440939781 0.27655287835858094
vn 0.961404579845956 0.13153343272825263 0.24166131243114483
vn 0.9619544393437022 0.1330569190274822 0.23862001786492604
vn 0.960802150077464 0.19564548497307307 -0.19642319775467948
vn 0.9767726720950994 0.022956570034974755 -0.21304493174076913
vn 0.97062481511402 -0.2359278353327313 -0.04717546820208764
vn 0.9917753177358972 -0.11534787911779511 0.05546698038370745
vn 0.9962681598221798 -0.08546643736343104 0.012051630965589335
vn -0.9962681598221798 -0.08546643736343104 0.012051630965589779
vn -0.9917753177358972 -0.11534787911779511 0.05546698038370789
vn -0.9706248151140202 -0.23592783533273134 -0.04717546820208723
vn -0.9767726720950994 0.022956570034974755 -0.2130449317407687
vn -0.960802150077464 0.19564548497307307 -0.19642319775467904
vn -0.08239773798810268 -0.33853600910352505 0.937338777238359
vn -0.7837704870449853 -0.6083868167195469 -0.12477702063730864
vn -0.897090355205805 -0.41545871115293037 -0.15040928802394093
vn 0.14720127160256707 -0.08890580705023772 -0.985102808396836
vn 0.11839739353488402 0.03069562054607979 -0.992491730989955
vn 0.11827753654303172 0.03184395214620188 -0.9924698418899298
vn 0.11861153254302353 0.030473318637535784 -0.9924730128315886
vn 0.11861153254302358 0.030473318637535798 -0.9924730128315886
vn 0.11866634501055454 0.030248284022298816 -0.9924733446675243
vn 0.11866634501055451 0.030248284022297553 -0.9924733446675245
vn 0.1519831988882116 -0.11210216989394726 -0.9820051989479358
vn 0.21208672644973442 -0.030368338327235515 -0.9767788820869737
vn 0.08239773798810308 -0.338536009103525 0.937338777238359
vn 0.7837704870449853 -0.6083868167195468 -0.124777020637309
vn 0.8970903552058049 -0.41545871115293015 -0.15040928802394127
vn -0.14720127160256752 -0.08890580705023773 -0.985102808396836
vn -0.11839739353488443 0.03069562054607974 -0.9924917309899548
vn -0.11827753654303215 0.03184395214620184 -0.9924698418899298
vn -0.11861153254302399 0.03047331863753579 -0.9924730128315886
vn -0.11861153254302398 0.030473318637535784 -0.9924730128315886
vn -0.11866634501055498 0.030248284022298854 -0.9924733446675243
vn -0.11866634501055494 0.030248284022297556 -0.9924733446675242
vn -0.15198319888821207 -0.11210216989394732 -0.9820051989479358
vn -0.21208672644973492 -0.030368338327235487 -0.9767788820869737
vn 0.9971774361190795 0.07410569374759654 0.012062630275632475
vn 0.9977196360197091 0.06748293658546464 0.0012574460233312722
vn 0.9690042719309748 0.247001088923576 0.004602504762550383
vn 0.9690042719309748 0.24700108892357606 0.004602504762550391
vn 0.9694523955237505 0.24523696961865699 0.004569632974259971
vn 0.9696843254165305 0.24434193346782096 0.0030542741683471865
vn 0.9679921352020813 0.25096092394126923 0.0031370115492653054
vn 0.9656042868353012 0.25997038491718377 0.0048744447171964475
vn 0.9967966540635941 0.07996363231395308 0.0014993181058862342
vn 0.019869415485131978 -0.14352927979133376 -0.9894465888418942
vn 0.06655853049249398 -0.31175009299405343 -0.9478300699687044
vn -0.7716130493444561 -0.6359779430143812 -0.012056453896009253
vn 0.26998327053005855 -0.9614141103397916 -0.052838831113494265
vn 0.2921445801526677 -0.9561095350450688 -0.022496694942234552
vn 0.9897197805631707 -0.14298055041066116 -0.0033642482449565817
vn -0.9897197805631707 -0.14298055041066116 -0.003364248244956142
vn -0.2921445801526677 -0.9561095350450688 -0.022496694942234368
vn -0.26998327053005855 -0.9614141103397916 -0.05283883111349414
vn 0.7716130493444561 -0.6359779430143812 -0.012056453896009579
vn -0.06655853049249438 -0.3117500929940534 -0.9478300699687042
vn -0.0198694154851324 -0.14352927979133376 -0.9894465888418942
vn -0.9967966540635941 0.07996363231395308 0.001499318105886677
vn -0.9656042868353012 0.25997038491718377 0.004874444717196874
vn -0.9679921352020813 0.25096092394126923 0.0031370115492657356
vn -0.9696843254165305 0.24434193346782093 0.003054274168347641
vn -0.9694523955237505 0.24523696961865699 0.004569632974260401
vn -0.9690042719309748 0.24700108892357606 0.0046025047625508145
vn -0.9690042719309748 0.247001088923576 0.004602504762550814
vn -0.9977196360197091 0.06748293658546464 0.0012574460233317224
vn -0.9971774361190795 0.07410569374759654 0.012062630275632919
vn -0.8881823861428914 -0.40554439873612974 0.21602265992083114
vn -0.9477404754842943 -0.2731935658234217 -0.16478248305413923
vn -0.9553747412640344 -0.24352689483201356 -0.16719376557801702
vn -0.9553747412640362 -0.2435268948320035 -0.16719376557802126
vn -0.9549358349189818 -0.24533924612543037 -0.1670515055250716
vn -0.9547356621453225 -0.2415141595940744 -0.17363964450407296
vn -0.9533694507396996 -0.24716985759917054 -0.17318704307969932
vn -0.9514317827029578 -0.2561547107277272 -0.17076980715180962
vn -0.895374366366585 -0.41802757479057706 -0.1534851483640845
vn -0.133011486790873 -0.17069807471495355 0.9763043130450103
vn -0.0856878447662189 -0.3600122398810972 0.9290041875013889
vn 0.08568784476621932 -0.3600122398810972 0.9290041875013889
vn 0.13301148679087343 -0.1706980747149536 0.9763043130450103
vn 0.895374366366585 -0.41802757479057706 -0.1534851483640849
vn 0.9514317827029578 -0.2561547107277272 -0.17076980715181006
vn 0.9533694507396994 -0.24716985759917048 -0.17318704307969973
vn 0.9547356621453225 -0.2415141595940744 -0.17363964450407338
vn 0.9549358349189816 -0.24533924612543032 -0.167051505525072
vn 0.9553747412640361 -0.24352689483200343 -0.1671937655780217
vn 0.9553747412640344 -0.24352689483201356 -0.16719376557801746
vn 0.9477404754842943 -0.27319356582342164 -0.16478248305413964
vn 0.8881823861428914 -0.40554439873612974 0.21602265992083075
vn -0.18604691467968756 -0.06889569321056249 0.9801224051082627
vn -0.9460378168817861 -0.32065084650212383 -0.04685598859287573
vn -0.8832046337834836 -0.41638101566385205 0.21581571920998158
vn 0.042067814453607064 -0.08890717851201356 -0.9951511506279486
vn 0.04369590091336499 -0.08662819991450559 -0.9952819817634306
vn -0.043695900913365435 -0.08662819991450559 -0.9952819817634306
vn -0.04206781445360751 -0.08890717851201356 -0.9951511506279486
vn 0.8832046337834838 -0.41638101566385216 0.21581571920998124
vn 0.9460378168817861 -0.32065084650212383 -0.04685598859287614
vn 0.18604691467968798 -0.06889569321056248 0.9801224051082624
vn 0.20407107681519188 -0.978500451469751 0.029864060021734824
vn 0.22183825326774684 -0.9730365712114556 0.0631476086021397
vn -0.7870054550923099 -0.6046397365894851 -0.12260996122641978
vn 0.18919802826503432 -0.2546595007517654 -0.948342050516313
vn 0.1553511409631924 -0.09475678949691765 -0.983304212258684
vn -0.15535114096319286 -0.09475678949691765 -0.983304212258684
vn -0.1891980282650347 -0.25465950075176536 -0.9483420505163128
vn 0.7870054550923099 -0.6046397365894851 -0.12260996122642014
vn -0.22183825326774684 -0.9730365712114556 0.06314760860213979
vn -0.20407107681519188 -0.978500451469751 0.029864060021734914
vn 0.056552715204109025 -0.12100743366559133 -0.9910393490677908
vn 0.10353424904279113 -0.27757267927829904 -0.9551094528866375
vn -0.7652990703743913 -0.6434979507232603 -0.015090404204568527
vn 0.29055255616998504 -0.9547486777991443 0.06351515050657924
vn -0.05655271520410946 -0.12100743366559133 -0.9910393490677908
vn -0.10353424904279154 -0.27757267927829904 -0.9551094528866375
vn 0.7652990703743913 -0.6434979507232603 -0.015090404204568864
vn -0.29055255616998504 -0.9547486777991443 0.06351515050657938
vn 0.22859140963928548 -0.9732143199077489 -0.02449193674706668
vn 0.9846962175784852 -0.13871712588903545 -0.10550316616912507
vn 0.9852176748615199 -0.13176779602057545 -0.10946863054017103
vn 0.9896567158875434 0.09213020478232614 -0.10996185732084035
vn 0.9902053188042248 0.08956181607007303 -0.10710792554266906
vn 0.960282347105266 0.2585375549898983 -0.10495783199860269
vn -0.13963591721835414 -0.037594285404944194 -0.9894889995990258
vn -0.13996501777403486 -0.035959391918230284 -0.9895032672671604
vn -0.9583868304603256 -0.24622586553328554 0.14445589756945063
vn -0.9588303016965023 -0.24440772396185828 0.14460054293251645
vn 0.0991159717833383 0.025264855552616077 0.9947551011235629
vn 0.12820700084433334 -0.09766493452000345 0.9869268085829387
vn 0.17561951625116318 -0.03773830381578393 0.9837345200493959
vn -0.17561951625116273 -0.03773830381578393 0.9837345200493959
vn -0.12820700084433292 -0.09766493452000347 0.9869268085829389
vn -0.09911597178333788 0.025264855552616084 0.9947551011235631
vn 0.9588303016965025 -0.24440772396185828 0.14460054293251604
vn 0.9583868304603256 -0.24622586553328554 0.14445589756945018
vn 0.13996501777403444 -0.03595939191823029 -0.9895032672671604
vn 0.1396359172183537 -0.037594285404944194 -0.9894889995990258
vn -0.960282347105266 0.2585375549898983 -0.10495783199860227
vn -0.990205318804225 0.08956181607007305 -0.10710792554266864
vn -0.9896567158875434 0.09213020478232614 -0.1099618573208399
vn -0.9852176748615201 -0.13176779602057548 -0.10946863054017061
vn -0.9846962175784852 -0.13871712588903545 -0.10550316616912463
vn -0.22859140963928548 -0.9732143199077489 -0.024491936747066578
vn 0.9922088411546716 -0.12334910093422065 0.017510420703774107
vn 0.9926336486834669 -0.11876134451329066 0.023962106558965832
vn 0.9931724238859314 0.11633689997797883 0.008617548146514576
vn -0.9931724238859314 0.11633689997797883 0.008617548146515016
vn -0.9926336486834669 -0.11876134451329068 0.02396210655896629
vn -0.9922088411546716 -0.12334910093422065 0.01751042070377455
vn 0.9602823471052735 0.2585375549898687 -0.1049578319986085
vn 0.9640755453370353 0.24387681779276538 -0.10527317144634794
vn -0.1394046039065228 -0.0352644057312939 -0.9896073858344451
vn -0.13935317926933538 -0.035521398637282195 -0.9896054373670247
vn -0.9588303016965023 -0.24440772396185823 0.14460054293251648
vn -0.952209608782155 -0.2701694669930257 0.14249673697190332
vn -0.8939811501923277 -0.3966701641141384 -0.20844779682804454
vn 0.8939811501923275 -0.3966701641141383 -0.20844779682804487
vn 0.9522096087821552 -0.2701694669930258 0.14249673697190293
vn 0.9588303016965025 -0.24440772396185828 0.14460054293251606
vn 0.13935317926933496 -0.0355213986372822 -0.9896054373670246
vn 0.13940460390652237 -0.035264405731293906 -0.9896073858344453
vn -0.9640755453370355 0.24387681779276543 -0.10527317144634755
vn -0.9602823471052735 0.2585375549898687 -0.10495783199860809
vn -0.7451984580429267 -0.308597916171841 -0.5911400716114936
vn -0.21149670411696142 -0.09208262354271073 -0.9730313122346856
vn -0.3720919330400445 0.039401767999603786 -0.9273592044321493
vn 0.372091933040044 0.03940176799960378 -0.9273592044321493
vn 0.21149670411696092 -0.09208262354271074 -0.9730313122346856
vn 0.7451984580429265 -0.308597916171841 -0.5911400716114938
vn -0.0794345574481139 -0.45277697745424267 -0.8880783522699011
vn -0.12589077419144215 -0.45560470659761804 -0.8812354193401318
vn 0.40982575867935345 -0.09896055065223157 -0.906779828259043
vn 0.42034118362799733 -0.1134972785467669 -0.9002397775641178
vn 0.8411731491304986 -0.315348684198187 0.43929823645941496
vn 0.8617699881495738 -0.0714557840461838 0.5022415339764611
vn 0.07943455744811352 -0.45277697745424283 -0.8880783522699011
vn 0.12589077419144185 -0.455604706597618 -0.8812354193401318
vn -0.4098257586793539 -0.09896055065223153 -0.9067798282590428
vn -0.42034118362799777 -0.11349727854676685 -0.9002397775641175
vn -0.8411731491304985 -0.315348684198187 0.43929823645941524
vn -0.8617699881495736 -0.0714557840461838 0.5022415339764615
vn 0.5959408479535941 0.17321118832257723 0.7841252387088634
vn 0.42184729386196856 0.009562662175929656 0.906616465851709
vn 0.3587523970105332 0.16374033832878757 -0.9189590955223041
vn 0.36010391341810943 0.16322704925251605 -0.9185216937739029
vn -0.7638202774998205 -0.10824260021153041 -0.6362877675859752
vn -0.8091849562292193 -0.10293899520389813 -0.5784663083350043
vn -0.38668341162769054 -0.14865144508125167 0.9101531118703192
vn -0.4750553637744773 -0.22957001229697288 0.8494822015810966
vn -0.5959408479535937 0.17321118832257723 0.7841252387088636
vn -0.4218472938619681 0.009562662175929675 0.9066164658517092
vn -0.3587523970105336 0.16374033832878754 -0.9189590955223039
vn -0.3601039134181099 0.1632270492525161 -0.9185216937739029
vn 0.7638202774998203 -0.1082426002115304 -0.6362877675859755
vn 0.809184956229219 -0.10293899520389811 -0.5784663083350048
vn 0.386683411627691 -0.1486514450812517 0.910153111870319
vn 0.47505536377447766 -0.22957001229697288 0.8494822015810963
vn -0.9601290845246243 -0.24287850359516053 0.13842750283553698
vn -0.9587375039441225 -0.24856157509661342 0.1379838465780856
vn -0.9587375039441174 -0.2485615750966318 0.13798384657808763
vn -0.9001335855478171 -0.4181495282505321 0.12210855904762857
vn 0.13304175436203297 -0.08713297996950105 0.9872728778802279
vn 0.16999642506012044 -0.2573376204776889 0.9512510523272286
vn 0.9601290845246244 -0.2428785035951605 0.13842750283553656
vn 0.9587375039441225 -0.24856157509661342 0.13798384657808513
vn 0.9587375039441174 -0.2485615750966318 0.1379838465780872
vn 0.9001335855478171 -0.41814952825053203 0.12210855904762817
vn -0.13304175436203253 -0.08713297996950105 0.9872728778802279
vn -0.16999642506011994 -0.25733762047768893 0.9512510523272288
vn -0.9209562091866439 -0.3273217546699546 -0.21142405180193882
vn -0.8902806746823714 -0.45528025201429057 0.010964142141811246
vn -0.9687176011326433 -0.24692801597499223 0.02475407405804263
vn -0.968717601132646 -0.2469280159749824 0.024754074058039775
vn -0.9691860686954202 -0.2450713057629103 0.02486803849077023
vn -0.9694240278314975 -0.24426432197329048 0.02349457967031997
vn -0.9677399057285205 -0.25089553111480084 0.02304142632686894
vn -0.9653350823687659 -0.2598979067915892 0.024109267791426973
vn -0.9003682715964599 -0.43494955193382917 0.012484501390311447
vn 0.9003682715964599 -0.43494955193382917 0.012484501390311048
vn 0.9653350823687659 -0.2598979067915892 0.02410926779142655
vn 0.9677399057285205 -0.25089553111480084 0.023041426326868508
vn 0.9694240278314975 -0.24426432197329048 0.023494579670319524
vn 0.9691860686954202 -0.2450713057629103 0.0248680384907698
vn 0.968717601132646 -0.2469280159749824 0.024754074058039345
vn 0.9687176011326433 -0.24692801597499223 0.0247540740580422
vn 0.8902806746823715 -0.4552802520142907 0.0109641421418108
vn 0.9209562091866437 -0.32732175466995456 -0.21142405180193916
vn 0.017135822158481518 -0.09810824731224022 0.9950282083480213
vn 0.02640614877912357 -0.10207207298201411 0.9944264715019454
vn -0.004591234024630975 -0.0011703145552981208 0.9999887754039908
vn -0.004591234024630974 -0.0011703145552981206 0.9999887754039908
vn -0.004595071064700341 -0.0011578131816568338 0.9999887723322431
vn -0.004588435675190098 -0.0011607110008386619 0.9999887994412874
vn -0.004566961040190497 -0.0012295664338974977 0.999988815454074
vn -0.004585546374040391 -0.0011888453562326994 0.9999887796426371
vn 0.033088522060987856 -0.12380059274519213 0.9917552938823965
vn -0.03308852206098742 -0.12380059274519216 0.9917552938823967
vn 0.004585546374040836 -0.0011888453562326996 0.9999887796426371
vn 0.004566961040190941 -0.0012295664338974977 0.999988815454074
vn 0.0045884356751905424 -0.0011607110008386619 0.9999887994412874
vn 0.004595071064700785 -0.0011578131816568338 0.9999887723322431
vn 0.004591234024631417 -0.0011703145552981202 0.9999887754039906
vn 0.004591234024631418 -0.0011703145552981206 0.9999887754039906
vn -0.026406148779123142 -0.10207207298201411 0.9944264715019454
vn -0.017135822158481074 -0.09810824731224022 0.9950282083480213
vn 0.9689268514939103 0.24698135430237408 0.013452400568788034
vn 0.9686813339864461 0.24794376614837602 0.013429892568412889
vn -0.050136491640650184 -0.008898304023209121 0.9987027347471709
vn -0.049451426782385254 -0.011411867719013149 0.9987113325002127
vn -0.9730800982154504 -0.22455694574204943 -0.05185846677266689
vn -0.8984496084780922 -0.43761142093813066 -0.035840553707684665
vn -0.9018055574026151 -0.4312142363174678 -0.028302279676769303
vn 0.9018055574026151 -0.4312142363174678 -0.028302279676769706
vn 0.8984496084780921 -0.43761142093813055 -0.035840553707685095
vn 0.9730800982154504 -0.22455694574204943 -0.05185846677266732
vn 0.0494514267823857 -0.011411867719013168 0.9987113325002127
vn 0.050136491640650614 -0.00889830402320912 0.9987027347471706
vn -0.968681333986446 0.24794376614837607 0.013429892568413319
vn -0.9689268514939103 0.24698135430237408 0.013452400568788464
vn 0.9742762262029225 0.22483297527761031 0.015361259180458263
vn 0.9964825966237544 0.0819416191782957 0.01755009038207999
vn 0.9968157948351217 0.07608810745792578 0.02385101823184575
vn 0.9902508790706755 -0.1366019083372065 0.027260138267955945
vn 0.9904630516600247 -0.1352087797500034 0.02648639603317399
vn 0.26790500977854725 -0.96300990001478 0.028962703759839746
vn 0.05223653225573411 -0.30954982077471943 0.9494473409074539
vn -0.7689526004177326 -0.6391869097819776 -0.012328530900841395
vn -0.9742762262029225 0.22483297527761031 0.015361259180458695
vn -0.9964825966237544 0.0819416191782957 0.01755009038208043
vn -0.9968157948351217 0.07608810745792578 0.02385101823184618
vn -0.9902508790706753 -0.13660190833720648 0.027260138267956376
vn -0.9904630516600247 -0.1352087797500034 0.026486396033174438
vn -0.26790500977854725 -0.96300990001478 0.028962703759839864
vn -0.05223653225573369 -0.3095498207747195 0.9494473409074539
vn 0.7689526004177326 -0.6391869097819776 -0.012328530900841718
vn 0.10188665830111743 -0.27551499666219803 -0.9558821033341196
vn -0.10188665830111784 -0.27551499666219803 -0.9558821033341196
vn 0.2053336119132748 -0.2775408070276321 -0.9385143623051804
vn -0.20533361191327523 -0.27754080702763206 -0.9385143623051804
vn -0.39428383198774997 -0.07451558809423962 0.9159627104658931
vn -0.12966849439210454 -0.21214663443201917 0.9685968650895233
vn -0.16719559658034805 -0.042618485402832806 0.9850021813103311
vn -0.16719559658034805 -0.04261848540283287 0.9850021813103311
vn -0.16725889227338991 -0.04231054982409883 0.9850047108156698
vn -0.1672588922733902 -0.04231054982409871 0.9850047108156696
vn -0.16672847508435634 -0.044888435599635734 0.9849805297291225
vn -0.1672572266104207 -0.043362984676775664 0.9849592233724767
vn -0.137955598411599 -0.18063251015043902 0.9738275767011578
vn 0.9871494009073583 0.0843639060691873 0.1357158488939042
vn 0.9826197182939874 -0.12921823389367643 0.13327091674196598
vn -0.9826197182939874 -0.12921823389367643 0.13327091674196642
vn -0.9871494009073583 0.08436390606918731 0.13571584889390464
vn 0.13795559841159943 -0.18063251015043902 0.9738275767011578
vn 0.1672572266104211 -0.04336298467677566 0.9849592233724764
vn 0.16672847508435676 -0.04488843559963573 0.9849805297291223
vn 0.1672588922733906 -0.042310549824098695 0.9850047108156696
vn 0.16725889227339036 -0.04231054982409883 0.9850047108156698
vn 0.16719559658034844 -0.042618485402832855 0.9850021813103309
vn 0.16719559658034847 -0.0426184854028328 0.9850021813103309
vn 0.12966849439210495 -0.21214663443201917 0.9685968650895233
vn 0.3942838319877504 -0.07451558809423962 0.9159627104658928
vn -0.7161618916953296 0.6530781256406596 -0.24617292030816454
vn -0.646935445105381 0.7263315903860502 -0.23220023831506664
vn -0.6635903308555174 0.6833564125091615 -0.3044205746622159
vn -0.386526598238567 0.860635692844198 -0.3315168065976577
vn -0.3609194265384683 0.8754400831709681 -0.321468238438499
vn -0.10111713387086943 0.9397075119079706 -0.32668810400973025
vn -0.08756595350432282 0.9961194348119553 0.00884733727115224
vn -0.08421879865859436 0.9963903006548696 0.010656580755665902
vn -0.07684998310960603 0.9298101839921288 0.35992652283567156
vn 0.0768499831096062 0.9298101839921288 0.35992652283567156
vn 0.08421879865859436 0.9963903006548696 0.010656580755665864
vn 0.08756595350432282 0.9961194348119553 0.008847337271152202
vn 0.10111713387086924 0.9397075119079704 -0.32668810400973025
vn 0.3609194265384682 0.8754400831709681 -0.3214682384384991
vn 0.38652659823856694 0.8606356928441982 -0.331516806597658
vn 0.6635903308555172 0.6833564125091615 -0.3044205746622162
vn 0.646935445105381 0.7263315903860501 -0.2322002383150668
vn 0.7161618916953295 0.6530781256406595 -0.24617292030816482
vn 0.4460533271885454 -0.1744392425447582 -0.8778424573717312
vn 0.4539136182576355 -0.13484070248613375 -0.8807839758495312
vn 0.4583795052804386 -0.13836345172631143 -0.8779201469184091
vn 0.4168008677763175 -0.38624670911727926 -0.8228551004380908
vn 0.3049361193126173 -0.15101598289767793 -0.9403234209823818
vn 0.6724397841201872 -0.061939422722453584 -0.737555587495075
vn 0.6262351860701839 -0.09931534538682993 -0.7732825834701937
vn 0.4774933109361133 -0.09895821513706439 -0.8730449070169041
vn 0.6875201061035816 0.0896755337965461 -0.7206069680079595
vn 0.3290450628060116 -0.4079563222119464 -0.851646044909674
vn 0.38439003112701825 -0.3911337158836148 -0.8362169098202007
vn 0.4579441365322078 -0.5329745317832422 -0.7114951273805075
vn 0.6323069183412239 -0.3203688386262278 -0.7053734955717481
vn 0.5628773348811686 -0.339124853934622 -0.7537661701886695
vn 0.5641908837190988 -0.25372114368418647 -0.7856934694751199
vn 0.4598274066317127 -0.3334712815730997 -0.8230161969708422
vn 0.46630596007286423 -0.32405550716790893 -0.8231322979173359
vn 0.7362131964231083 -0.15096506555867054 -0.6596966563454268
vn 0.5784846564617748 0.37457017812369303 -0.7246051917414664
vn 0.49700597124421664 0.09004134124531506 -0.8630629301588254
vn 0.3558255294887105 0.275253984891597 -0.8930976633971088
vn 0.29419319723674975 0.21969736319635147 -0.9301523699395651
vn 0.34808686161594143 0.18618599574805855 -0.9187874138002047
vn 0.19675972791183421 0.01684164685675158 -0.9803070786254751
vn 0.7015434841684671 -0.035935817638733075 -0.7117199988980242
vn 0.6658103365422423 -0.11100277690106199 -0.7378177141230475
vn 0.6751678919172749 -0.11821264000308879 -0.7281305442484083
vn -0.2685767634498761 0.05429104566313383 -0.9617270946040737
vn -0.3163892302939027 0.2033930766175032 -0.9265684601464148
vn -0.3434914381222186 0.1954086497089005 -0.9186017045246947
vn -0.29472667095921634 0.34637512231243717 -0.8905955670607969
vn -0.6775532144310574 0.2606596027150442 -0.6877341151394026
vn -0.6766907397897977 0.2975176107415633 -0.6734782208663975
vn -0.9351590751646568 0.04983656752639594 -0.35070474857687745
vn -0.9365621268993835 0.24721279794932358 -0.24846974662475563
vn -0.9370527504538028 0.24791145469724252 -0.24591066161689806
vn 0.9370527504538025 0.24791145469724246 -0.2459106616168984
vn 0.9365621268993835 0.24721279794932358 -0.24846974662475602
vn 0.9351590751646566 0.04983656752639594 -0.3507047485768779
vn 0.6766907397897974 0.2975176107415633 -0.6734782208663977
vn 0.6775532144310571 0.2606596027150441 -0.6877341151394027
vn 0.2947266709592159 0.3463751223124372 -0.8905955670607968
vn 0.34349143812221816 0.1954086497089005 -0.9186017045246949
vn 0.31638923029390226 0.20339307661750322 -0.926568460146415
vn 0.26857676344987563 0.05429104566313383 -0.9617270946040739
vn -0.2267468447340506 0.35490810480114005 -0.9069873789362316
vn -0.6672307658644807 0.2714232419098403 -0.6936371737695802
vn -0.6638912345094583 0.2869590443530149 -0.6905815922869013
vn -0.8933695505687815 0.10292703241835272 -0.43737497883862153
vn -0.8948097592409748 0.19550616608704807 -0.40136371757927025
vn -0.9808688363128318 -0.018366180668231653 -0.19380146892625208
vn -0.9463393018004673 0.3046667896084411 -0.10779644325064847
vn -0.9998285763251313 0 -0.018515344006021298
vn -0.9816153896685814 0 -0.1908696591022243
vn -0.975804741546864 -0.043982240590438114 -0.2141743889621329
vn -0.8628736774127544 0.005759923341903011 -0.5053868222572541
vn -0.8496442024863887 -0.07746341065042246 -0.5216360313395467
vn -0.8407013688866372 -0.0840037831894602 -0.5349435229648014
vn -0.8498908828478184 -0.06102740700625445 -0.523412975427863
vn -0.704507923036362 0.0303442070998884 -0.7090471179508951
vn -0.29363279976501877 -0.1841509845612911 -0.9380128963864323
vn -0.468367362006746 -0.34172329241150645 -0.8147743280383114
vn -0.35675101554025845 -0.35139769133632637 -0.8655913443620462
vn -0.4499403627812729 -0.05046513640253843 -0.8916316167275193
vn -0.22905954370036571 -0.04030132007654707 -0.9725777753166418
vn -0.21214800509442017 -0.1349333140020238 -0.9678771743908879
vn -0.42239092901754377 -0.0216610732829491 -0.906154899003436
vn -0.6156398447658338 0.0020733600737851176 -0.7880249251861926
vn -0.34175830000829055 -0.2717128456441825 -0.8996518181426546
vn -0.6658103365422425 -0.11100277690106199 -0.7378177141230473
vn -0.7015434841684673 -0.035935817638733075 -0.711719998898024
vn -0.833287041988399 0.14814874483396942 -0.5326205544835306
vn -0.7253911177388769 -0.16410345166571627 -0.6684891797605559
vn -0.941142740204559 0.0808090149392225 -0.3282076258480397
vn 0.9411427402045588 0.0808090149392225 -0.32820762584804014
vn 0.7253911177388767 -0.16410345166571627 -0.6684891797605561
vn 0.8332870419883988 0.14814874483396942 -0.5326205544835311
vn -0.4799103251285291 -0.18936201259936583 -0.8566376760447483
vn -0.5054887000310004 -0.14057346540659257 -0.8513050422525118
vn -0.47295508023065735 -0.1496571856307981 -0.8682834899231249
vn -0.5642919833910952 0.02738271909575927 -0.8251210481956369
vn -0.7269377040889199 0.11400409939658764 -0.6771740099078692
vn -0.7329988050528823 0.17083173764978546 -0.6584293957613084
vn -0.6631046022111352 0.12440423967692146 -0.7381164350404475
vn -0.6623570882502798 0.10272231695064087 -0.7421126688346609
vn -0.4185415912321075 -0.004969959522687996 -0.9081840319622663
vn -0.48299637946082696 -0.328704244680285 -0.8115836475415804
vn -0.560226501553404 -0.2531344477886987 -0.7887136478468879
vn -0.5598971093799704 -0.24945708199349456 -0.7901179602763405
vn -0.6304403357242845 -0.16035590420861764 -0.759493888768888
vn -0.5438988975628348 0.0779939125605228 -0.8355183653477849
vn -0.283613483372953 -0.11206305861417884 -0.9523682391507474
vn -0.9032705877589076 -0.32733520526632426 -0.27740567528969423
vn -0.9085776616648746 -0.40794791916857825 -0.08980605753297369
vn -0.855231066294906 -0.5161807268008906 0.04623073137408298
vn -0.810398760843832 -0.5845823175574851 0.03895333646687479
vn -0.7936096719671433 -0.5956861013236814 0.12386184743493939
vn -0.6438774228298418 -0.7545145547908317 0.12700256288277967
vn -0.7299054229445345 -0.6833760466982077 0.015337938430225217
vn -0.7218826807975907 -0.6911983310316621 -0.03361937452614236
vn -0.6818945094744024 -0.7310345085758182 0.02466627697841921
vn -0.41775295900597453 -0.9075322902543623 -0.04321582334544551
vn -0.16356158314208052 -0.9625583226236984 -0.21616910988369425
vn -0.09142085976509755 -0.9691350885821157 -0.22895284771923036
vn -0.3348074181600049 -0.618308395030285 -0.7110546542848198
vn -0.8529394417065784 -0.07731322424825833 -0.5162528199802973
vn -0.6681514465932301 -0.23969954147017422 -0.7043562835911682
vn -0.6736191122248866 -0.3273401067390787 -0.6626354549564974
vn -0.7832315187624256 -0.08413377397958159 -0.6160112791930495
vn -0.8017304480491072 -0.29621364859579374 -0.519120181707999
vn -0.8739795667084407 -0.10029484508350568 -0.4755004322035912
vn -0.8864411978959996 -0.26913846966371796 -0.37654546447909537
vn -0.9161161105975412 -0.14596258155538086 -0.37339817445901197
vn -0.9175264272086867 -0.23515016560772609 -0.32070181631590705
vn -0.7477825261652178 -0.3269426335323414 -0.5778666004718584
vn -0.80472598614358 -0.2386987736676704 -0.5435429906408444
vn -0.7933553753026598 -0.2424965569985179 -0.5583750248016476
vn -0.8024725047153469 -0.22046565573426039 -0.5544662061997468
vn -0.7792407994255904 -0.23811937834237 -0.5797266064003014
vn -0.7011116741661628 -0.39576133432250704 -0.5931402756542413
vn -0.43953976266748745 -0.48698449096438573 -0.7547522127124685
vn -0.4117138940755767 -0.5142482572938226 -0.7523565639345424
vn -0.441882586247765 -0.5059777576359893 -0.7407606150090884
vn 0.3348074181600046 -0.618308395030285 -0.7110546542848201
vn 0.0914208597650975 -0.9691350885821157 -0.22895284771923038
vn 0.1635615831420804 -0.9625583226236984 -0.2161691098836943
vn 0.4177529590059746 -0.9075322902543623 -0.0432158233454457
vn 0.6818945094744024 -0.7310345085758182 0.024666276978418906
vn 0.7218826807975905 -0.691198331031662 -0.03361937452614268
vn 0.7299054229445345 -0.6833760466982077 0.015337938430224895
vn 0.6438774228298418 -0.7545145547908317 0.12700256288277945
vn 0.7936096719671433 -0.5956861013236814 0.12386184743493903
vn 0.8103987608438319 -0.5845823175574851 0.0389533364668745
vn 0.855231066294906 -0.5161807268008906 0.0462307313740826
vn 0.9085776616648746 -0.40794791916857825 -0.08980605753297409
vn 0.9032705877589073 -0.32733520526632426 -0.2774056752896947
vn -0.5621534134750213 0.04701930121949405 -0.825695297934542
vn -0.5013485847882346 0.014203999778892184 -0.8651288013475887
vn -0.5000364376199927 -0.13749243819227724 -0.8550201111624509
vn -0.2929206905744541 0.23653221010610284 -0.9264178229156149
vn -0.29986259814926786 0.17426441154739966 -0.9379308807685188
vn -0.19950568654628634 0.3098705344229659 -0.9296116032688708
vn -0.21950229892048673 0.11268402124609664 -0.9690825827164735
vn -0.051303782139067035 -0.35342605473574534 -0.9340545732301477
vn -0.07322170745353158 -0.31156583681751965 -0.9473992352149057
vn -0.25981137941629645 -0.3101969635511202 -0.914481214093251
vn -0.2841615276564724 -0.2688014450804613 -0.9203249476802179
vn -0.41151721678752884 -0.29213840154021586 -0.8633126517276194
vn -0.44796721221341496 -0.2685905107127276 -0.852751144435947
vn -0.4555387920374896 -0.2755622182457615 -0.8464926891736869
vn -0.5641908837190991 -0.2537211436841864 -0.7856934694751194
vn -0.562877334881169 -0.33912485393462194 -0.7537661701886691
vn -0.6119611576268833 -0.3839415637630703 -0.6914422732022777
vn -0.5781064004575556 -0.44244966388811297 -0.6855882763549159
vn -0.5769524912009497 -0.3221428097323298 -0.7505663415280345
vn -0.4682887676210004 -0.40907984297921324 -0.7831725941247606
vn -0.526785130569124 -0.1498982078855332 -0.8366767317691919
vn -0.3156371024428224 -0.22659550739573964 -0.9214269887460246
vn -0.4125997312195569 0.02619233788629539 -0.9105357891009005
vn -0.15999216440900113 -0.0042533704239589775 -0.9871091206993073
vn 0.21950229892048628 0.11268402124609664 -0.9690825827164735
vn 0.199505686546286 0.30987053442296597 -0.929611603268871
vn 0.2998625981492674 0.17426441154739966 -0.937930880768519
vn 0.29292069057445363 0.23653221010610279 -0.9264178229156149
vn 0.5000364376199923 -0.13749243819227724 -0.8550201111624511
vn 0.5013485847882342 0.014203999778892272 -0.865128801347589
vn 0.562153413475021 0.04701930121949406 -0.8256952979345424
vn 0.5642919833910949 0.027382719095759275 -0.8251210481956374
vn 0.7269377040889198 0.11400409939658762 -0.6771740099078695
vn 0.7792407994255901 -0.23811937834237007 -0.5797266064003018
vn 0.8024725047153466 -0.22046565573426044 -0.5544662061997473
vn 0.5362385789398979 -0.8342693407163088 0.12822969077906415
vn 0.697061229195363 -0.6781068323659188 0.23297374669972884
vn 0.8302809249167922 -0.555296472488795 0.04774320224720148
vn 0.8781383573745138 -0.4762325452689742 0.04555862305014459
vn 0.8778311732109408 -0.4754294341659453 0.058131613324874744
vn 0.9269882844496727 -0.3730702253236799 0.038875795425836884
vn 0.9422449454741023 -0.3347541489272296 -0.010682813511066041
vn 0.9474573673124467 -0.31407774438391545 -0.06066059353550515
vn 0.9643323549063879 -0.12494579938968457 -0.23334878721684638
vn 0.9998058889659982 -0.0008712202356648326 -0.019683123842803626
vn 0.9996737739437994 0.003807204041038036 -0.02525570997520192
vn 0.95329353436513 0.07009700311121117 0.29379899164644124
vn 0.07730676688807511 0.9296842399699703 0.3601539639442716
vn 0.28111239232179813 0.8973557515383328 0.3401888858622365
vn 0.2733827883974935 0.7757595256371026 0.56873456848631
vn 0.3022693521376664 0.7579092054022762 0.5781062835887235
vn 0.29705642317497105 0.5385411963251896 0.788499119410495
vn 0.5404532980194084 0.45885440890473495 0.7052395792130719
vn 0.5942892671873851 0.4028025436202348 0.6961108947279518
vn 0.8473008394630701 0.24132678893843879 0.47312014159813487
vn 0.8323842100924488 -0.027624783974888798 0.553510070458624
vn 0.9587282901449778 -0.12165023405968839 0.25698499222505233
vn 0.9580116030549826 -0.11236987539159372 0.26379306191880847
vn 0.9835684558550649 -0.14754699707437088 0.10403353450315359
vn 0.9601158671594406 -0.2514771500838702 0.12221605710531719
vn 0.9624812075470818 -0.2372291042341122 0.1317280426598378
vn 0.9350549633576468 -0.3202254322745878 0.1520785587279915
vn 0.9512500958888207 -0.30523906131943257 0.04418563699146044
vn 0.952036222296249 -0.3023902714328484 0.04676703089416486
vn 0.8979515215448761 -0.36784533998084334 0.24160478225734602
vn 0.7450754741041778 -0.5711851873671967 0.34439805403157425
vn 0.6846053877666061 -0.6574608448103223 0.3147390992270145
vn 0.28257963499355027 -0.8772242488217806 0.3881061287405479
vn 0.8047259861435798 -0.2386987736676704 -0.5435429906408449
vn 0.7933553753026594 -0.24249655699851785 -0.558375024801648
vn 0.663104602211135 0.12440423967692157 -0.7381164350404479
vn 0.732998805052882 0.17083173764978551 -0.6584293957613087
vn 0.7733817883337757 0.04749430709155958 -0.6321589201043861
vn 0.4891520896357811 -0.1627759691711438 -0.8568746799067785
vn 0.4688641942700434 0.10312262337317032 -0.8772297828278166
vn 0.5896327532317592 -0.07703136516228958 -0.8039896672828385
vn 0.589663487300857 -0.1136613474600809 -0.7996111991697907
vn 0.3828078156909793 0.17999402988283042 -0.9061237914614316
vn 0.41259973121955645 0.02619233788629539 -0.9105357891009007
vn 0.15999216440900074 -0.004253370423958975 -0.9871091206993076
vn -0.1695282804723898 -0.16988518211549894 -0.9707724692314149
vn 0.16952828047238938 -0.16988518211549897 -0.9707724692314151
vn -0.04307419484415227 -0.29194732061032397 -0.9554639583610576
vn -0.04253727325386626 -0.2930345490821483 -0.9551551357912221
vn -0.25201367871584096 -0.2891826329510939 -0.9235055552294106
vn -0.2595217400430238 -0.2751170372104623 -0.9257208446835247
vn -0.3888986073633992 -0.2811562491228475 -0.8773306313870387
vn -0.4406961776684399 -0.22916201238759332 -0.8679122369611433
vn -0.423067819260566 -0.21999526601549876 -0.8789856103696345
vn -0.5857763162608381 -0.1315708522851467 -0.7997219630201754
vn -0.6094722601204374 -0.30186126090871024 -0.7330916336354477
vn -0.632306918341224 -0.3203688386262278 -0.7053734955717479
vn -0.45794413653220806 -0.5329745317832422 -0.7114951273805072
vn -0.485187730933039 -0.34361737318206154 -0.8040646532459369
vn -0.3743429844185806 -0.40313859860467827 -0.8350728113952977
vn -0.4180600505380268 -0.27956162888736286 -0.8643327425233799
vn -0.2505457963495749 -0.328619557251697 -0.9106239567040043
vn -0.31257495666337415 -0.19619066428870727 -0.9294117062490904
vn -0.14137523537551147 -0.22153645131007485 -0.9648495445215579
vn 0.9055086245296672 -0.41832647251394867 0.07111324276410984
vn 0.9160264636383679 -0.23106523344897353 -0.32787859918780515
vn 0.9147588536790263 -0.1533755823981055 -0.37375415762219405
vn 0.7310740925636907 -0.19748883245671206 -0.6530917487130432
vn 0.418541591232107 -0.004969959522688012 -0.9081840319622663
vn 0.6623570882502796 0.10272231695064078 -0.7421126688346611
vn 0.7861665272966336 -0.12508163876714248 -0.6052245657618978
vn 0.7519315103686021 -0.16352723301414254 -0.6386374932444316
vn 0.7014491151912978 0.045463049076633656 -0.7112680577433524
vn 0.5360103427531624 0.1698650162181358 -0.8269454569237622
vn 0.676787765038782 -0.22800549093652778 -0.6999798691366798
vn 0.5241360099023137 -0.1439087850879679 -0.8393876962990265
vn 0.5267851305691237 -0.14989820788553324 -0.8366767317691923
vn 0.3156371024428219 -0.2265955073957396 -0.9214269887460247
vn 0.3125749566633737 -0.19619066428870727 -0.9294117062490906
vn 0.14137523537551103 -0.22153645131007482 -0.9648495445215579
vn -0.4280874975454171 -0.21122738365730798 -0.8787059160143347
vn -0.37048155693201046 -0.26859912877569364 -0.8891557366368235
vn -0.39326879603821174 -0.26895969384220086 -0.879204377349752
vn -0.33985202653255736 -0.33282805778070346 -0.8796170098489675
vn -0.2534533435611943 -0.34233667537671486 -0.9047469277812824
vn -0.234116622121393 -0.3753069542315307 -0.8968467524342834
vn -0.05743452448718922 -0.38927844374645026 -0.9193277808438471
vn -0.08878510970627061 -0.3365304594979206 -0.9374777086014173
vn 0.42808749754541675 -0.211227383657308 -0.8787059160143349
vn 0.37048155693201 -0.26859912877569364 -0.8891557366368235
vn 0.3932687960382113 -0.26895969384220086 -0.8792043773497521
vn 0.33985202653255686 -0.33282805778070346 -0.8796170098489678
vn 0.2534533435611939 -0.34233667537671486 -0.9047469277812826
vn 0.2341166221213926 -0.3753069542315307 -0.8968467524342834
vn 0.05743452448718882 -0.3892784437464502 -0.9193277808438471
vn 0.08878510970627024 -0.3365304594979206 -0.9374777086014175
vn -0.6873347404121513 0.09295080347635308 -0.7203687269417387
vn 0.6873347404121509 0.09295080347635307 -0.7203687269417388
vn -2.220446049250313e-16 0 -1
vn -0.09745799653057859 -0.8246445860279217 -0.5571922878567895
vn -0.32183731839216895 0.528942272925639 -0.7852648040007886
vn -0.6383860733162513 -0.20753855545558483 -0.7412091266270722
vn -0.6245466282427277 0.53265334428833 -0.5711584053212365
vn 0.6245466282427274 0.53265334428833 -0.5711584053212367
vn 0.6383860733162511 -0.20753855545558483 -0.7412091266270724
vn 0.32183731839216856 0.5289422729256389 -0.7852648040007886
vn 0.09745799653057839 -0.8246445860279219 -0.5571922878567896
vn -2.220446049250313e-16 0 -1
vn -0.43521572810998826 -0.20076459090859114 -0.8776564527438964
vn -0.4422763843323607 -0.1784820941848849 -0.8789401241934924
vn -0.41803793327235894 -0.07598657969130912 -0.905246003057838
vn -0.37496653890517573 -0.19169191548434894 -0.9070029240522959
vn -0.3569159362264424 -0.08828445603354577 -0.9299553049961397
vn -0.32862866764812493 -0.1391827490937195 -0.9341473979809253
vn 0.3286286676481245 -0.1391827490937195 -0.9341473979809255
vn 0.356915936226442 -0.08828445603354577 -0.9299553049961399
vn 0.3749665389051753 -0.19169191548434894 -0.9070029240522961
vn 0.4180379332723585 -0.0759865796913091 -0.9052460030578382
vn 0.4422763843323603 -0.1784820941848849 -0.8789401241934927
vn 0.43521572810998777 -0.2007645909085911 -0.8776564527438964
vn 0.22674684473405027 0.3549081048011401 -0.9069873789362318
vn 0.6672307658644805 0.27142324190984024 -0.6936371737695805
vn 0.6658175097677492 0.31736572978263206 -0.6752525729282418
vn 0.9175010434157781 0.09496671901799042 -0.38622941059675514
vn 0.9214258238246592 0.2612159262536162 -0.28764681653116453
vn 0.9920526708603522 0.10904447800194501 -0.06277579195936098
vn 0.9919103048984568 0.07628964020661361 -0.10145855229302268
vn 0.9854820586174488 0.07782056387700183 -0.15089424104643925
vn 0.9889107821256741 0.12161336267854077 -0.08523881166232547
vn 0.9949538152033292 0.0996006095414378 -0.01210884764598146
vn 0.981924757342866 0.018148582911635475 -0.18839957498745388
vn 0.9980939603179789 -0.01059838797738472 -0.06079572804937562
vn 0.9994464196102448 0.017887064935875628 0.028051866894068456
vn 0.999607672052037 0.024321410325112723 0.01389139929973459
vn 0.9702771964271325 0.09471136058773384 0.22269243424311544
vn -0.46386673287249636 -0.18008180627683656 -0.8674088984915178
vn -0.4602569372397451 -0.18616705019581029 -0.8680468772733879
vn -0.44672915916387423 -0.02536686155313246 -0.8943095552926191
vn -0.4609413933305516 -0.0034011209604984027 -0.8874240611402768
vn 0.3417583000082901 -0.2717128456441825 -0.8996518181426547
vn 0.009217828963050276 -0.10834991939023231 -0.9940700813309584
vn 0.3481270414449335 0.07477795273542008 -0.9344601761442256
vn 0.6893464774683943 -0.05003321207431903 -0.7227019521846076
vn 0.35675101554025807 -0.3513976913363263 -0.8655913443620462
vn 0.46836736200674567 -0.34172329241150645 -0.8147743280383116
vn 0.463866732872496 -0.18008180627683654 -0.867408898491518
vn 0.46025693723974476 -0.18616705019581029 -0.8680468772733881
vn 0.4467291591638738 -0.025366861553132496 -0.8943095552926194
vn 0.4609413933305513 -0.003401120960498433 -0.887424061140277
vn -0.1634977292698729 0.1632413358141427 -0.9729443760078014
vn -0.1871777752454281 0.1609206796203555 -0.9690557338588401
vn -0.40223428549229545 0.15518095446853114 -0.902289560476424
vn -0.4507750903328813 0.14879227948055376 -0.8801492347905345
vn -0.5520307193186667 0.1451877793547976 -0.8210862279045594
vn -0.605895276963038 0.13693103932731385 -0.783671362129959
vn -0.6368657338204955 0.13623198628844055 -0.7588431214666099
vn -0.6836358302049137 0.12870869390771075 -0.7183843844158987
vn -0.7045393864381154 0.12906687919622647 -0.6978294875196595
vn -0.748679357941468 0.12213959818413711 -0.6515835614468561
vn -0.9657872942325428 0.1335983732756258 -0.22227545288918085
vn -0.9720652260533978 0.13031888842825232 -0.1952080521304929
vn -0.9854464518336463 0.13373584898970187 -0.10492861031901954
vn -0.9880052750347876 0.13143385790428327 -0.08105996237249503
vn -0.9381597357499756 0.15721610776623893 0.3084467631154049
vn -0.679185875387145 0.0981589379266901 0.7273729233204257
vn -0.78284301653523 0.08147131266489861 0.6168624130830795
vn -0.8822992583009529 0.07309161445445261 0.46497917662840554
vn -0.11439255761319976 0.16767964278557432 0.9791822507368141
vn -0.45937269165180394 0.18724380840538454 0.8682836439657402
vn 0.16575402792537036 0.16346258688463713 0.9725253646643351
vn 0.17697747359180838 0.16120731090695203 0.9709228479911316
vn 0.17048775977753908 0.16160856801964468 0.9720167665779619
vn 0.1770910988014984 0.16056589561653462 0.9710084118534391
vn 0.16349772926987258 0.1632413358141427 -0.9729443760078014
vn 0.18717777524542745 0.1609206796203555 -0.9690557338588401
vn 0.40223428549229506 0.15518095446853117 -0.9022895604764242
vn 0.45077509033288105 0.14879227948055376 -0.8801492347905349
vn 0.5520307193186663 0.1451877793547976 -0.8210862279045597
vn 0.6058952769630378 0.13693103932731385 -0.7836713621299592
vn 0.6368657338204953 0.13623198628844055 -0.7588431214666103
vn 0.6836358302049135 0.12870869390771073 -0.7183843844158988
vn 0.7045393864381152 0.12906687919622647 -0.6978294875196597
vn 0.7486793579414678 0.1221395981841371 -0.6515835614468564
vn 0.9657872942325426 0.1335983732756258 -0.22227545288918135
vn 0.9720652260533978 0.13031888842825232 -0.19520805213049325
vn 0.9854464518336463 0.1337358489897019 -0.10492861031902002
vn 0.9880052750347876 0.13143385790428327 -0.08105996237249548
vn 0.9381597357499756 0.15721610776623893 0.3084467631154045
vn 0.6791858753871453 0.0981589379266901 0.7273729233204254
vn 0.7828430165352305 0.08147131266489861 0.6168624130830792
vn 0.8822992583009532 0.07309161445445261 0.46497917662840504
vn 0.11439255761320011 0.16767964278557432 0.9791822507368141
vn 0.4593726916518044 0.1872438084053846 0.8682836439657402
vn -0.16575402792536986 0.1634625868846372 0.9725253646643354
vn -0.17697747359180796 0.16120731090695203 0.9709228479911318
vn -0.17048775977753874 0.16160856801964474 0.9720167665779621
vn -0.17709109880149804 0.16056589561653464 0.9710084118534393
vn -0.2810466967996616 -0.04141594989802746 -0.9588000173717371
vn 0.33295372264860323 0.04499374630386523 -0.9418690892942504
vn 0.4223909290175433 -0.0216610732829491 -0.9061548990034363
vn 0.21214800509441972 -0.1349333140020238 -0.9678771743908879
vn 0.28104669679966116 -0.04141594989802747 -0.9588000173717371
vn -0.458379505280439 -0.1383634517263114 -0.8779201469184089
vn -0.4168008677763178 -0.3862467091172793 -0.8228551004380906
vn -0.6724397841201875 -0.061939422722453584 -0.7375555874950748
vn -0.3049361193126178 -0.15101598289767795 -0.9403234209823818
vn -0.29953507440909216 -0.14834117970736047 -0.9424826967121298
vn 0.29953507440909166 -0.14834117970736044 -0.9424826967121298
vn -0.9710681495868665 0.08770428364860883 -0.22211395158256814
vn -0.8606058006357246 0.04954505404423082 -0.5068559396237733
vn -0.8603163845028462 0.015432782523827345 -0.5095267880882449
vn -0.8810879952480993 0.00629348568034431 -0.472910495408673
vn -0.8407482515307039 -0.15648635104814845 -0.5183188203062861
vn -0.7620112781672446 0.007632834171961 -0.6475187655878598
vn -0.6412628981497257 -0.008400823993225174 -0.7672752580481462
vn -0.62378392207001 0.013058278561851077 -0.7814877477785284
vn 0.5809704612330068 -0.32588945108811734 -0.7458346927062276
vn 0.7279580272491988 -0.2966639320670404 -0.618116188086008
vn 0.5809132200398074 -0.5934092546786681 -0.5571402760927361
vn 0.6304440212469943 -0.5715762696542993 -0.5252055826454962
vn 0.7236444363336292 -0.14971953855178452 -0.6737379234830297
vn 0.8640328284765468 -0.04180804008757521 -0.501696481050898
vn 0.8246436782829143 -0.14360782004286093 -0.547119363476164
vn 0.55989710937997 -0.24945708199349456 -0.7901179602763407
vn 0.6304403357242842 -0.16035590420861764 -0.7594938887688885
vn 0.7832315187624251 -0.08413377397958159 -0.6160112791930499
vn 0.6736191122248864 -0.32734010673907876 -0.6626354549564977
vn 0.9212712630353094 -0.11077613642674933 -0.3728108199927787
vn 0.9012051565553572 -0.22008639072409455 -0.3733513712524377
vn 0.984493259394145 -0.05627124191181777 -0.16615224807746165
vn 0.9829494889764425 -0.12072775278970946 -0.13869070562693603
vn 0.9959643322967422 -0.052873958562334546 -0.07252167468180229
vn 0.9959556225640219 -0.051987107961304305 -0.07327849949972481
vn 0.9991254571144211 0.010178250333077338 -0.040555199001564755
vn 0.9998285763251313 0 -0.01851534400602174
vn 0.9430497892155096 0.3137845521670492 -0.11043708562755178
vn 0.9694384454101475 0.09702272480508257 -0.22533462102427548
vn 0.8605174863431734 0.058298417490805436 -0.50607405605869
vn 0.860316384502846 0.015432782523827293 -0.5095267880882454
vn 0.8810879952480991 0.00629348568034431 -0.4729104954086735
vn 0.8407482515307036 -0.1564863510481485 -0.5183188203062865
vn 0.7620112781672443 0.007632834171960973 -0.6475187655878603
vn 0.6412628981497253 -0.008400823993225181 -0.7672752580481466
vn 0.6237839220700097 0.013058278561851069 -0.7814877477785288
vn 0.7441124053275162 -0.5829634944424208 -0.3262672100980729
vn 0.5058975239350259 -0.8382775972478015 -0.20336756188945812
vn -0.03926893969890017 -0.36327482169374975 -0.9308540993616016
vn -0.0013898230672249451 -0.27927302428248724 -0.9602107301524782
vn -0.29505719680345344 0.16199067224291488 -0.9416476372405852
vn -0.2774985203627355 0.2364141547247997 -0.9311836116697132
vn -0.5126290642448695 0.7897744557885783 -0.33684974614104224
vn -0.5492966733442168 0.7245400444580946 -0.41631104793127854
vn -0.7441124053275164 -0.5829634944424207 -0.3262672100980726
vn -0.505897523935026 -0.8382775972478015 -0.2033675618894579
vn 0.03926893969889976 -0.3632748216937498 -0.9308540993616018
vn 0.0013898230672245188 -0.27927302428248724 -0.9602107301524782
vn 0.295057196803453 0.16199067224291488 -0.9416476372405854
vn 0.277498520362735 0.23641415472479965 -0.9311836116697132
vn 0.5126290642448693 0.7897744557885783 -0.33684974614104246
vn 0.5489008080341129 0.7253629327585805 -0.41539922811600055
vn 0.9527319085819885 -0.06383326477795172 0.2970306796906833
vn 0.9566788756516107 -0.05981665762478969 0.2849341965306534
vn 0.9488399655721218 -0.10980152697047597 0.29605125300874274
vn 0.9556582226773729 -0.10647199604737641 0.27455614268635914
vn 0.945342113822266 -0.15584825183020526 0.28642557538655483
vn 0.9684112303859874 -0.14529362529883968 0.2026559925336983
vn 0.7936423896946226 -0.5239760088575695 0.3091616072889731
vn 0.7936085140964553 -0.5240043883162467 0.3092004647133192
vn 0.44128930529892124 -0.8155573668033435 0.37433932532074715
vn 0.7852412259383277 -0.613183679660412 0.08603483065008899
vn -0.9527319085819885 -0.06383326477795173 0.2970306796906838
vn -0.9566788756516105 -0.059816657624789694 0.2849341965306539
vn -0.9488399655721216 -0.10980152697047597 0.29605125300874324
vn -0.9556582226773727 -0.10647199604737642 0.27455614268635964
vn -0.9453421138222659 -0.1558482518302053 0.28642557538655533
vn -0.9684112303859874 -0.14529362529883966 0.2026559925336987
vn -0.7936423896946224 -0.5239760088575695 0.3091616072889734
vn -0.793608514096455 -0.5240043883162468 0.3092004647133195
vn -0.441289305298921 -0.8155573668033435 0.3743393253207474
vn -0.7852412259383277 -0.613183679660412 0.08603483065008939
vn -0.2271734534476674 0.2849831839413313 -0.9312232852110829
vn -0.04546039261397342 0.24813992309641508 -0.9676569284974343
vn -0.047151662492717246 0.24599569169124452 -0.9681233601114679
vn 0.045861123675148975 0.24021732425763861 -0.969635186274587
vn 0.048089870788132635 0.24335925058071212 -0.9687433300334899
vn 0.4046152077658978 0.2677375630195488 -0.8744158798837728
vn 0.32861168700036814 0.7333162833866599 -0.5951987799775368
vn 0.9383742713434324 0.33063626891170855 -0.10066471358339356
vn 0.9145757286345155 0.4000569608076604 -0.059208653945038006
vn 0.9200487878090436 0.3907588061255614 -0.02859691393202629
vn 0.9173472752608309 0.3972931496356002 -0.02514219211114788
vn 0.9185057099234416 0.395282889679689 -0.009934684922499113
vn 0.9227721775373116 0.38503651622994256 -0.015439868281739613
vn 0.9190440396286916 0.3853681926671101 0.08276115818100321
vn 0.9723776857666517 0.23336203608589381 0.004878148925250922
vn 0.061014847435142044 0.3426533521820943 0.9374784630223993
vn 0.6723676513016831 0.6512419852338923 0.3518602253049884
vn -0.6723676513016829 0.6512419852338923 0.3518602253049887
vn -0.061014847435141635 0.3426533521820945 0.9374784630223993
vn -0.9723776857666517 0.23336203608589381 0.0048781489252513535
vn -0.9190440396286916 0.3853681926671101 0.08276115818100364
vn -0.9227721775373116 0.38503651622994256 -0.015439868281739204
vn -0.9185057099234417 0.395282889679689 -0.009934684922498703
vn -0.9173472752608309 0.3972931496356002 -0.02514219211114747
vn -0.9200487878090436 0.3907588061255614 -0.02859691393202588
vn -0.9145757286345155 0.4000569608076604 -0.059208653945037604
vn -0.9383742713434324 0.3306362689117085 -0.10066471358339313
vn -0.32861168700036836 0.7333162833866599 -0.5951987799775366
vn -0.40461520776589815 0.2677375630195488 -0.8744158798837726
vn -0.048089870788133066 0.24335925058071212 -0.9687433300334899
vn -0.045861123675149405 0.2402173242576386 -0.969635186274587
vn 0.047151662492716816 0.24599569169124452 -0.9681233601114679
vn 0.04546039261397299 0.24813992309641514 -0.9676569284974343
vn 0.22717345344766707 0.2849831839413314 -0.9312232852110831
vn 0.06110385324883003 0.5054531037763842 0.8606877941512621
vn 0.3090951896311705 0.43648363252964045 0.8449510058462565
vn 0.2863976359538352 0.3054815879276992 0.9081064880052481
vn 0.9894494631946201 0.10524222712270494 0.09956823496543198
vn 0.9972063423722661 -0.04177749941828078 0.061920523858269
vn 0.9977066414584191 -0.06707770645540966 -0.009057532028290181
vn 0.9998560913077782 -0.01644865139690103 0.004151932315851703
vn 0.9994903610521793 -0.010645215100042769 -0.030094809506929734
vn 0.9989896438089702 0.04258663752050985 -0.01435513382466352
vn 0.9883346987563574 0.10880055486149089 -0.10656905036647467
vn 0.9628835032351531 0.26583991857667727 -0.04673860169864522
vn 0.18696299510504855 0.5443502259086435 -0.8177577086243568
vn -0.06110385324882971 0.5054531037763844 0.8606877941512622
vn -0.3090951896311701 0.43648363252964045 0.8449510058462567
vn -0.2863976359538348 0.3054815879276992 0.9081064880052483
vn -0.9894494631946199 0.10524222712270491 0.09956823496543239
vn -0.997206342372266 -0.04177749941828079 0.06192052385826945
vn -0.9977066414584191 -0.06707770645540966 -0.009057532028289735
vn -0.9998560913077782 -0.016448651396901024 0.004151932315852146
vn -0.9994903610521793 -0.010645215100042769 -0.030094809506929283
vn -0.9989896438089702 0.04258663752050985 -0.01435513382466308
vn -0.9883346987563574 0.10880055486149089 -0.10656905036647421
vn -0.9628835032351531 0.2658399185766773 -0.04673860169864479
vn -0.1869629951050489 0.5443502259086435 -0.8177577086243567
vn -0.9899849858320752 0.12779255263718967 0.059989926800565835
vn -0.15971963892615657 0.31066234604727305 0.9370050926700999
vn -0.2404910655573828 0.17661062626870316 0.9544489164308645
vn -0.042671532723561514 0.14635911336143712 0.9883107559017438
vn 0.9899849858320752 0.1277925526371897 0.0599899268005654
vn 0.15971963892615695 0.31066234604727305 0.9370050926700999
vn 0.24049106555738317 0.17661062626870316 0.9544489164308643
vn 0.042671532723561965 0.14635911336143712 0.9883107559017438
vn -0.03208539447820961 0.13342729332342268 0.9905390880008539
vn 0.04234316585418966 0.12948662324462 0.9906766731412173
vn 0.03235270504846303 0.14132828586703375 0.9894339887480789
vn 0.17106639440347576 0.14927529932078568 0.9738856060741861
vn 0.032085394478210044 0.13342729332342268 0.9905390880008539
vn -0.04234316585418922 0.12948662324462004 0.9906766731412175
vn -0.03235270504846258 0.14132828586703375 0.9894339887480789
vn -0.17106639440347532 0.14927529932078565 0.9738856060741861
vn -0.1619994535781099 -0.9867705043217214 -0.00633631131253545
vn -0.15230598287637262 -0.9883333888825483 3.381872179550274e-17
vn 0 -1 0
vn 0 -1 0
vn 0 -1 0
vn 3.5364589538914834e-17 -0.9872353920822828 0.1592679522695674
vn 0.005879174939321542 -0.9867444289436065 0.16217542122895562
vn -0.005879174939321469 -0.9867444289436065 0.16217542122895562
vn 3.5364589538914834e-17 -0.9872353920822828 0.1592679522695674
vn 0 -1 0
vn 0 -1 0
vn 0 -1 0
vn 0.15230598287637265 -0.9883333888825483 -3.381872179550275e-17
vn 0.1619994535781099 -0.9867705043217214 -0.006336311312535521
vn -0.9984540900498673 0.04433073151675097 -0.03352933500505508
vn -0.9957134853615155 0.06648468120978239 -0.06429962856546599
vn -0.940648786355335 0.3193584319546226 -0.11484795456480833
vn -0.34838067218330826 0.5533541181678848 -0.7565911228369977
vn -0.29570136557922905 0.7611638676218728 -0.5772263585643778
vn -0.04433935920324036 0.7858735915433036 -0.6167955247407969
vn -0.04883858939525136 0.7839847400355094 -0.6188559764414794
vn 0.04559460766395836 0.7749693752925151 -0.6303519644696117
vn 0.053112533320114556 0.7770724567454712 -0.6271662106426633
vn 0.4315158087709473 0.6502775797280497 -0.6252464922602806
vn 0.4641309260773367 0.8818044046373451 -0.08368676968775603
vn -0.4641309260773367 0.8818044046373451 -0.08368676968775583
vn -0.43151580877094764 0.6502775797280498 -0.6252464922602804
vn -0.053112533320114834 0.7770724567454712 -0.6271662106426633
vn -0.04559460766395865 0.7749693752925152 -0.6303519644696118
vn 0.048838589395251084 0.7839847400355094 -0.6188559764414794
vn 0.04433935920324008 0.7858735915433036 -0.6167955247407969
vn 0.29570136557922877 0.7611638676218726 -0.5772263585643779
vn 0.3483806721833079 0.5533541181678847 -0.7565911228369979
vn 0.940648786355335 0.3193584319546226 -0.11484795456480874
vn 0.9957134853615155 0.06648468120978239 -0.06429962856546644
vn 0.9984540900498673 0.04433073151675097 -0.033529335005055526
vn -0.004720140499707206 -0.9949287338748652 -0.10047156206519621
vn -2.2300607703027592e-17 -0.9949438229343932 -0.10043300854149068
vn 0.004821276489257703 -0.994779320698091 -0.10193556005859233
vn 0 -1 0
vn -2.2300607703027592e-17 -0.9949438229343932 -0.10043300854149068
vn -0.0048212764892577465 -0.994779320698091 -0.10193556005859233
vn 0.0047201404997071605 -0.9949287338748652 -0.10047156206519622
vn -0.0381371319994551 -0.9872074750882809 0.15481266192620502
vn -0.15107247280999958 -0.9854869011089309 0.0774123743453753
vn -0.16493930434034074 -0.9863037188836534 3.662388266886046e-17
vn -0.15198446904186907 -0.988352511890107 0.00774812303576197
vn 0.03813713199945517 -0.9872074750882809 0.15481266192620502
vn 0.15107247280999964 -0.9854869011089307 0.07741237434537523
vn 0.16493930434034076 -0.9863037188836534 -3.6623882668860467e-17
vn 0.15198446904186905 -0.988352511890107 0.007748123035761912
vn -0.28372950516699197 0.415183681847448 0.8643610809293135
vn -0.9100794222907743 0.39969482815906504 0.10954218121703788
vn -0.9898763011298646 -0.04290441159120275 0.1352927194178253
vn -0.9959604903208658 -0.08961410877064312 0.005658023423813374
vn 0.28372950516699225 0.415183681847448 0.8643610809293133
vn 0.9100794222907743 0.39969482815906504 0.10954218121703746
vn 0.9898763011298648 -0.04290441159120276 0.1352927194178249
vn 0.9959604903208658 -0.08961410877064313 0.005658023423812931
vn -0.9108252292152434 0.07951344232711731 -0.40506174136085904
vn -0.9137133612263673 -0.023420167464497006 -0.4056838538472401
vn -0.9115411568062081 -0.03124707983154331 -0.4100199256748401
vn -0.9037069136841018 0.13167889251723852 -0.407399660560719
vn -0.8622911881137127 0.07102122634848247 -0.5014079100985537
vn -0.866955668174281 0.05997163256533864 -0.4947638554986958
vn -0.8926579434607379 0.08250852094434029 -0.4431186522231076
vn 0.8926579434607379 0.0825085209443403 -0.44311865222310814
vn 0.8669556681742806 0.05997163256533864 -0.4947638554986961
vn 0.8622911881137125 0.07102122634848247 -0.5014079100985541
vn 0.9037069136841016 0.13167889251723855 -0.4073996605607195
vn 0.9115411568062078 -0.03124707983154331 -0.4100199256748405
vn 0.9137133612263673 -0.02342016746449701 -0.40568385384724065
vn 0.9108252292152432 0.07951344232711731 -0.4050617413608595
vn 0.9527299121053737 -0.11003751342403073 0.28319156099563325
vn 0.9387366319491042 -0.18085741673228586 0.2933668874460379
vn 0.9532383124536378 -0.16195688214428605 0.2551601222696114
vn 0.9342015283357886 -0.2512736009026683 0.25323720489786533
vn 0.930206741457597 -0.26235376598811616 0.25668252690569404
vn 0.9479998560781825 -0.1817785103898098 0.26125245651707696
vn 0.9561129930273544 -0.15455915445534854 0.24891647663086125
vn 0.9646203837856657 -0.081001531310003 0.25089094664939493
vn 0.9308854413579439 -0.1189568605211426 0.34540057962137183
vn 0.9472351450684025 -0.03703245472470596 0.31839311745749993
vn 0.8944459485582742 -0.05940804048518087 0.4432122852915975
vn -0.894445948558274 -0.05940804048518087 0.44321228529159795
vn -0.9472351450684022 -0.03703245472470596 0.3183931174575004
vn -0.9308854413579437 -0.1189568605211426 0.3454005796213723
vn -0.9646203837856657 -0.081001531310003 0.25089094664939543
vn -0.9561129930273542 -0.1545591544553485 0.24891647663086164
vn -0.9479998560781824 -0.18177851038980986 0.26125245651707746
vn -0.9302067414575967 -0.26235376598811616 0.2566825269056945
vn -0.9342015283357886 -0.2512736009026683 0.2532372048978658
vn -0.9532383124536375 -0.16195688214428605 0.2551601222696118
vn -0.9387366319491042 -0.1808574167322859 0.2933668874460384
vn -0.9527299121053735 -0.11003751342403073 0.2831915609956337
vn 0.720512030435905 -0.032053528295426056 0.6927012237039458
vn 0.7201772166944619 -0.043863011806711656 0.6924022044660622
vn 0.715990785231073 -0.04994663232483793 0.6963207087137357
vn 0.708491492256709 -0.15258109959159696 0.6890274402716344
vn 0.5446328859650594 -0.3498448037174731 0.7622228236134455
vn 0.5962389257845254 -0.1209083392559445 0.793649996457938
vn 0.7025565905734393 -0.09764616826975012 0.7048967746160145
vn 0.7027767253613543 -0.09710732529921848 0.7047517588935862
vn 0.5703514685461747 -0.1278943277596786 0.8113829202381093
vn 0.15554626796044063 -0.4764973701605044 0.8653066593720992
vn -0.7205120304359047 -0.032053528295426056 0.692701223703946
vn -0.7201772166944617 -0.04386301180671165 0.6924022044660623
vn -0.7159907852310727 -0.0499466323248379 0.6963207087137357
vn -0.7084914922567088 -0.15258109959159696 0.6890274402716347
vn -0.544632885965059 -0.34984480371747323 0.7622228236134457
vn -0.5962389257845249 -0.12090833925594449 0.7936499964579382
vn -0.7025565905734392 -0.09764616826975012 0.7048967746160146
vn -0.702776725361354 -0.0971073252992185 0.7047517588935864
vn -0.5703514685461741 -0.1278943277596786 0.8113829202381095
vn -0.15554626796044027 -0.47649737016050453 0.8653066593720994
vn -0.7122602439068183 -0.11090209302989527 0.6930988895615027
vn -0.7087592858375864 0.15268664227071407 0.6887285851560754
vn -0.7143277136237135 0.14438838716071964 0.684753905576481
vn -0.7069505798756756 0.2031840678730051 0.6774489738541378
vn -0.5637634734662261 0.2518549255643058 0.7866001795412293
vn -0.5818062886766575 0.024757299320323167 0.8129505019290275
vn -0.3197130872248574 0.042664024527611547 0.9465533914514587
vn 0.31971308722485786 0.042664024527611547 0.9465533914514584
vn 0.581806288676658 0.024757299320323167 0.8129505019290273
vn 0.5637634734662265 0.2518549255643057 0.7866001795412288
vn 0.7069505798756758 0.20318406787300505 0.6774489738541376
vn 0.7143277136237137 0.14438838716071964 0.6847539055764807
vn 0.7087592858375867 0.1526866422707141 0.6887285851560753
vn 0.7122602439068185 -0.11090209302989527 0.6930988895615025
vn -0.9609397302631533 0.1777609688690554 -0.2121223061078518
vn -0.9224893361704032 0.29227941776032096 -0.25216297627839157
vn -0.8225319103608809 0.22998513885104144 -0.5201423769947483
vn -0.875183842623304 0.05341165052742626 -0.4808330658337091
vn 0.8751838426233037 0.05341165052742626 -0.48083306583370955
vn 0.8225319103608807 0.22998513885104144 -0.5201423769947487
vn 0.26875942750478765 0.1952076822219263 -0.9432191319777404
vn 0.0900571514295743 0.3282934456368885 -0.9402728981674684
vn 0.09070494164234427 0.32832633805750067 -0.9401991434262269
vn 0.9224893361704032 0.292279417760321 -0.25216297627839207
vn 0.960939730263153 0.17776096886905537 -0.21212230610785218
vn 0.20939847886187085 0.7633391357092317 -0.6111183526494831
vn 0.580690910278283 -0.06312237838315574 0.811673353059858
vn 0.5815748533955826 -0.032765466866816285 0.8128327712874932
vn 0.3187343114802985 -0.0571051784765715 0.9461223162341849
vn -0.31873431148029807 -0.0571051784765715 0.9461223162341851
vn -0.5815748533955821 -0.032765466866816285 0.8128327712874935
vn -0.5806909102782826 -0.06312237838315574 0.8116733530598582
vn -0.3602585777809259 0.04222876274522625 -0.9318961791596059
vn -0.3625672024602932 0.022284300913889905 -0.9316911685923057
vn -0.3524563809226963 0.010287915983689234 -0.9357716913497586
vn -0.34517609378446573 -0.2024513653297863 -0.9164425289977564
vn -0.3399667283287136 -0.20798979638815637 -0.917149316211861
vn -0.3464963423890914 -0.06853612079304194 -0.9355442719923112
vn -0.33157304755745687 -0.07452739860512483 -0.9404812496751933
vn -0.33229284300929895 -0.0280268548634506 -0.9427597583113423
vn -0.31843710143699644 -0.03268180798774973 -0.9473804472623741
vn 0.318437101436996 -0.03268180798774973 -0.9473804472623744
vn 0.3322928430092985 -0.0280268548634506 -0.9427597583113425
vn 0.3315730475574564 -0.07452739860512483 -0.9404812496751935
vn 0.3464963423890909 -0.06853612079304193 -0.9355442719923112
vn 0.3399667283287131 -0.20798979638815632 -0.917149316211861
vn 0.3451760937844651 -0.20245136532978628 -0.9164425289977564
vn 0.3524563809226959 0.010287915983689234 -0.9357716913497588
vn 0.3625672024602927 0.0222843009138899 -0.9316911685923058
vn 0.3602585777809254 0.042228762745226245 -0.9318961791596059
vn 0.3641777887775516 0.1304987693001154 -0.9221413174629192
vn 0.2572548813312348 -0.041766792753242875 -0.9654405528329333
vn 0.35525904601104874 -0.08464495920420302 -0.9309276239905219
vn 0.3550405593421092 -0.08631565355325765 -0.9308575665340624
vn 0.3515703691914384 -0.0815359374856975 -0.9326039708284134
vn 0.33788423203893686 -0.2938371660896585 -0.8941442644024824
vn 0.33393240042597144 -0.2895644486189183 -0.8970181614893707
vn 0.3436170473827282 -0.165134539365378 -0.9244771001255577
vn 0.32856503418224553 -0.16080475652261214 -0.9306915969280711
vn 0.3308915940227839 -0.10449885397982156 -0.9378649916283075
vn 0.31672691234105843 -0.10070858793021319 -0.9431552593905216
vn -0.31672691234105893 -0.10070858793021321 -0.9431552593905216
vn -0.3308915940227842 -0.10449885397982155 -0.9378649916283075
vn -0.32856503418224603 -0.16080475652261217 -0.9306915969280711
vn -0.34361704738272875 -0.16513453936537806 -0.9244771001255576
vn -0.3339324004259719 -0.2895644486189183 -0.8970181614893705
vn -0.33788423203893725 -0.2938371660896585 -0.8941442644024822
vn -0.35157036919143886 -0.0815359374856975 -0.9326039708284132
vn -0.35504055934210965 -0.08631565355325765 -0.9308575665340622
vn -0.3552590460110492 -0.08464495920420302 -0.9309276239905216
vn -0.2572548813312353 -0.04176679275324289 -0.9654405528329333
vn -0.3641777887775521 0.13049876930011542 -0.9221413174629192
vn -0.9176931506574241 0.16976093135485887 0.3591942474789672
vn -0.9640795283976265 0 0.2656137476197544
vn -0.4444868507317725 0.626840430519164 0.6399238346812064
vn 0.44448685073177296 0.6268404305191642 0.6399238346812063
vn 0.9640795283976265 0 0.2656137476197539
vn 0.9176931506574243 0.16976093135485887 0.3591942474789668
vn -0.8287216582460871 0.3820348069928742 0.40898633155616987
vn -0.8314805117333836 0.3758584144846119 0.4091095340721166
vn -0.30177902839390974 0.3402357177437263 0.8906004010739269
vn -0.3006748100304043 0.3433348913997224 0.8897841372831509
vn 0.30735403239319203 0.2810652685480626 0.909140150685058
vn 0.3072148340069673 0.28007872995881106 0.9094915891808626
vn 0.8775446744329232 0.20550282975027093 0.4332250354481448
vn 0.8775577035498632 0.20538584551166997 0.43325411873835296
vn 0.8767174145368786 0.2051891821256523 -0.43504479606860813
vn 0.8765260208452639 0.20591404934142604 -0.435087967042281
vn 0.3045170834926227 0.2800631271594479 -0.9104032022498701
vn 0.3065558287802529 0.27363010381233455 -0.9116743333715738
vn -0.2990657670600844 0.33564273769166375 -0.8932545099844772
vn -0.29953863139619996 0.3397810045500215 -0.8915298521352326
vn -0.8289875269671062 0.37633136724884425 -0.4137080880978483
vn -0.8275078230834414 0.38147523759165447 -0.4119556357668803
vn 0.828987526967106 0.37633136724884425 -0.41370808809784865
vn 0.29953863139619946 0.3397810045500216 -0.8915298521352327
vn 0.2990657670600839 0.3356427376916637 -0.8932545099844772
vn -0.3065558287802534 0.27363010381233477 -0.9116743333715737
vn -0.3045170834926232 0.280063127159448 -0.9104032022498701
vn -0.8765260208452641 0.20591404934142607 -0.43508796704228053
vn -0.8767174145368788 0.2051891821256523 -0.4350447960686077
vn -0.877557703549863 0.20538584551166988 0.4332541187383534
vn -0.8775446744329229 0.20550282975027093 0.4332250354481452
vn -0.30721483400696686 0.28007872995881106 0.9094915891808628
vn -0.3073540323931916 0.2810652685480626 0.9091401506850583
vn 0.3006748100304048 0.34333489139972234 0.8897841372831509
vn 0.3017790283939102 0.3402357177437263 0.8906004010739267
vn 0.8314805117333838 0.3758584144846119 0.40910953407211625
vn 0.8287216582460873 0.3820348069928742 0.40898633155616954
vn 0.8275078230834413 0.38147523759165447 -0.41195563576688077
vn 0.2622946845694119 -0.00870717645531205 0.9649485393143041
vn 0.2581096696916367 -0.007654890698448836 0.9660852969899031
vn 0.25563779175109574 -0.028346437322123528 0.9663569728209996
vn 0.27192801590999865 -0.03293983740683083 0.9617536697485813
vn 0.26422219429988725 -0.08717461398349563 0.9605140387918237
vn 0.2187435046993682 -0.04746439553416543 0.9746273186754074
vn -0.26229468456941146 -0.008707176455312049 0.9649485393143041
vn -0.2581096696916362 -0.0076548906984488345 0.9660852969899032
vn -0.2556377917510953 -0.028346437322123528 0.9663569728209999
vn -0.27192801590999827 -0.03293983740683083 0.9617536697485816
vn -0.26422219429988686 -0.08717461398349564 0.960514038791824
vn -0.21874350469936776 -0.047464395534165406 0.9746273186754073
vn -0.2572927242150982 0.03544196262338705 0.9656833442445696
vn -0.255308202291673 0.03493163256253478 0.9662284941405476
vn -0.2632575555934313 -0.03417223498775851 0.9641201780789119
vn -0.2697148256341069 -0.03249969485566461 0.9623916472348729
vn -0.2642526628328864 0.01624137192116952 0.9643167259898832
vn -0.26204972379209923 0.014677557404237832 0.9649427504101629
vn 0.2572927242150987 0.03544196262338705 0.9656833442445696
vn 0.2553082022916735 0.03493163256253479 0.9662284941405475
vn 0.2632575555934317 -0.034172234987758524 0.9641201780789119
vn 0.2697148256341074 -0.03249969485566462 0.9623916472348729
vn 0.26425266283288684 0.016241371921169524 0.9643167259898829
vn 0.2620497237920998 0.014677557404237854 0.9649427504101629
vn -0.23462976232008306 0.013286045863271269 -0.9719940100735912
vn -0.2496074503566062 0.007578136599961012 -0.968317454439476
vn -0.254504517817194 -0.03607971922762723 -0.9663983155361423
vn -0.25623069903038875 -0.036557123618925644 -0.9659241199944792
vn -0.2482319497804324 0.03303110587231773 -0.9681373069730641
vn -0.25172341887624206 0.03276972879432174 -0.9672442634950092
vn -0.25492193703201316 0.008177842340761562 -0.9669270545984823
vn -0.261339665105247 0.006503672958228426 -0.965224990186604
vn -0.2649998941455376 -0.0069353165858359565 -0.9642234997585925
vn 0.2649998941455371 -0.006935316585835955 -0.9642234997585925
vn 0.26133966510524653 0.006503672958228426 -0.9652249901866042
vn 0.25492193703201266 0.00817784234076156 -0.9669270545984823
vn 0.25172341887624156 0.03276972879432173 -0.9672442634950092
vn 0.24823194978043195 0.03303110587231773 -0.9681373069730641
vn 0.2562306990303883 -0.036557123618925644 -0.9659241199944795
vn 0.2545045178171936 -0.03607971922762723 -0.9663983155361425
vn 0.24960745035660586 0.0075781365999610115 -0.9683174544394763
vn 0.23462976232008262 0.013286045863271269 -0.9719940100735912
vn 0.2008204924973623 -0.0787550139372024 -0.9764572584465069
vn 0.2499021039132967 -0.05119503770212715 -0.9669167526599102
vn 0.2524766465037318 -0.03273104040528445 -0.9670492345088835
vn 0.24813087053471256 -0.03384657226368382 -0.9681350528896705
vn 0.2510641997623356 -0.009594643012546769 -0.9679228845435778
vn 0.2543511737512935 -0.009326151227406166 -0.967066959064688
vn 0.25241991158152743 -0.025580570959290717 -0.9672795989922307
vn -0.25241991158152793 -0.025580570959290724 -0.9672795989922307
vn -0.254351173751294 -0.009326151227406168 -0.967066959064688
vn -0.25106419976233607 -0.009594643012546769 -0.9679228845435776
vn -0.248130870534713 -0.03384657226368383 -0.9681350528896705
vn -0.25247664650373225 -0.03273104040528445 -0.9670492345088832
vn -0.2499021039132971 -0.05119503770212713 -0.96691675265991
vn -0.2008204924973627 -0.07875501393720238 -0.9764572584465067
vn -0.47233632873267684 -0.73239355253945 0.4904060325464815
vn -0.5534535847134515 -0.396024002092547 0.7327032955667886
vn -0.2928924329521618 0.013733957467630118 0.9560467567706304
vn -0.2875699548074651 0.20870962689139264 0.9347426451889783
vn -0.36065479594975264 0.04569405157188488 0.9315793964066553
vn -0.3096548042977422 0.895845462663728 0.31870803127649366
vn -0.3688875066584607 0.83619669223065 0.405828904014763
vn 0.36938747451067605 0.8357950829840625 0.40620127145823753
vn 0.30950898510497243 0.8960802873994933 0.3181891052084145
vn 0.3606547959497531 0.04569405157188488 0.9315793964066551
vn 0.2875699548074656 0.2087096268913927 0.9347426451889783
vn 0.2928924329521622 0.013733957467630118 0.9560467567706302
vn 0.5534535847134517 -0.396024002092547 0.7327032955667885
vn 0.47233632873267706 -0.73239355253945 0.4904060325464813
vn 0.05344658836774818 0.697126488678361 0.7149532299212498
vn 0.04162989243161592 0.4194947966403055 0.9068026619104296
vn 0.057785195307030475 0.42600959897570184 0.9028713600418888
vn 0.06914014267836066 -0.1636737929374544 0.9840886800364506
vn 0.0572890252417005 -0.17359781804644536 0.9831489028404443
vn 0.05858465049088937 0 0.9982824443647502
vn 0.05609781874192656 -0.0014620830673478672 0.9984242069609001
vn 0.056086229673764226 0.0011300113433263374 0.9984252891004645
vn -0.2412611832021301 -0.004860870044367964 0.9704480477708841
vn -0.24128486906358748 -0.002064979129576463 0.9704521357708282
vn -0.2773319269848586 -0.021210561029846652 0.9605400118556563
vn -0.2381280333684215 0.16510372969304396 0.9570975907218313
vn -0.49841819889558103 -0.008738318049903847 0.8668926927869123
vn -0.4579132340393234 0.10428206965689421 0.8828593999271473
vn -0.4688706476940214 0.09928151330968656 0.8776693550796493
vn -0.46591786070317054 0.1163975561204858 0.8771386184674344
vn -0.44593886677972083 0.12622500423440403 0.8861183755014017
vn 0.4459388667797213 0.12622500423440403 0.8861183755014015
vn 0.465917860703171 0.1163975561204858 0.8771386184674342
vn 0.46887064769402187 0.09928151330968656 0.877669355079649
vn 0.4579132340393237 0.10428206965689422 0.8828593999271472
vn 0.49841819889558137 -0.008738318049903847 0.8668926927869121
vn 0.238128033368422 0.16510372969304396 0.9570975907218313
vn 0.2773319269848591 -0.021210561029846656 0.9605400118556563
vn 0.24128486906358795 -0.0020649791295764635 0.970452135770828
vn 0.2412611832021305 -0.004860870044367963 0.9704480477708839
vn -0.05608622967376378 0.001130011343326338 0.9984252891004645
vn -0.05609781874192612 -0.0014620830673478672 0.9984242069609001
vn -0.05858465049088893 0 0.9982824443647502
vn -0.05728902524170007 -0.17359781804644536 0.9831489028404443
vn -0.06914014267836023 -0.1636737929374544 0.9840886800364506
vn -0.05778519530703007 0.42600959897570184 0.9028713600418888
vn -0.041629892431615564 0.4194947966403055 0.9068026619104296
vn -0.05344658836774788 0.6971264886783611 0.7149532299212499
vn -0.9612564022387111 0.12249963905773606 -0.2469412229373904
vn -0.9319274548599357 0.07499416214001638 -0.3548057137690986
vn -0.9296217983846797 -0.04967406905905031 -0.36515174767642905
vn -0.9323324181519785 -0.048097999879291094 -0.35838923598581535
vn -0.9345236227941217 0.09343933906909957 -0.3434162028123892
vn -0.9343230595154858 0.0933405888427306 -0.34398830638862526
vn -0.9356207442858733 0.05651875304312503 -0.34845294290104534
vn -0.9312191526388517 0.05261483299457073 -0.36064188484912896
vn -0.9317170219371244 0.025498039593507507 -0.3622888916451954
vn -0.9300276055472368 0.0237540434428009 -0.3667211452046238
vn 0.9612564022387109 0.12249963905773602 -0.24694122293739074
vn 0.9319274548599357 0.07499416214001638 -0.35480571376909903
vn 0.9296217983846797 -0.04967406905905032 -0.36515174767642955
vn 0.9323324181519782 -0.0480979998792911 -0.35838923598581574
vn 0.9345236227941215 0.09343933906909958 -0.3434162028123897
vn 0.9343230595154856 0.0933405888427306 -0.3439883063886258
vn 0.935620744285873 0.05651875304312503 -0.3484529429010458
vn 0.9312191526388516 0.05261483299457075 -0.36064188484912946
vn 0.9317170219371241 0.025498039593507514 -0.36228889164519584
vn 0.9300276055472366 0.023754043442800906 -0.36672114520462423
vn 0.9286748591983537 -0.11084302768056775 0.35394466955658876
vn 0.9359657008017568 -0.1011854811677568 0.33723835090856125
vn 0.9446700901747337 -0.035736189636082036 0.3260695408644523
vn 0.9461423751117508 -0.034786416392351256 0.3218765466020676
vn 0.9428797569243227 -0.06409424895258586 0.3269093012343552
vn 0.9422725160130149 -0.06428007348401385 0.3286191986469942
vn -0.9286748591983537 -0.11084302768056775 0.35394466955658926
vn -0.9359657008017566 -0.1011854811677568 0.33723835090856175
vn -0.9446700901747335 -0.035736189636082036 0.3260695408644527
vn -0.9461423751117508 -0.03478641639235127 0.3218765466020681
vn -0.9428797569243226 -0.06409424895258586 0.3269093012343557
vn -0.9422725160130146 -0.06428007348401384 0.3286191986469946
vn -0.9309544068799716 0.05259987458886139 0.36132692330353233
vn -0.9314283232986074 0.024985137990151004 0.3630661392043582
vn -0.9300180514529715 0.026275942069022742 0.366573319869305
vn -0.927951011044199 0.08049851336032986 0.36390508439540387
vn -0.925904094047122 0.081278954307439 0.3689110193711587
vn -0.9069762019616386 0.21686886544614575 0.361056871247928
vn -0.9054775321484643 0.21716687905518361 0.36462170178934483
vn -0.8551561437437225 0.3678838594796595 0.3651978035965116
vn -0.8684199099618517 0.35820484294509064 0.3428354568485184
vn -0.5666927336569834 0.7512408692987597 0.33837331738129
vn -0.5349963152155319 0.7590549789273817 0.37096425929104765
vn 0.5350802107174887 0.759381823805734 0.37017349144962464
vn 0.5660438468401073 0.7517661384850867 0.3382928265300265
vn 0.8684199099618519 0.35820484294509064 0.34283545684851807
vn 0.8551561437437226 0.3678838594796595 0.36519780359651133
vn 0.9054775321484645 0.21716687905518361 0.3646217017893444
vn 0.9069762019616386 0.21686886544614573 0.3610568712479275
vn 0.9259040940471223 0.081278954307439 0.3689110193711583
vn 0.927951011044199 0.08049851336032983 0.3639050843954034
vn 0.9300180514529715 0.026275942069022735 0.3665733198693045
vn 0.9314283232986074 0.024985137990150997 0.36306613920435765
vn 0.9309544068799716 0.052599874588861374 0.36132692330353183
vn 0.9536658047412031 -0.053685643425618865 -0.29603949830603865
vn 0.952781414017318 -0.060576986145123954 -0.29755336639455743
vn 0.955279581290952 -0.06431815473303533 -0.2886244905414664
vn 0.9487370396759583 -0.10594185081022839 -0.2977823933576369
vn 0.9545279714368935 -0.11069478423408388 -0.27680862791455524
vn 0.9480300784815712 -0.14262672292608308 -0.2844232553811177
vn 0.9646875072351918 -0.16002395797432709 -0.20921363784080294
vn 0.7924920356161369 -0.5251889957567318 -0.3100530474306406
vn 0.7927228750503312 -0.524601393921367 -0.3104574380936874
vn -0.7927228750503315 -0.524601393921367 -0.3104574380936871
vn -0.7924920356161372 -0.525188995756732 -0.3100530474306403
vn -0.964687507235192 -0.1600239579743271 -0.20921363784080255
vn -0.9480300784815712 -0.14262672292608305 -0.28442325538111723
vn -0.9545279714368937 -0.11069478423408388 -0.2768086279145548
vn -0.9487370396759586 -0.10594185081022839 -0.29778239335763645
vn -0.955279581290952 -0.06431815473303532 -0.2886244905414659
vn -0.9527814140173182 -0.06057698614512394 -0.29755336639455693
vn -0.9536658047412031 -0.05368564342561885 -0.29603949830603815
vn 0.2581354184372016 -0.031094277824315602 -0.9656082288562143
vn 0.25463933393218385 -0.04194541710456432 -0.9661259708746567
vn -0.267933284364314 0.011664061802296649 -0.9633668588819235
vn -0.24537020209137397 0.06622489266312755 -0.9671647881914414
vn -0.9071210474868827 0.21671249249363603 -0.36078678025046373
vn -0.9064784692040581 0.21623248041882298 -0.3626848484309635
vn -0.25813541843720206 -0.03109427782431561 -0.9656082288562143
vn -0.25463933393218435 -0.04194541710456433 -0.9661259708746567
vn 0.2679332843643136 0.011664061802296647 -0.9633668588819235
vn 0.24537020209137356 0.06622489266312756 -0.9671647881914416
vn 0.9071210474868827 0.2167124924936361 -0.3607867802504642
vn 0.906478469204058 0.216232480418823 -0.3626848484309639
vn -0.2801733777700825 0.9326960500005368 -0.22711441324209028
vn -0.4370870625060302 0.7074266364962652 -0.5554299719725527
vn -0.28940217082946584 0.8925765258370707 0.34576513566844497
vn -0.459776809045398 0.8149517891704061 0.3527872832061633
vn 0.28940217082946595 0.8925765258370707 0.34576513566844486
vn -0.7456583971910802 -0.055858508906187064 -0.6639829679149962
vn -0.7406111945540016 -0.12563939907612512 -0.6600831765020867
vn -0.7886962972820508 -0.056156034234009646 -0.6122129126967938
vn -0.7886890606021695 -0.05578799180403714 -0.6122558825008872
vn -0.8017271575560199 -0.011510525771894388 -0.597579344215979
vn -0.8000873714957141 0.0014045313678172121 -0.5998818427529842
vn -0.8827409744475604 0.11928628426985764 -0.4544657901497783
vn -0.8786937766108286 0.143267144704872 -0.4553809089032088
vn -0.8979838540135291 0.18370487064959248 -0.3998468687267983
vn -0.27482086451805465 0.10606763768084 -0.9556270970741438
vn -0.30633916899617686 0.12699607418930217 -0.9434131177163253
vn -0.3152106517055699 0.07610984023006799 -0.9459648710557405
vn -0.36258901174065933 0.10027871527928135 -0.9265383898289745
vn -0.4000683584183776 0.006325191437444694 -0.9164634747471959
vn -0.3870619560313895 -0.007013489179572153 -0.9220270349413205
vn -0.3865626543773041 -0.004161715452957622 -0.9222537581193485
vn -0.3454590286622076 -0.026052341175874048 -0.9380721374366792
vn -0.3455365037841643 -0.02101370389750448 -0.9381699999473041
vn -0.7352517639650601 -0.0384728273826059 -0.6767013263910866
vn 0.8979838540135289 0.18370487064959248 -0.39984686872679875
vn 0.8786937766108286 0.14326714470487203 -0.4553809089032093
vn 0.8827409744475602 0.11928628426985764 -0.4544657901497787
vn 0.8000873714957139 0.0014045313678172121 -0.5998818427529846
vn 0.8016146778882987 -0.010588093473207445 -0.5977472714037614
vn 0.7883294639833117 -0.055762555704783695 -0.6127211385263734
vn 0.7883478066564038 -0.05670352697759743 -0.6126111701302371
vn 0.7406111945540014 -0.12563939907612512 -0.6600831765020869
vn 0.74565839719108 -0.055858508906187064 -0.6639829679149964
vn 0.2748208645180542 0.10606763768083999 -0.9556270970741441
vn 0.3063391689961764 0.12699607418930217 -0.9434131177163255
vn 0.3152106517055695 0.07610984023006802 -0.9459648710557407
vn 0.36258901174065894 0.10027871527928135 -0.9265383898289747
vn 0.40006835841837723 0.006325191437444726 -0.9164634747471961
vn 0.38749370927844334 -0.0065731435856247475 -0.9218489133545889
vn 0.38702683702935137 -0.003911569668253475 -0.9220601537002813
vn 0.34503921571440505 -0.026273327542924472 -0.9382204708270923
vn 0.34512047700635595 -0.020994472116484433 -0.9383235521351126
vn 0.7352517639650598 -0.03847282738260589 -0.6767013263910868
vn -0.7290949027961383 -0.05461771003278508 0.6822298208576522
vn 0.7290949027961385 -0.05461771003278505 0.6822298208576519
vn 0.0625312118864948 -0.0006702772221535267 0.998042783786573
vn 0.06259309187942513 -0.015029005513747588 0.9979259661128385
vn 0.12622441220253447 0.001080261592253425 0.9920011243940288
vn 0.16678968773269293 0.12344986791704095 0.9782337809426211
vn 0.2750001440213643 0.1550795038910349 0.9488547139900501
vn 0.26533000675147533 0.13907785331874006 0.9540740737665568
vn 0.24351916743255084 0.13504890583704557 0.960447920568926
vn 0.229331964912411 0.09337748368214352 0.9688588624823555
vn 0.12873149828981195 0.07542280917966027 0.9888071607768163
vn -0.12873149828981154 0.07542280917966028 0.9888071607768165
vn -0.22933196491241065 0.09337748368214352 0.9688588624823556
vn -0.24351916743255045 0.1350489058370456 0.9604479205689262
vn -0.2653300067514749 0.13907785331874004 0.9540740737665568
vn -0.2750001440213638 0.15507950389103486 0.9488547139900501
vn -0.1667896877326925 0.12344986791704095 0.9782337809426211
vn -0.12622441220253403 0.001080261592253425 0.9920011243940288
vn -0.06259309187942469 -0.015029005513747588 0.9979259661128385
vn -0.06253121188649435 -0.0006702772221535267 0.998042783786573
vn 0.42890651043432304 0.8895742049441888 0.1571525984671153
vn 0.41203835650669896 0.8955700432972936 0.1678650955849445
vn 0.41073183147805786 0.8962752385874818 0.16730229916421638
vn -0.41073183147805775 0.8962752385874818 0.16730229916421654
vn -0.4120383565066989 0.8955700432972935 0.1678650955849447
vn -0.42890651043432293 0.8895742049441888 0.15715259846711546
vn 0.0285807708782026 0.9304140181272698 -0.3653941630736268
vn 0.2765459049562522 0.8921838753303385 -0.35711384046612743
vn 0.2759287505990567 0.9402572099217565 -0.19944849907431622
vn -0.2759287505990568 0.9402572099217565 -0.1994484990743161
vn -0.27654590495625236 0.8921838753303385 -0.35711384046612743
vn -0.02858077087820276 0.9304140181272698 -0.3653941630736268
vn -0.39591042075221816 0.8735999654000945 -0.2829806339535539
vn -0.5008257936027776 0.8075053429822764 0.31162260110143514
vn -0.5314101250281904 -0.7772748388042628 0.3368190968150865
vn -0.2437557902649136 -0.8898790677034351 0.3856142626713808
vn -0.10364204072488818 -0.9829748296829545 0.15171951622697522
vn -0.026139137424297142 -0.9852110102278598 0.1693399268350896
vn -0.021799195112910237 -0.9904761561301888 0.13594770770408546
vn 0.0217991951129103 -0.9904761561301888 0.13594770770408546
vn 0.026139137424297215 -0.9852110102278598 0.1693399268350896
vn 0.10364204072488824 -0.9829748296829545 0.15171951622697516
vn 0.24375579026491373 -0.8898790677034353 0.3856142626713806
vn 0.5314101250281906 -0.7772748388042628 0.33681909681508626
vn 0.5008257936027777 0.8075053429822766 0.31162260110143486
vn 0.39591042075221805 0.8735999654000945 -0.2829806339535541
vn 0.4863527828825792 0.22297252462361897 0.8448338439275147
vn 0.4970909004555611 -0.8133960917660111 -0.30213810515070477
vn 0.22594829819721374 -0.9733297652936074 -0.039705598286314044
vn -0.9618321947542854 -0.1917007520725002 0.19526815098472247
vn -0.961830019033253 -0.1917023168894713 0.19527733146912105
vn -0.9609383703144642 -0.19566679576099846 0.1957343952758574
vn -0.9304592912645169 -0.18492403082889888 -0.3163046160294304
vn -0.9602340302381244 0.1342479336838493 -0.24480216394931162
vn -0.9608136783429758 0.132918888308317 -0.2432481133327081
vn 0.9618321947542854 -0.19170075207250023 0.19526815098472203
vn 0.961830019033253 -0.1917023168894713 0.1952773314691206
vn 0.9609383703144642 -0.1956667957609985 0.19573439527585695
vn 0.9304592912645169 -0.18492403082889894 -0.31630461602943094
vn 0.9602340302381244 0.1342479336838493 -0.24480216394931206
vn 0.9608136783429756 0.13291888830831697 -0.2432481133327085
vn -0.9609828092622236 -0.19287249304320947 -0.19827314929102724
vn -0.9612669530478595 -0.19335756106249744 -0.19641460882034034
vn -0.9808418387973389 -0.07103385517901606 -0.1813931605189723
vn -0.2905975158062117 0.5084139937646189 -0.8105974924409579
vn -0.26382358181894294 0.19416305351243082 -0.9448268763783938
vn 0.2638235818189425 0.19416305351243082 -0.944826876378394
vn 0.29059751580621135 0.5084139937646189 -0.8105974924409581
vn 0.9808418387973389 -0.07103385517901606 -0.18139316051897275
vn 0.9612669530478593 -0.19335756106249735 -0.19641460882034073
vn 0.9609828092622236 -0.19287249304320947 -0.19827314929102768
vn 0.997258057765217 -0.05450031951187677 -0.050060777016048406
vn 0.4360717561632842 -0.01898085847152988 0.8997117040965694
vn 0.19910782590931614 0.6710707263088657 0.7141569533043539
vn -0.3133053973771418 0.5924392257264823 0.7421963970506441
vn -0.28985468673240805 0.1945164617678881 0.9370953028804271
vn -0.28526921529486593 0.19162514772366868 0.9390959895372429
vn -0.9972580577652171 -0.054500319511876796 -0.05006077701604799
vn -0.43607175616328375 -0.018980858471529884 0.8997117040965696
vn -0.19910782590931575 0.6710707263088657 0.7141569533043539
vn 0.3133053973771422 0.5924392257264823 0.7421963970506439
vn 0.28985468673240855 0.19451646176788814 0.9370953028804271
vn 0.28526921529486643 0.19162514772366873 0.9390959895372429
vn 0.2151155158880695 0.2559051963763702 0.9424637103314808
vn 0.21949730457531544 0.25384026084020994 0.9420117065412434
vn 0.11591093931567194 0.5696222632178235 0.8136922829875944
vn 0.9330442942284409 0.3107737817355 0.1812401765436315
vn 0.9467371465004186 -0.22864984649986686 0.22673337454338782
vn -0.9467371465004186 -0.22864984649986686 0.22673337454338827
vn -0.9330442942284407 0.3107737817355 0.1812401765436319
vn -0.11591093931567158 0.5696222632178235 0.8136922829875944
vn -0.219497304575315 0.25384026084020994 0.9420117065412434
vn -0.21511551588806904 0.2559051963763702 0.9424637103314808
vn -0.39406327607414865 -0.07569005978794305 0.9159613252201249
vn 0.39406327607414904 -0.07569005978794305 0.9159613252201246
vn 0.42416158732417897 0.021056134074682608 0.9053416962983987
vn 0.2567243554802933 0.5201898318922367 -0.8145521125742384
vn 0.24744994715721466 0.5043657411710799 -0.8272748774046259
vn -0.24744994715721505 0.5043657411710799 -0.8272748774046259
vn -0.25672435548029365 0.5201898318922366 -0.8145521125742382
vn -0.4241615873241785 0.021056134074682608 0.9053416962983989
vn 0.5097307934271751 -0.5422443874841997 -0.6679412717252827
vn 0.43397059107884894 -0.6122693513912535 -0.6609052635783804
vn -0.5097307934271753 -0.5422443874841996 -0.6679412717252824
vn -0.4339705910788493 -0.6122693513912535 -0.66090526357838
vn -0.9618287002400161 -0.19169999194815035 0.19528610929013962
vn 0.9618287002400163 -0.19169999194815038 0.19528610929013918
vn -0.12379350042657356 -0.1549391503303793 -0.9801372500558462
vn -0.017218810178451394 -0.02484565746419785 -0.9995429985154268
vn -0.022462902147879375 -0.0057258378024004405 -0.999731280299139
vn -0.022462902147879365 -0.005725837802400676 -0.999731280299139
vn -0.021470739860670274 -0.009345878521380014 -0.9997257933476056
vn -0.021503471415987317 -0.009391094216411374 -0.9997246661288699
vn -0.022407757343785247 -0.006032857746403374 -0.9997307122611738
vn -0.022437859939529438 -0.005817222947285335 -0.9997313150834658
vn 0.01445878964150578 -0.13961282901153707 -0.9901006016448523
vn -0.8988395295484588 -0.43819873075026233 0.008329014945626536
vn -0.778282114771372 -0.6278894355884889 -0.005639725469352767
vn 0.778282114771372 -0.6278894355884889 -0.005639725469353112
vn 0.8988395295484588 -0.43819873075026233 0.008329014945626123
vn -0.014458789641506221 -0.13961282901153707 -0.9901006016448523
vn 0.022437859939528994 -0.005817222947285335 -0.9997313150834658
vn 0.022407757343784803 -0.006032857746403374 -0.9997307122611738
vn 0.02150347141598687 -0.009391094216411372 -0.9997246661288699
vn 0.02147073986066983 -0.009345878521380014 -0.9997257933476056
vn 0.02246290214787892 -0.005725837802400676 -0.999731280299139
vn 0.02246290214787893 -0.0057258378024004405 -0.999731280299139
vn 0.017218810178450956 -0.02484565746419785 -0.9995429985154268
vn 0.12379350042657311 -0.1549391503303793 -0.9801372500558462
vn 0.9978315460238624 0.06471225285071276 -0.012022066819565727
vn 0.9827380068725572 0.13614776940014833 0.1252589108028561
vn 0.9616233199771504 0.24511966979809144 0.12327586119836112
vn 0.9616233199771504 0.24511966979809144 0.12327586119836109
vn 0.9620625242697578 0.24336759507219138 0.12332036759789433
vn 0.9604261850658932 0.24674981039242347 0.12921328922010317
vn 0.9598893238715065 0.24886019507779716 0.12915529111632632
vn 0.9573573039715886 0.257750043376974 0.1305063510769472
vn 0.9873185752568402 0.0876883660963803 0.1323358659024481
vn -0.98731857525684 0.08768836609638028 0.13233586590244853
vn -0.9573573039715886 0.257750043376974 0.13050635107694764
vn -0.9598893238715065 0.24886019507779716 0.12915529111632676
vn -0.9604261850658932 0.24674981039242347 0.1292132892201036
vn -0.9620625242697578 0.24336759507219138 0.12332036759789475
vn -0.9616233199771504 0.24511966979809144 0.12327586119836151
vn -0.9616233199771504 0.24511966979809144 0.12327586119836154
vn -0.9827380068725572 0.1361477694001483 0.12525891080285648
vn -0.9978315460238624 0.06471225285071276 -0.012022066819565283
vn 0.013803924330667764 0.0031855209993851014 -0.9998996470291586
vn 0.014837414059963357 -0.00019879604708845973 -0.99988989975104
vn -0.968116206208226 -0.24510340245965734 -0.0517236249666547
vn -0.9677223115486474 -0.2466743147084676 -0.05162664228913874
vn -0.044689241571442884 -0.011391375302524197 0.9989359880675469
vn -0.006943463430951367 -0.14804181440603378 0.9889567278212696
vn 0.997102197529494 0.07561449089399047 -0.00834604389497099
vn -0.997102197529494 0.07561449089399047 -0.008346043894970546
vn 0.00694346343095178 -0.14804181440603378 0.9889567278212696
vn 0.04468924157144333 -0.011391375302524197 0.9989359880675469
vn 0.9677223115486474 -0.2466743147084676 -0.05162664228913917
vn 0.968116206208226 -0.24510340245965734 -0.05172362496665513
vn -0.014837414059963798 -0.00019879604708845819 -0.99988989975104
vn -0.013803924330668208 0.0031855209993851014 -0.9998996470291586
vn 0.051332934683935176 -0.11736458562761967 -0.9917613038716483
vn 0.01373907393882152 0.0035619821322872393 -0.9998992699920292
vn -0.9669982500265971 -0.2507032500069044 -0.045412166667917114
vn -0.9675407645199359 -0.2485776667738969 -0.045541328191257634
vn -0.04461514949910557 -0.011462390187517314 0.9989384876189134
vn -0.04457955179046774 -0.01159068346552188 0.9989385965208087
vn 0.9677149751204083 0.25160589353131046 0.014906417008067342
vn 0.9958453331970727 0.08937400818024245 0.017445888094602117
vn -0.051332934683935655 -0.1173645856276197 -0.9917613038716484
vn -0.013739073938821964 0.0035619821322872437 -0.9998992699920292
vn 0.9669982500265971 -0.2507032500069044 -0.04541216666791754
vn 0.9675407645199359 -0.2485776667738969 -0.045541328191258064
vn 0.04461514949910601 -0.011462390187517314 0.9989384876189134
vn 0.04457955179046818 -0.011590683465521867 0.9989385965208087
vn -0.9677149751204083 0.25160589353131046 0.014906417008067777
vn -0.9958453331970728 0.08937400818024248 0.017445888094602565
vn -0.9677223115486463 -0.2466743147084727 -0.05162664228913666
vn 0.013772465413472957 0.003510628438728375 -0.9998989922409163
vn 0.01377246541347295 0.003510628438728523 -0.9998989922409163
vn -0.014888802056140146 -0.00012694471911454816 -0.9998891475850569
vn -0.0137724654134734 0.003510628438728375 -0.9998989922409163
vn -0.013772465413473394 0.0035106284387285266 -0.9998989922409163
vn 0.9847683233737908 0.13770368468911492 -0.10615575586191149
vn 0.9680431141294218 0.2277748503833896 -0.10493401126153401
vn 0.9646955230541421 0.2439570016111653 -0.0992347175346668
vn 0.9637717844093043 0.24760935172571089 -0.09916429052072462
vn -0.984768323373791 0.13770368468911495 -0.10615575586191106
vn -0.9680431141294218 0.22777485038338968 -0.10493401126153361
vn -0.9646955230541421 0.24395700161116524 -0.09923471753466637
vn -0.9637717844093043 0.24760935172571089 -0.09916429052072419
vn 0.12839503726660909 -0.0962962779499557 0.9870368489870534
vn 0.0986608054665316 0.026562524548680248 0.9947665443481181
vn 0.0990170430562364 0.02567108523680288 0.9947545529260796
vn 0.09907019972817901 0.02545281811198273 0.994754869088851
vn 0.09965148780631393 0.02520828150041123 0.9947030328302936
vn 0.10005887548346423 0.02354326481963817 0.9947029386297284
vn -0.1283950372666086 -0.09629627794995567 0.9870368489870534
vn -0.09866080546653115 0.026562524548680223 0.9947665443481181
vn -0.09901704305623599 0.025671085236802983 0.9947545529260796
vn -0.09907019972817857 0.025452818111982727 0.994754869088851
vn -0.09965148780631349 0.025208281500411225 0.9947030328302936
vn -0.10005887548346377 0.023543264819638202 0.9947029386297284
vn 0.0498179061847074 -0.3317734168828672 0.9420427676455241
vn -0.0056095614735531185 -0.14107008298307527 0.9899837193142234
vn -0.010458352295841014 -0.1523710973131532 0.9882680160618585
vn -0.049451426782385836 -0.01141186771901174 0.9987113325002127
vn 0.9742762262029271 0.22483297527759055 0.015361259180455236
vn 0.9684231317306852 0.24886346736115722 0.014953679878692182
vn -0.04981790618470698 -0.3317734168828672 0.9420427676455241
vn 0.005609561473553557 -0.14107008298307527 0.9899837193142234
vn 0.010458352295841453 -0.1523710973131532 0.9882680160618585
vn 0.04945142678238627 -0.011411867719011759 0.9987113325002125
vn -0.9742762262029271 0.22483297527759055 0.015361259180455668
vn -0.9684231317306852 0.24886346736115722 0.014953679878692613
vn 0.014888802056139702 -0.00012694471911454816 -0.9998891475850569
vn -0.13972939832477693 -0.036226140306421996 -0.9895268374340815
vn -0.10977262412765196 -0.17430945993425115 -0.9785531069745572
vn -0.10491609028528931 -0.17782312093283256 -0.9784536533024731
vn -0.06987779523165734 -0.322942171712981 -0.943835498094274
vn -0.05436631251528931 -0.3423701326121078 -0.9379909361815058
vn 0.2018945019571528 -0.9780487931185496 -0.05156712478722896
vn 0.13972939832477652 -0.036226140306422 -0.9895268374340818
vn 0.1097726241276515 -0.1743094599342511 -0.9785531069745572
vn 0.10491609028528887 -0.17782312093283253 -0.9784536533024731
vn 0.06987779523165694 -0.322942171712981 -0.943835498094274
vn 0.05436631251528892 -0.34237013261210786 -0.9379909361815058
vn -0.2018945019571528 -0.9780487931185496 -0.05156712478722888
vn 0.9969301730545816 0.07783405809700386 0.008490550836909364
vn -0.11103649474020025 -0.19203663758027456 -0.9750860611569995
vn -0.14033633547960017 -0.05515566236823988 -0.9885664195454335
vn 0.14033633547959973 -0.05515566236823988 -0.9885664195454335
vn 0.11103649474019976 -0.19203663758027456 -0.9750860611569996
vn -0.9969301730545816 0.07783405809700386 0.008490550836909808
vn -0.35277377563594287 -0.07312938622991629 -0.9328465876515801
vn 0.3527737756359425 -0.07312938622991629 -0.9328465876515805
vn -0.9000328573899341 -0.41849524653316755 0.12166587133479222
vn -0.7939242835621503 -0.5998891886595664 0.09908175058856113
vn -0.7884495988453808 -0.6081716635418298 0.09205681802735302
vn 0.788449598845381 -0.6081716635418299 0.09205681802735267
vn 0.7939242835621503 -0.5998891886595664 0.09908175058856078
vn 0.9000328573899341 -0.41849524653316755 0.12166587133479183
vn 0.0729432720672197 -0.3197780945089746 -0.9446805011919834
vn 0.9894698208602374 -0.14471889221984657 -0.002432250289409146
vn 0.9967854139978308 0.08010634088519 0.0013463250568935803
vn -0.9967854139978308 0.08010634088519 0.0013463250568940231
vn -0.9894698208602374 -0.14471889221984652 -0.002432250289408698
vn -0.07294327206722012 -0.3197780945089746 -0.9446805011919834
vn 0.03649471928622245 -0.41193178843193284 0.910483573241983
vn -0.03450807190293207 -0.41235904626452624 0.9103676235111574
vn -0.10795294669791601 -0.35273446238558714 0.9294754221305628
vn -0.38296460983613234 -0.3314179555244926 0.8622646034536176
vn -0.35086219126199314 -0.4884766226986155 0.7989282269514496
vn -0.4433960848716948 -0.4149177997457775 0.7945081065505725
vn -0.45301124628723133 -0.38294505576737503 0.8050676338051429
vn -0.7016637620050449 -0.3906632121977727 0.5958609063567148
vn -0.7521380264542122 -0.34034574913979687 0.5643165425574846
vn -0.888638574466035 -0.3385349996839815 0.30937927849153074
vn -0.9205132276320344 -0.25304665589287373 0.29769579724256845
vn -0.9305140856422831 -0.23629587082651127 0.27983530486993
vn -0.9580116030549826 -0.11236987539159375 0.26379306191880897
vn -0.9835684558550649 -0.14754699707437088 0.10403353450315403
vn -0.9932308832007715 -0.10896765859150105 0.04023011356312198
vn -0.9929655679221636 -0.11677240045534482 -0.0195853877396335
vn -0.9980939603179789 -0.01059838797738472 -0.06079572804937518
vn -0.9819247573428662 0.01814858291163548 -0.1883995749874535
vn -0.9275587009361853 0.22358692627224744 -0.29940564910787015
vn -0.9427462748632948 0.21018706965430325 -0.25894180230607494
vn -0.8486544600706549 0.40505084966121496 -0.3401755673044626
vn -0.8490062817825025 0.43452878891006314 -0.3006211321617363
vn -0.8961557521648589 0.43709501046823207 -0.07650372334476632
vn 0.9376154243359502 0.3476737237743635 -0.0005457510271188089
vn 0.9275587009361851 0.22358692627224744 -0.2994056491078707
vn 0.9427462748632945 0.2101870696543033 -0.25894180230607544
vn 0.9475518234431102 0.30790480275864257 -0.08567481734908138
vn 0.8490062817825023 0.43452878891006314 -0.30062113216173664
vn 0.8961557521648588 0.43709501046823196 -0.07650372334476666
vn -0.7956037523546285 -0.21735769313898015 0.5654823626538107
vn -0.798060714953997 -0.22712299350096116 0.5581346083789086
vn -0.5551131552378981 -0.1725272847891939 0.8136852713949626
vn -0.5991282808160266 0.09537607502567248 0.7949520158092119
vn -0.571840869467436 0.12730002647751307 0.8104274941446343
vn -0.5966129059475846 0.4017480328847207 0.6947312851239938
vn -0.5405831487516843 0.46002391088789846 0.7043776406851067
vn -0.5432937729091579 0.6705450400978552 0.5051744505794985
vn -0.3022693521376662 0.7579092054022762 0.5781062835887237
vn -0.27338278839749325 0.7757595256371024 0.5687345684863101
vn -0.0759784962772642 0.8031105596054011 0.59096590185369
vn -0.07730676688807496 0.9296842399699703 0.3601539639442716
vn -0.18489235019526576 0.9254484507105317 -0.3306962109198531
vn -0.1262155931952248 0.9393490418436908 -0.3188934016591084
vn -0.12595824742856906 0.9400051962433383 -0.3170563844811307
vn 0.1259582474285689 0.9400051962433383 -0.3170563844811308
vn 0.12621559319522468 0.9393490418436908 -0.3188934016591085
vn 0.1848923501952656 0.9254484507105317 -0.3306962109198532
vn -0.3089205624689383 0.8961718440699726 -0.3185029230322695
vn -0.3797036021754977 0.8804522290913563 -0.28395254318814167
vn 0.30892056246893823 0.8961718440699726 -0.3185029230322696
vn 0.3797036021754976 0.8804522290913562 -0.2839525431881419
vn -0.5998081669464332 -0.7853795602846465 0.15300035670368606
vn -0.6184227948209404 -0.7748648064226662 0.13091133875039676
vn -0.37549980674666145 -0.9158465959441233 0.1422143024831955
vn -0.41719452898460074 -0.9008562451083718 0.12002812434826395
vn -0.23850555681168903 -0.9633483540857404 0.12278048725364069
vn 0.23850555681168908 -0.9633483540857404 0.12278048725364057
vn 0.4171945289846009 -0.9008562451083717 0.12002812434826374
vn 0.37549980674666156 -0.9158465959441233 0.14221430248319533
vn 0.6184227948209405 -0.7748648064226663 0.13091133875039648
vn 0.5998081669464332 -0.7853795602846465 0.15300035670368578
vn -0.18535707995111073 -0.9789021367668755 0.08598464714844697
vn -0.18659218382839673 -0.9790001814651902 0.08210969263902104
vn -0.08048265209001117 -0.9879370962249245 0.13229828651657774
vn -0.1588812071145794 -0.9799748605926687 -0.12002514166704356
vn -0.5009801913866172 -0.8600967037975709 -0.0961899576607787
vn -0.429893341596854 -0.900673278182556 -0.06308217512561798
vn 0.18535707995111078 -0.9789021367668755 0.08598464714844689
vn 0.18659218382839682 -0.9790001814651902 0.08210969263902097
vn 0.08048265209001122 -0.9879370962249245 0.13229828651657768
vn 0.15888120711457931 -0.9799748605926687 -0.12002514166704364
vn 0.5009801913866171 -0.8600967037975707 -0.09618995766077887
vn 0.4298933415968541 -0.9006732781825559 -0.06308217512561819
vn -0.8767107817814223 -0.47046306891242085 -0.10021330199985741
vn -0.7242593260731441 -0.6872844533002137 0.05557435422837918
vn -0.6105772519300162 -0.7896571721888089 0.06030729505095849
vn 0.6105772519300162 -0.7896571721888089 0.060307295050958214
vn 0.7242593260731442 -0.6872844533002137 0.05557435422837886
vn 0.876710781781422 -0.47046306891242073 -0.10021330199985777
vn -0.5486462864786871 -0.17648761662950624 0.8172143987409809
vn -0.4777355549944222 -0.4221849090648352 0.7704081009777144
vn -0.2345933146529782 -0.4107380111829963 0.8810563335505658
vn -0.1734030203905148 -0.44529080991223197 0.8784346800571773
vn -0.012378972481164392 -0.4343732637652516 0.9006478938887461
vn -0.008748636951739016 -0.5228486470720461 0.8523806389204402
vn 0.009590705540806975 -0.5308919583239227 0.847385241170874
vn 0.014615194611724877 -0.4234841755790026 0.9057855977661788
vn 0.9305140856422833 -0.23629587082651127 0.2798353048699295
vn 0.9205132276320344 -0.2530466558928737 0.29769579724256795
vn 0.8886385744660352 -0.33853499968398143 0.3093792784915303
vn 0.7521380264542125 -0.34034574913979687 0.5643165425574842
vn 0.7016637620050451 -0.3906632121977727 0.5958609063567146
vn 0.45301124628723166 -0.38294505576737503 0.8050676338051427
vn 0.4433960848716952 -0.4149177997457775 0.7945081065505722
vn 0.35086219126199353 -0.48847662269861564 0.7989282269514496
vn 0.3829646098361328 -0.33141795552449266 0.8622646034536176
vn 0.10795294669791643 -0.35273446238558714 0.9294754221305628
vn 0.034508071902932466 -0.4123590462645262 0.9103676235111574
vn -0.03649471928622205 -0.41193178843193284 0.910483573241983
vn -0.014615194611724475 -0.4234841755790026 0.9057855977661788
vn -0.009590705540806524 -0.5308919583239227 0.847385241170874
vn 0.008748636951739394 -0.5228486470720461 0.8523806389204402
vn 0.012378972481164862 -0.4343732637652516 0.9006478938887461
vn 0.17340302039051517 -0.44529080991223186 0.8784346800571771
vn 0.2345933146529785 -0.4107380111829962 0.8810563335505657
vn 0.47773555499442255 -0.4221849090648352 0.7704081009777142
vn 0.5486462864786875 -0.1764876166295062 0.8172143987409806
vn 0.5551131552378984 -0.17252728478919382 0.8136852713949622
vn 0.5991282808160271 0.0953760750256725 0.7949520158092116
vn 0.8433415247072396 -0.020828752158554942 0.5369741481561155
vn -0.3184789228333067 0.19905934183128554 0.9267936955658643
vn -0.32644883695897725 0.20159283074137152 0.9234671014399007
vn -0.08190122653909837 0.2348022577781849 0.9685866449800236
vn -0.04770633394188081 -0.11501294461957468 0.9922177826826933
vn -0.050477331063344254 -0.11361546038902025 0.9922416873974367
vn -0.023395745203513483 -0.44126286755255484 0.8970728626068614
vn 0.02339574520351388 -0.44126286755255484 0.8970728626068614
vn 0.050477331063344684 -0.11361546038902025 0.9922416873974367
vn 0.04770633394188126 -0.11501294461957468 0.9922177826826933
vn 0.08190122653909881 0.23480225777818486 0.9685866449800236
vn 0.3264488369589777 0.20159283074137152 0.9234671014399005
vn 0.3200538142345177 0.1995605983849712 0.9261431442094517
vn 0.5698715520744079 0.12954369203526875 0.8114584684321047
vn -0.29710684138137783 0.5391924834765877 0.788034891719098
vn -0.3503492335286298 0.5512741562769458 0.7572002503875994
vn -0.07675447458373043 0.5969004029260799 0.7986354985962365
vn -0.06660104190578578 0.24325485905785246 0.9676731755927763
vn 0.06552793007501825 0.7999268931434323 0.5965090577736263
vn 0.07018291658357585 0.6002188605367847 0.7967506998275851
vn 0.07675447458373078 0.5969004029260798 0.7986354985962363
vn 0.0666010419057862 0.24325485905785246 0.9676731755927763
vn -0.07018291658357549 0.6002188605367847 0.7967506998275851
vn -0.06552793007501787 0.7999268931434323 0.5965090577736263
vn -0.9919103048984568 0.07628964020661361 -0.10145855229302224
vn -0.9854820586174488 0.07782056387700183 -0.1508942410464388
vn -0.9930904772482971 -0.02364349093021152 -0.11494472295578706
vn -0.9958090570455442 -0.03665584755618086 -0.08378944292691137
vn -0.9224015532111086 -0.36517416927993845 -0.12579030457249712
vn -0.8178931274979577 -0.2843324461485797 0.5002058496846817
vn -0.9872398507513761 -0.15034800671566176 0.05246859980052991
vn -0.9861775698435916 -0.15524381696490971 -0.05790645932496335
vn -0.974399228792247 -0.22375803400728925 -0.021874303332161258
vn -0.9693401698014467 -0.24520421872709453 0.015953881275027476
vn -0.9512500958888207 -0.30523906131943257 0.04418563699146086
vn -0.9350549633576468 -0.3202254322745878 0.1520785587279919
vn -0.942615341399445 -0.30508879212908907 0.13563608323606727
vn -0.8951876829772278 -0.3018388468865551 0.3279212142513154
vn -0.9321280766084086 -0.197107574180497 0.30378586701653687
vn -0.8927140880228119 -0.269985486874258 0.3607899581790895
vn -0.9592535601837412 -0.003908142433015564 0.28251961648271623
vn -0.7557363675412148 -0.02169694732618287 0.6545164514756943
vn -0.6512702203954607 -0.18201656236167604 0.7366933358271175
vn -0.2879521145958018 -0.2256659402296276 0.9306763471369005
vn 0.942615341399445 -0.3050887921290891 0.1356360832360669
vn 0.895187682977228 -0.3018388468865551 0.327921214251315
vn 0.9321280766084086 -0.1971075741804969 0.30378586701653637
vn 0.8927140880228122 -0.26998548687425805 0.3607899581790891
vn 0.9592535601837414 -0.003908142433015508 0.2825196164827158
vn 0.7557363675412153 -0.021696947326182877 0.6545164514756938
vn 0.6512702203954609 -0.18201656236167618 0.7366933358271173
vn 0.2879521145958022 -0.22566594022962758 0.9306763471369003
vn -0.9705734595235687 -0.22070625011649853 0.09631153008838268
vn -0.9724806039437219 -0.21230349705627558 0.09596197210838223
vn -0.9474573673124467 -0.31407774438391545 -0.06066059353550471
vn -0.9643323549063881 -0.1249457993896846 -0.23334878721684593
vn -0.9569638940731752 -0.20926715301565363 -0.20106557166513553
vn 0.9569638940731752 -0.20926715301565363 -0.20106557166513597
vn -0.95329353436513 0.07009700311121118 0.29379899164644174
vn -0.9996737739437994 0.003807204041038038 -0.025255709975201473
vn -0.9998058889659982 -0.0008712202356648326 -0.01968312384280318
vn -0.17565265679354172 -0.9531780494550708 -0.2461661028622688
vn -0.12563705108765763 -0.9815431883978828 -0.1441814853013925
vn 0.12563705108765758 -0.9815431883978828 -0.14418148530139255
vn 0.1756526567935416 -0.9531780494550708 -0.24616610286226887
vn -0.9383647102378448 0.17975846353677952 0.29522629518242777
vn -0.7875445830488329 0.1678821208232321 0.5929495115255039
vn -0.6838541214233006 0.27357875657291947 0.6763861356979317
vn -0.28379847586841134 0.020190808505920303 0.9586713494971277
vn 0.9383647102378451 0.1797584635367795 0.29522629518242727
vn 0.7875445830488332 0.1678821208232321 0.5929495115255036
vn 0.6838541214233008 0.2735787565729195 0.6763861356979315
vn 0.28379847586841184 0.02019080850592029 0.9586713494971277
vn -0.021338081882294992 -0.32263366164822505 0.946283364871772
vn 0.04598782629229598 -0.335586840511279 0.9408860676556791
vn 0.10495377887293222 -0.38089966939279324 0.9186403791238185
vn -0.10495377887293181 -0.38089966939279324 0.9186403791238185
vn -0.04598782629229555 -0.335586840511279 0.9408860676556791
vn 0.021338081882295416 -0.32263366164822505 0.946283364871772
vn -0.41340343899688753 -0.9105392770861684 0.003977626043848313
vn -0.49198688320530637 -0.8703856960182853 -0.01943313975386572
vn -0.7930438365065855 -0.5214225604355442 -0.3149602940812661
vn -0.875450449541163 -0.3429659485020147 -0.3405302755501911
vn 0.41340343899688753 -0.9105392770861684 0.003977626043848129
vn 0.49198688320530637 -0.8703856960182853 -0.01943313975386591
vn 0.7930438365065852 -0.5214225604355444 -0.31496029408126647
vn 0.8754504495411629 -0.3429659485020148 -0.34053027555019166
vn -0.16961821040869524 -0.9760725991325341 0.1360586047275635
vn -0.25063197033107076 -0.9640814237395314 0.08792396629090135
vn -0.4608099750760679 -0.8863767469302073 0.04461422835617987
vn 0.4608099750760679 -0.8863767469302073 0.04461422835617966
vn 0.25063197033107076 -0.9640814237395313 0.08792396629090124
vn 0.1696182104086953 -0.9760725991325341 0.13605860472756345
vn -0.7610907453442503 -0.28833726010585903 -0.5810357147249899
vn -0.8071487077606323 -0.16813052189159539 -0.5659002484261705
vn -0.7697969363749885 0.14727078830175502 -0.6210668173881629
vn -0.8073378042254964 0.273987829694888 -0.5226244723005605
vn 0.76109074534425 -0.288337260105859 -0.5810357147249904
vn 0.8071487077606319 -0.16813052189159536 -0.5659002484261708
vn 0.769796936374988 0.14727078830175508 -0.6210668173881634
vn 0.8073378042254961 0.27398782969488794 -0.5226244723005609
vn -0.9669679418075033 0.12864764894027458 -0.22005177104195492
vn -0.9791536619224187 0.16309105820799802 -0.12107606318555905
vn -0.9776742233010413 0.17325997850547215 -0.11888689137574925
vn -0.9464705254895988 0.22571585428906507 0.23075072589701776
vn 0.9669679418075031 0.12864764894027456 -0.22005177104195528
vn 0.9791536619224185 0.163091058207998 -0.12107606318555948
vn 0.9776742233010413 0.17325997850547212 -0.11888689137574968
vn 0.9464705254895988 0.22571585428906507 0.23075072589701728
vn -0.45391361825763593 -0.13484070248613378 -0.8807839758495309
vn -0.47749331093611375 -0.09895821513706442 -0.8730449070169041
vn -0.6875201061035818 0.08967553379654605 -0.7206069680079593
vn -0.6751678919172751 -0.11821264000308879 -0.7281305442484081
vn -0.7564437637677481 0.08936888348310551 -0.6479244052525469
vn -0.7563694648316538 0.19083070256733042 -0.6256907188283497
vn -0.7248338520728392 0.07749635045097852 -0.6845510956503017
vn -0.7277733675297119 0.15283503547075866 -0.6685711461371294
vn -0.6871121091039791 0.08604312557105313 -0.7214385144034421
vn 0.6871121091039789 0.08604312557105313 -0.7214385144034423
vn 0.7277733675297118 0.15283503547075863 -0.6685711461371296
vn 0.724833852072839 0.07749635045097852 -0.6845510956503019
vn 0.7563694648316533 0.19083070256733037 -0.62569071882835
vn 0.7564437637677477 0.0893688834831055 -0.6479244052525472
vn -0.44605332718854585 -0.1744392425447582 -0.8778424573717309
vn -0.21702259867249768 0.3078029418315675 -0.9263684691661677
vn -0.27438866197903744 0.33193671104554445 -0.9025125384378992
vn -0.43195248590570423 0.31282527190962567 -0.8459062590940863
vn -0.47406168875993654 0.3313073478495013 -0.8157824198344844
vn -0.8136607069333082 0.2301424510353976 -0.53384520811206
vn 0.8136607069333079 0.2301424510353976 -0.5338452081120605
vn 0.4740616887599362 0.3313073478495012 -0.8157824198344844
vn 0.4319524859057038 0.3128252719096256 -0.8459062590940863
vn 0.27438866197903694 0.3319367110455444 -0.9025125384378992
vn 0.2170225986724973 0.3078029418315675 -0.9263684691661677
vn -0.10806938075878345 -0.5050099316726782 -0.8563211884885076
vn -0.11816496676963048 -0.48841519598112 -0.8645736735310972
vn -0.320085159540359 -0.45850036366594143 -0.8290493997104288
vn -0.3522592580208888 -0.37574320855563736 -0.8571641945175312
vn -0.6982380198076205 -0.08588655454910508 -0.7106948483300106
vn -0.6637811699064564 0.2007305744946067 -0.7204871927665899
vn -0.7353956497478006 0.23596997731387112 -0.6352254781874713
vn -0.4561312202406406 0.5149868615619964 -0.7257636270441703
vn -0.1136859118596523 0.1283550617770223 -0.9851905864150634
vn 0.11368591185965185 0.1283550617770223 -0.9851905864150634
vn 0.45613122024064023 0.5149868615619964 -0.7257636270441705
vn 0.7353956497478004 0.23596997731387112 -0.6352254781874715
vn 0.6637811699064562 0.2007305744946067 -0.7204871927665901
vn 0.6982380198076202 -0.08588655454910508 -0.7106948483300108
vn 0.3522592580208884 -0.37574320855563725 -0.8571641945175312
vn 0.32008515954035865 -0.45850036366594143 -0.829049399710429
vn 0.1181649667696301 -0.48841519598112004 -0.8645736735310975
vn 0.10806938075878306 -0.5050099316726782 -0.8563211884885076
vn 0.45553879203748926 -0.2755622182457615 -0.8464926891736871
vn 0.4479672122134148 -0.26859051071272766 -0.8527511444359471
vn 0.4115172167875285 -0.29213840154021586 -0.8633126517276196
vn 0.284161527656472 -0.2688014450804613 -0.9203249476802181
vn 0.25625672990236503 -0.31609504282152046 -0.9134639633195212
vn 0.07352530567622116 -0.3132328073450686 -0.9468258751364717
vn 0.05214255946557136 -0.35341068082215904 -0.9340139421728124
vn -0.6475866951005775 0.5212556204047557 -0.555809365272991
vn -0.6802184285256931 0.279598409958527 -0.6775895650338042
vn -0.3527296112651484 0.36386458549408474 -0.8620814258293443
vn -0.3815196423769088 0.2018535211242167 -0.9020520597450854
vn -0.07254348994581701 0.2870389144891277 -0.9551681022916252
vn -0.11640978511904389 0.48528148635234913 -0.8665740827720345
vn 0.6475866951005773 0.5212556204047557 -0.5558093652729912
vn 0.6802184285256929 0.27959840995852675 -0.6775895650338045
vn 0.352729611265148 0.3638645854940847 -0.8620814258293445
vn 0.38151964237690833 0.20185352112421656 -0.9020520597450856
vn 0.07254348994581657 0.28703891448912766 -0.9551681022916252
vn 0.11640978511904347 0.48528148635234913 -0.8665740827720345
vn -0.2153419052047514 0.17092682794364245 -0.961463407182984
vn -0.16066518598925728 0.2761661196127899 -0.947585865443893
vn -0.14918452370546545 0.1542172546256501 -0.9767092792957898
vn 0.149184523705465 0.1542172546256501 -0.9767092792957898
vn 0.16066518598925683 0.27616611961278986 -0.947585865443893
vn 0.21534190520475102 0.17092682794364247 -0.9614634071829842
vn -0.52525125012447 -0.050562124870415025 -0.8494436978230341
vn -0.5950893461809293 0.06960282518042901 -0.8006398171393032
vn -0.6896830406315866 0.04419631528694256 -0.7227613639232706
vn -0.8043684584568532 0.18655113457735056 -0.5640833779040553
vn -0.7982713497372629 0.19737478427570038 -0.5690395827363588
vn -0.877387698560591 0.17196205919170227 -0.4479061024512828
vn -0.8942926268768187 -0.053390604589667545 -0.4442861024782443
vn 0.9057438842816914 0.27699004342453976 -0.3207873624848485
vn 0.8933695505687813 0.10292703241835272 -0.437374978838622
vn 0.895056115460914 0.18664634617748943 -0.4050156683816218
vn 0.7720825138523219 -0.15705276301377644 -0.6158108649847109
vn 0.809531774946229 0.22243716554290313 -0.5433047144445253
vn 0.8043684584568528 0.18655113457735054 -0.5640833779040556
vn 0.7982713497372627 0.19737478427570035 -0.5690395827363592
vn 0.8345313808698389 0.10450055501288136 -0.5409593407507441
vn 0.877387698560591 0.1719620591917023 -0.44790610245128337
vn 0.8942926268768184 -0.053390604589667545 -0.44428610247824474
vn 0.44188258624776466 -0.5059777576359893 -0.7407606150090886
vn 0.4799103251285288 -0.1893620125993659 -0.8566376760447485
vn 0.505488700031 -0.14057346540659266 -0.851305042252512
vn 0.5004964134380152 0.011858320438736728 -0.8656573920276172
vn -0.5004964134380157 0.01185832043873669 -0.8656573920276169
vn 0.6094722601204372 -0.30186126090871024 -0.7330916336354479
vn 0.5857763162608377 -0.13157085228514676 -0.7997219630201756
vn 0.4230678192605656 -0.21999526601549876 -0.8789856103696347
vn 0.44069617766843944 -0.2291620123875933 -0.8679122369611433
vn 0.38889860736339876 -0.2811562491228475 -0.8773306313870389
vn 0.2559503682538221 -0.27488044171479814 -0.9267848465277204
vn 0.25178929664791405 -0.2828038615510764 -0.9255399105307931
vn 0.04307419484415182 -0.29194732061032397 -0.9554639583610576
vn 0.04307419484415184 -0.29194732061032397 -0.9554639583610576
vn -0.5518754362297158 -0.3175173742691873 -0.771113623225178
vn -0.33499171836267755 -0.4913211869318534 -0.8039801240704249
vn -0.3843900311270187 -0.39113371588361484 -0.8362169098202007
vn -0.3290450628060119 -0.4079563222119465 -0.8516460449096738
vn -0.36392143363001733 -0.35491347735206796 -0.8611606201740395
vn -0.23462458169825426 -0.3820256157334815 -0.8938723256631081
vn -0.2522266627022902 -0.35271802435941146 -0.9010947263823371
vn -0.09245003270422554 -0.36980013081682056 -0.9245003270420461
vn -0.14511465550193733 -0.2843062638405639 -0.9476875461351034
vn 0.14511465550193692 -0.28430626384056396 -0.9476875461351036
vn 0.4437974595678646 -0.4207011172400569 -0.7912359855530318
vn 0.6119611576268831 -0.3839415637630703 -0.6914422732022779
vn 0.5781064004575552 -0.44244966388811297 -0.685588276354916
vn 0.4851877309330387 -0.34361737318206154 -0.8040646532459371
vn 0.37434298441858027 -0.40313859860467827 -0.8350728113952979
vn 0.363921433630017 -0.35491347735206796 -0.8611606201740397
vn 0.23462458169825395 -0.3820256157334816 -0.8938723256631084
vn 0.5769524912009494 -0.32214280973232984 -0.7505663415280349
vn 0.4682887676210001 -0.4090798429792133 -0.7831725941247608
vn 0.41806005053802636 -0.2795616288873628 -0.8643327425233799
vn 0.2505457963495744 -0.32861955725169695 -0.9106239567040043
vn 0.2522266627022897 -0.3527180243594114 -0.9010947263823371
vn 0.09245003270422511 -0.36980013081682056 -0.9245003270420461
vn 0.33499171836267716 -0.4913211869318533 -0.8039801240704249
vn 0.5518754362297155 -0.31751737426918736 -0.7711136232251784
vn -0.7039257446702137 0.12901616662995605 -0.6984578546616801
vn -0.6240200893117663 0.02406752801350891 -0.7810375677460426
vn -0.5291758391426181 0.032643964102955 -0.8478840149898754
vn -0.46233760715210165 -0.07076260961738583 -0.8838758906616963
vn 0.4623376071521011 -0.07076260961738581 -0.8838758906616963
vn 0.5291758391426177 0.032643964102955 -0.8478840149898756
vn 0.5252512501244697 -0.050562124870415025 -0.8494436978230342
vn 0.5950893461809289 0.06960282518042893 -0.8006398171393034
vn 0.5597020576497023 -0.17181712331803914 -0.8106864269231374
vn 0.6199177348239456 -0.09474005273823505 -0.778926392194991
vn 0.6638912345094582 0.2869590443530149 -0.6905815922869014
vn 0.624020089311766 0.024067528013508917 -0.781037567746043
vn 0.7039257446702135 0.12901616662995605 -0.6984578546616803
vn 0.6896830406315864 0.0441963152869426 -0.7227613639232708
vn -0.32376279976960914 -0.1957448584578441 -0.9256681910234698
vn -0.3332181507887966 -0.027269349665349937 -0.9424553286780885
vn -0.3192936352868359 -0.0471200516646011 -0.9464836370463267
vn 0.31929363528683546 -0.0471200516646011 -0.9464836370463269
vn 0.3332181507887961 -0.027269349665349916 -0.9424553286780888
vn 0.32376279976960864 -0.19574485845784403 -0.9256681910234698
vn 0.4499403627812725 -0.05046513640253843 -0.8916316167275196
vn -0.270588353229418 0.014152735736123684 0.9625911090217775
vn -0.2504992161631661 0.06283167966560518 0.9660757334350337
vn 0.29536083532262425 -0.048488490893358285 0.9541545174699989
vn 0.08292490204012154 -0.2833550560617224 0.9554231381047323
vn 0.09570621552281869 -0.2814081501395435 0.9548035260436254
vn 0.03559948817331555 -0.3189390639442197 0.9471064089806293
vn -0.07536047579452447 -0.30138873737871075 0.9505186098490074
vn 0.07536047579452489 -0.30138873737871075 0.9505186098490074
vn -0.035599488173315146 -0.3189390639442197 0.9471064089806294
vn -0.09570621552281827 -0.2814081501395435 0.9548035260436254
vn -0.08292490204012112 -0.2833550560617224 0.9554231381047323
vn -0.2953608353226238 -0.048488490893358285 0.9541545174699991
vn 0.25049921616316656 0.06283167966560518 0.9660757334350335
vn 0.27058835322941843 0.014152735736123684 0.9625911090217772
vn -0.27863647120220747 0.07514728570022165 0.9574521410325797
vn -0.3215272631590756 0.023332522901037628 0.9466128101924817
vn -0.4724253391715551 0.008857365937118711 0.881326185913761
vn -0.26209258335599495 0.18446646562062027 0.9472484366897722
vn -0.31109509282084774 0.1989002733031453 0.9293323003655486
vn 0.31109509282084824 0.19890027330314536 0.9293323003655486
vn 0.26209258335599545 0.18446646562062027 0.9472484366897722
vn 0.47242533917155555 0.008857365937118711 0.8813261859137608
vn 0.3215272631590761 0.023332522901037628 0.9466128101924814
vn 0.2786364712022079 0.07514728570022165 0.9574521410325795
vn 0.08522094903455128 -0.2784824691628756 -0.9566529695843725
vn 0.08551320913870436 -0.28789511580890054 -0.9538364080680607
vn -0.378767739273001 -0.051650146264500034 -0.9240493829211054
vn -0.4081639278492471 0.07034642467180659 -0.9101942586824905
vn -0.8599371832813175 0.3581414987677265 -0.3636519045331681
vn -0.8604747643790362 0.3691496745218914 -0.3511576535791635
vn -0.08522094903455169 -0.27848246916287567 -0.9566529695843725
vn -0.08551320913870476 -0.28789511580890054 -0.9538364080680607
vn 0.3787677392730007 -0.051650146264500034 -0.9240493829211057
vn 0.40816392784924665 0.07034642467180656 -0.9101942586824907
vn 0.8599371832813173 0.3581414987677265 -0.3636519045331684
vn 0.860474764379036 0.36914967452189146 -0.35115765357916384
vn -0.8982165767025299 0.4392877272539921 -0.015273310735090842
vn -0.8968612902131249 0.44122327208997936 -0.03101371121715798
vn -0.8909689194095369 0.4526125710007412 -0.036280093967645685
vn -0.8754305422766461 0.47146741487088445 -0.10648869594554677
vn -0.8863449407183094 0.4522280130315497 -0.09941061458714168
vn -0.28756357211884004 0.757504787515147 -0.5860833463611508
vn -0.3052800095517201 0.9106600114718089 -0.27839263509343587
vn -0.05539787463070354 0.9549406012465256 -0.29158107547871664
vn -0.12176347867410298 0.9374303378980668 -0.32618708872286445
vn 0.06018203374720212 0.9408636321971191 -0.333397283166637
vn 0.13764227642604226 0.9454353655993587 -0.2953075908510721
vn 0.7872707843778606 0.5779958523236935 -0.21476849573826043
vn 0.8148146525405957 0.5789600646636387 -0.029703964883894818
vn -0.8148146525405957 0.5789600646636387 -0.029703964883894457
vn -0.7872707843778608 0.5779958523236937 -0.21476849573826012
vn -0.13764227642604238 0.9454353655993587 -0.295307590851072
vn -0.060182033747202275 0.9408636321971191 -0.333397283166637
vn 0.12176347867410284 0.9374303378980668 -0.32618708872286445
vn 0.05539787463070341 0.9549406012465257 -0.29158107547871653
vn 0.30528000955171997 0.9106600114718089 -0.278392635093436
vn 0.2875635721188398 0.757504787515147 -0.586083346361151
vn 0.8863449407183094 0.4522280130315497 -0.09941061458714207
vn 0.8754305422766461 0.4714674148708844 -0.10648869594554718
vn 0.8909689194095369 0.4526125710007412 -0.03628009396764609
vn 0.8968612902131249 0.4412232720899794 -0.031013711217158377
vn 0.8982165767025299 0.4392877272539921 -0.015273310735091241
vn -0.561926561515974 0.8204697455762564 -0.10520425873921369
vn -0.5611983147121096 0.8200865000071478 -0.11186860180727545
vn -0.1250684880828049 0.9827691609453325 -0.13609794114346002
vn -0.14723884976604645 0.9778514838593232 -0.14875213152654776
vn 0.14028096541386462 0.9786071644638232 -0.15049673884383633
vn 0.16023298718413947 0.9773571376226495 -0.1381970164515465
vn 0.8750374063300782 0.4775021184496711 -0.07938050389866541
vn 0.878213294019384 0.47803021562070547 -0.015116982544311758
vn -0.6606416453423393 0.7328032197041433 0.1629480212540426
vn -0.6932911031586517 0.7205361303155582 -0.013233714177841149
vn -0.6461249604924465 0.7609449659704308 -0.05903638024891504
vn -0.6468957002075766 0.7615045439492171 -0.04045716991640137
vn 0.5619265615159739 0.8204697455762564 -0.10520425873921394
vn 0.5611983147121095 0.8200865000071477 -0.11186860180727566
vn 0.12506848808280485 0.9827691609453325 -0.1360979411434601
vn 0.14723884976604643 0.9778514838593233 -0.14875213152654787
vn -0.14028096541386464 0.9786071644638232 -0.15049673884383627
vn -0.16023298718413956 0.9773571376226495 -0.13819701645154642
vn -0.8750374063300782 0.47750211844967105 -0.07938050389866502
vn -0.8782132940193841 0.4780302156207055 -0.015116982544311389
vn 0.6606416453423394 0.7328032197041433 0.16294802125404234
vn 0.6932911031586517 0.7205361303155582 -0.013233714177841423
vn 0.6461249604924465 0.7609449659704309 -0.05903638024891537
vn 0.6468957002075766 0.7615045439492168 -0.04045716991640164
vn 0 -1 0
vn 0.9442541234125721 -0.10799850624368437 -0.31099915284046675
vn 0.9996396420209724 -0.026371134443108717 0.005014914592078611
vn -0.9996396420209724 -0.026371134443108717 0.005014914592079055
vn -0.9442541234125723 -0.10799850624368437 -0.3109991528404663
vn -0.0907049416423447 0.3283263380575007 -0.9401991434262269
vn 0.2601044302697785 -0.02957874643941275 0.9651273403614195
vn 0.26208547221681244 -0.030657596007138556 0.9645575758138826
vn 0.2592032709811097 -0.03962980764066443 0.9650094002956953
vn 0.2635511809795469 -0.04113156867943382 0.9637681095897785
vn 0.2656557676524218 -0.035991862599359506 0.9633958682388208
vn -0.2656557676524214 -0.035991862599359506 0.9633958682388211
vn -0.26355118097954644 -0.041131568679433815 0.9637681095897788
vn -0.25920327098110924 -0.03962980764066443 0.9650094002956955
vn -0.26208547221681194 -0.03065759600713855 0.9645575758138826
vn -0.260104430269778 -0.029578746439412742 0.9651273403614195
vn -0.2722696883898948 -0.004526082047923098 0.9622103363430291
vn -0.27278110072380535 -0.004259562355318137 0.9620666958254249
vn -0.26737157113047655 0.013074763643193616 0.9635047968260952
vn 0.26737157113047705 0.01307476364319362 0.9635047968260952
vn 0.2727811007238058 -0.004259562355318136 0.9620666958254247
vn 0.2722696883898953 -0.0045260820479230985 0.9622103363430291
vn 0.2602990176107985 -0.04136604462285904 -0.9646415250149212
vn 0.25983241970312543 -0.0424985635726269 -0.9647180861606578
vn -0.28245420734597076 0.06765709283558381 -0.9568919158095113
vn 0.28245420734597027 0.0676570928355838 -0.9568919158095113
vn -0.25983241970312587 -0.0424985635726269 -0.9647180861606576
vn -0.260299017610799 -0.04136604462285905 -0.9646415250149212
vn 0.2979318148482537 -0.04263499798559239 -0.9536345687148693
vn -0.2979318148482541 -0.042634997985592386 -0.9536345687148692
vn -1 0 2.220446049250313e-16
vn 0.9677223115486463 -0.2466743147084727 -0.05162664228913709
vn -0.9587282901449778 -0.12165023405968839 0.25698499222505283
vn -0.9702771964271323 0.09471136058773381 0.22269243424311583
vn -0.9761831798812337 0.06900778928985048 0.20568015055977268
vn -0.9443666108443322 0.27693671667755654 0.17741972629401898
vn -0.7973522908783724 0.4272076500916786 0.4262897464567471
vn -0.7078263583574792 0.545407431139038 0.4489015264762473
vn -0.4672750625096889 0.6715821516275725 0.5750055909048596
vn -0.4894091063455535 0.830414582471357 0.2662524137824264
vn -0.5183730841822815 0.8082283961535641 0.27938540628742004
vn -0.553587592512518 0.8318577416500413 -0.03941414813347374
vn -0.320783235934041 0.9469663478253345 -0.018784345344806906
vn -0.34446256628387895 0.938780786131524 -0.006014650397321988
vn 0.9761831798812337 0.06900778928985045 0.20568015055977223
vn 0.8145555136007325 0.23244080337957393 0.5314796216101848
vn 0.7973522908783724 0.42720765009167844 0.4262897464567467
vn 0.7078263583574794 0.5454074311390381 0.44890152647624687
vn 0.716874071339768 0.6679895751535652 0.19970351355673444
vn 0.4894091063455536 0.830414582471357 0.2662524137824262
vn 0.5183730841822817 0.8082283961535641 0.2793854062874198
vn 0.3000128620943321 0.8962443993335564 0.3267082172844759
vn 0.320783235934041 0.9469663478253345 -0.01878434534480706
vn 0.34446256628387895 0.938780786131524 -0.006014650397322143
vn -0.6029642827607062 0.7127556250511128 -0.3583482840378404
vn -0.5917733984731656 0.8031345324953381 -0.06913152372843537
vn -0.7987219606005636 0.5964712579675716 -0.0791534463745882
vn -0.7938331331051184 0.6021085095477289 -0.08540667137129279
vn -0.9650278165655342 0.2558947464902198 -0.056913899650822886
vn -0.9428473759131853 0.31381636177110817 0.11206300378968066
vn 0.8486544600706549 0.4050508496612151 -0.34017556730446297
vn 0.8032112600715426 0.510477700823652 -0.30702473622834164
vn 0.602964282760706 0.7127556250511129 -0.3583482840378407
vn 0.5917733984731656 0.8031345324953381 -0.0691315237284356
vn 0.553587592512518 0.8318577416500413 -0.03941414813347399
vn 0.9443666108443324 0.27693671667755654 0.17741972629401853
vn 0.9428473759131851 0.31381636177110817 0.11206300378968022
vn 0.9650278165655342 0.2558947464902198 -0.056913899650823316
vn 0.7938331331051184 0.6021085095477288 -0.08540667137129317
vn 0.7987219606005633 0.5964712579675715 -0.07915344637458854
vn -0.7658615699911416 0.6264049963250468 0.14516485865980777
vn -0.716874071339768 0.6679895751535652 0.19970351355673477
vn 0.7658615699911416 0.6264049963250468 0.14516485865980744
vn -0.8032112600715429 0.5104777008236518 -0.3070247362283413
vn -0.30001286209433203 0.8962443993335562 0.3267082172844761
vn -0.28111239232179797 0.8973557515383326 0.34018888586223656
vn -0.3659982567526335 -0.917453505632639 0.15596262711436523
vn -0.3525612545253031 -0.9260181164961411 0.13487405135341585
vn 0.3659982567526336 -0.917453505632639 0.15596262711436507
vn 0.3525612545253032 -0.9260181164961412 0.13487405135341565
vn -0.15959803199719824 -0.5257346936378484 0.8355426381030111
vn -0.10573689701530835 -0.48748404002105156 0.8667058436022733
vn 0.15959803199719863 -0.5257346936378484 0.8355426381030109
vn 0.10573689701530871 -0.4874840400210515 0.8667058436022731
vn -0.29051197237449194 -0.138680612326918 0.9467684414215092
vn -0.28045700438886695 -0.12940259753063615 0.9511040092658359
vn 0.29051197237449244 -0.13868061232691803 0.9467684414215092
vn 0.28045700438886745 -0.12940259753063618 0.9511040092658357
vn 0.07597849627726447 0.8031105596054011 0.5909659018536902
vn 0.3519391942383654 0.5508613475035409 0.7567632254446786
vn -0.7046973173406065 -0.38423870531292015 0.5964581362278527
vn -0.6903417334977163 -0.29132470896012763 0.662237272388579
vn 0.7046973173406067 -0.38423870531292015 0.5964581362278525
vn 0.6903417334977167 -0.29132470896012763 0.6622372723885788
vn 0.7980607149539972 -0.22712299350096116 0.5581346083789082
vn 0.795603752354629 -0.2173576931389802 0.5654823626538104
vn -0.8433415247072393 -0.02082875215855496 0.5369741481561159
vn -0.8323842100924486 -0.027624783974888795 0.5535100704586245
vn -0.8473008394630698 0.24132678893843879 0.4731201415981351
vn -0.8145555136007323 0.23244080337957393 0.5314796216101852
vn 0.5432937729091581 0.6705450400978552 0.5051744505794984
vn 0.46727506250968903 0.6715821516275725 0.5750055909048593
vn -0.9148709134920177 -0.40190336201752935 -0.03853439042320406
vn -0.9422449454741023 -0.3347541489272296 -0.010682813511065621
vn -0.9269882844496727 -0.3730702253236799 0.0388757954258373
vn -0.8932606368712761 -0.439963076177869 0.0922926119276558
vn -0.7450754741041776 -0.5711851873671968 0.3443980540315747
vn -0.897951521544876 -0.36784533998084346 0.24160478225734647
vn -0.24444611914370248 -0.7295992770477576 0.6386947547670736
vn -0.9837222963988829 -0.09909980895374648 0.14989887068633898
vn -0.9659721434344749 -0.11729833080195147 0.23051880552285167
vn -0.9775647123270925 -0.058991703907319 0.20220586559978984
vn -0.9974044696018473 -0.06376725983371777 -0.033437413051209314
vn -0.9996769812449957 -0.002354766758586194 -0.02530589343226912
vn -0.9988877603786643 0.0022963831773042324 -0.04709531600912471
vn -0.9939465941134973 0.07975852623587647 -0.07555624092594931
vn -0.9940002872071906 0.09584270887910112 -0.05270298081454701
vn -0.9060437694725528 0.26944564150889583 -0.3263184549973035
vn 0.9148709134920177 -0.40190336201752935 -0.03853439042320446
vn 0.9705734595235687 -0.22070625011649858 0.09631153008838225
vn 0.9724806039437219 -0.2123034970562756 0.09596197210838178
vn -0.952036222296249 -0.3023902714328484 0.04676703089416528
vn 0.9932308832007715 -0.10896765859150107 0.040230113563121526
vn 0.9929655679221636 -0.11677240045534482 -0.019585387739633954
vn 0.9861775698435916 -0.15524381696490971 -0.05790645932496379
vn 0.9872398507513761 -0.15034800671566176 0.05246859980052947
vn 0.9687381202810877 -0.21795194328732095 0.11850487218484117
vn 0.9837222963988829 -0.09909980895374647 0.1498988706863385
vn 0.24444611914370334 -0.7295992770477574 0.6386947547670735
vn 0.8957904410724334 -0.42659074725945195 0.12481914931563012
vn 0.9067953779330304 -0.4155125347150701 0.07121429669631112
vn 0.9721350270370955 -0.15978314652174136 -0.1715308581427768
vn 0.8864411978959994 -0.26913846966371796 -0.3765454644790958
vn 0.8739795667084405 -0.10029484508350568 -0.4755004322035915
vn 0.5602265015534036 -0.25313444778869876 -0.7887136478468881
vn -0.8778311732109406 -0.4754294341659452 0.05813161332487512
vn -0.8781383573745138 -0.4762325452689742 0.04555862305014498
vn -0.7765561370747973 -0.5892214592921711 0.22311126793838304
vn -0.6970612291953628 -0.6781068323659188 0.23297374669972917
vn -0.536238578939898 -0.8342693407163088 0.1282296907790644
vn -0.2905055174249513 -0.9535767893045994 0.07935900229459154
vn 0.8932606368712763 -0.43996307617786906 0.09229261192765541
vn -0.28257963499355016 -0.8772242488217806 0.388106128740548
vn -0.6846053877666057 -0.6574608448103223 0.3147390992270148
vn -0.9055086245296672 -0.41832647251394867 0.07111324276411023
vn -0.9067953779330304 -0.41551253471507005 0.07121429669631153
vn -0.9721350270370955 -0.15978314652174136 -0.17153085814277633
vn -0.9377459139173484 -0.33256398657965563 -0.10016883627937187
vn -0.9477213501397592 -0.15537045515874212 -0.278718969847833
vn -0.9222600713530247 -0.2872820060672097 -0.25866080062103264
vn -0.9212712630353096 -0.11077613642674933 -0.37281081999277826
vn -0.8994779977469047 -0.2272514046877264 -0.37322396846488104
vn -0.8893266491904339 -0.11051504661307526 -0.44371672890688363
vn -0.8909335199345599 -0.10831478767515294 -0.44102762932485495
vn 0.7765561370747975 -0.5892214592921712 0.22311126793838276
vn -0.8504690305493832 -0.5252005990079984 0.029440768978275127
vn -0.8302809249167922 -0.555296472488795 0.047743202247201855
vn 0.8504690305493832 -0.5252005990079984 0.029440768978274755
vn 0.47295508023065697 -0.1496571856307981 -0.8682834899231251
vn 0.439539762667487 -0.48698449096438573 -0.7547522127124685
vn 0.7011116741661626 -0.39576133432250693 -0.5931402756542414
vn 0.2905055174249513 -0.9535767893045994 0.0793590022945914
vn 0.08713946463730583 -0.2717740984050459 0.9584078219311695
vn -0.1578318764991207 -0.18853214841002797 0.9693011543254582
vn 0.15783187649912114 -0.18853214841002797 0.9693011543254582
vn -0.08713946463730542 -0.2717740984050459 0.9584078219311695
vn -0.6262351860701842 -0.09931534538682991 -0.7732825834701933
vn -0.8319856363858031 0.10098548530111472 -0.5455289475419328
vn -0.808513156422929 0.21454561658389942 -0.5479750489718188
vn -0.7706502540486926 -0.15642031713539406 -0.617762794543301
vn -0.619917734823946 -0.09474005273823502 -0.7789263921949906
vn -0.5597020576497026 -0.1718171233180391 -0.810686426923137
vn -0.7395904116389165 -0.07574118673410543 -0.6687819492509405
vn -0.6827355211626001 -0.2764059852468039 -0.676366719659222
vn -0.8423439557861799 -0.08651037318178811 -0.5319517040882921
vn 0.6827355211625998 -0.2764059852468039 -0.6763667196592222
vn 0.8423439557861798 -0.08651037318178811 -0.5319517040882927
vn 0.8407013688866367 -0.08400378318946015 -0.5349435229648017
vn 0.8496442024863885 -0.07746341065042243 -0.5216360313395471
vn 0.8936376891733054 -0.1105359025098518 -0.43496378555613946
vn 0.9590093849958474 -0.07838757963047135 -0.2723167032144066
vn 0.5438988975628343 0.07799391256052281 -0.8355183653477851
vn 0.2836134833729525 -0.1120630586141788 -0.9523682391507474
vn 0.2936327997650183 -0.1841509845612911 -0.9380128963864325
vn 0.7045079230363618 0.0303442070998884 -0.7090471179508954
vn 0.7395904116389163 -0.07574118673410545 -0.6687819492509407
vn 0.6156398447658334 0.002073360073785118 -0.788024925186193
vn -0.4437974595678649 -0.4207011172400569 -0.7912359855530315
vn -0.459827406631713 -0.3334712815730997 -0.8230161969708419
vn -0.4663059600728646 -0.32405550716790893 -0.8231322979173357
vn -0.1327724430150802 0.10697168443791452 -0.9853570607167347
vn -0.5784846564617752 0.37457017812369303 -0.7246051917414662
vn -0.4970059712442171 0.09004134124531507 -0.8630629301588254
vn -0.7601935654257684 0.25838722959708743 -0.5961055130313763
vn -0.7602003028053593 0.25849997718034884 -0.5960480361618509
vn -0.5637388793290585 0.08061788445943226 -0.8220092655427327
vn -0.6863943660799112 -0.05780163082778312 -0.7249287866317667
vn -0.6893464774683945 -0.05003321207431903 -0.7227019521846074
vn -0.34812704144493395 0.07477795273542008 -0.9344601761442254
vn -0.33295372264860357 0.04499374630386525 -0.9418690892942502
vn 0.2290595437003652 -0.04030132007654708 -0.9725777753166418
vn -0.009217828963050716 -0.10834991939023232 -0.9940700813309584
vn -0.04390493243200172 -0.06750973481478795 -0.996752121950778
vn -0.19675972791183466 0.01684164685675158 -0.9803070786254751
vn -0.3480868616159419 0.18618599574805855 -0.9187874138002045
vn 0.760193565425768 0.25838722959708726 -0.5961055130313766
vn 0.7602003028053591 0.2584999771803488 -0.5960480361618513
vn 0.764831199419004 0.24996111946267607 -0.5937614631754519
vn 0.49436606293217733 -0.20416783281793952 -0.8449365016753415
vn 0.043904932432001276 -0.06750973481478795 -0.996752121950778
vn -0.35582552948871093 0.275253984891597 -0.8930976633971086
vn -0.2941931972367502 0.21969736319635144 -0.9301523699395648
vn -0.7648311994190045 0.24996111946267618 -0.5937614631754515
vn -0.4943660629321776 -0.20416783281793963 -0.8449365016753415
vn 0.5637388793290582 0.08061788445943228 -0.8220092655427331
vn 0.686394366079911 -0.0578016308277831 -0.724928786631767
vn -0.6190938925221748 0.04870263789508173 -0.7838053363583348
vn 0.13277244301507976 0.10697168443791452 -0.9853570607167347
vn 0.6190938925221744 0.04870263789508171 -0.7838053363583352
vn 0.6681514465932299 -0.23969954147017422 -0.7043562835911684
vn 0.852939441706578 -0.0773132242482583 -0.5162528199802976
vn 0.8498908828478182 -0.06102740700625445 -0.5234129754278635
vn 0.891830076929224 -0.11302130764703236 -0.43802431199896796
vn -0.9754385205713558 -0.026787838907322423 -0.2186369233963931
vn -0.9607175058409307 -0.07375912786664834 -0.26754712674056647
vn -0.9841916807868206 -0.11586106909389873 -0.13395129017083696
vn -0.9856389310214968 -0.05819769863909978 -0.15852105704894218
vn -0.9954770797480016 -0.08887276135256666 -0.03357105875543591
vn -0.9947834672665744 -0.0987352778435451 -0.02563587646737326
vn -0.9947721795254911 -0.09389929979668779 -0.0401401586917124
vn -0.993581666473698 -0.1094904966928527 -0.028413081165220535
vn -0.9752064845103005 -0.15413528170268295 0.1587911442854915
vn -0.8957904410724334 -0.42659074725945195 0.12481914931563051
vn -0.8246436782829145 -0.14360782004286093 -0.5471193634761635
vn -0.864032828476547 -0.04180804008757521 -0.5016964810508976
vn -0.7236444363336294 -0.14971953855178452 -0.6737379234830295
vn -0.6304440212469946 -0.5715762696542994 -0.5252055826454959
vn -0.5809132200398075 -0.593409254678668 -0.5571402760927358
vn -0.727958027249199 -0.29666393206704045 -0.6181161880860079
vn -0.5809704612330071 -0.3258894510881174 -0.7458346927062275
vn -0.6767877650387822 -0.22800549093652778 -0.6999798691366795
vn -0.5241360099023141 -0.1439087850879679 -0.8393876962990263
vn -0.5896634873008575 -0.1136613474600809 -0.7996111991697905
vn -0.3828078156909797 0.17999402988283036 -0.9061237914614314
vn 0.4815770550636321 -0.4888079417763139 -0.7274272032943525
vn 0.8254484495038145 -0.37358492608304666 -0.42316564158172554
vn 0.7684927879799758 -0.28488850365354007 -0.5729374968605309
vn 0.48299637946082663 -0.328704244680285 -0.8115836475415806
vn 0.9982793387921909 -0.05758716373426315 -0.011048996048041599
vn 0.9954770797480014 -0.08887276135256665 -0.033571058755436346
vn 0.9947834672665744 -0.0987352778435451 -0.02563587646737371
vn 0.9222600713530245 -0.28728200606720977 -0.2586608006210331
vn 0.9477213501397592 -0.15537045515874212 -0.2787189698478335
vn 0.8017304480491068 -0.2962136485957937 -0.5191201817079993
vn 0.9377459139173484 -0.3325639865796557 -0.10016883627937233
vn 0.993581666473698 -0.10949049669285274 -0.028413081165220972
vn 0.9947721795254911 -0.09389929979668776 -0.040140158691712835
vn 0.9978347514201701 -0.06047683192678714 -0.02585269151068706
vn 0.9979498510919658 -0.06065018676952025 -0.020436475976685606
vn 0.999874927081871 0.01498753488701423 0.00505014762497177
vn 0.9998348935877929 0.01723853264806525 -0.005746177549355738
vn 0.9919895465647677 0.119837663343391 -0.03994588778113356
vn 0.9793141372508861 -0.02483144876976925 -0.200816383127839
vn -0.7246413109708671 -0.19286999791033968 -0.6615860747782475
vn 0.7521925725796959 -0.32071522810111913 -0.5756284185305535
vn -0.9917445082148773 0.11616417231467596 -0.05430207635143903
vn -0.9196650755104515 0.27088226056892084 -0.28432191226746306
vn -0.9165025208017578 0.09639342038482256 -0.38824146850966185
vn -0.6658175097677494 0.31736572978263206 -0.6752525729282416
vn -0.43285320817201534 0.1923673881791338 -0.8807002260362674
vn 0.4328532081720149 0.19236738817913374 -0.8807002260362676
vn 0.9659721434344751 -0.11729833080195151 0.2305188055228513
vn 0.9775647123270925 -0.058991703907319004 0.2022058655997894
vn 0.9974044696018473 -0.06376725983371777 -0.033437413051209765
vn 0.9996769812449957 -0.0023547667585861933 -0.02530589343226956
vn 0.9988877603786643 0.0022963831773042337 -0.04709531600912517
vn 0.9934441638887695 0.08430020300849829 -0.07721508277577599
vn 0.9933275340571012 0.10491454316467265 -0.04788892060369328
vn -0.9978347514201701 -0.06047683192678714 -0.025852691510686615
vn -0.9979498510919658 -0.06065018676952024 -0.020436475976685152
vn -0.999874927081871 0.01498753488701423 0.005050147624972214
vn -0.9998348935877929 0.017238532648065248 -0.005746177549355293
vn -0.9919895465647677 0.119837663343391 -0.039945887781133116
vn 0.9754385205713556 -0.026787838907322416 -0.21863692339639348
vn 0.9758047415468638 -0.04398224059043811 -0.21417438896213328
vn 0.8628736774127542 0.005759923341902996 -0.5053868222572545
vn 0.9816153896685812 0 -0.1908696591022247
vn -0.9959643322967422 -0.052873958562334546 -0.07252167468180186
vn -0.9959556225640221 -0.05198710796130432 -0.07327849949972438
vn -0.9991254571144211 0.01017825033307734 -0.04055519900156431
vn -0.9982793387921909 -0.05758716373426315 -0.011048996048041155
vn -0.7362131964231086 -0.15096506555867054 -0.6596966563454266
vn 0.41171389407557635 -0.5142482572938226 -0.7523565639345426
vn -0.7733817883337759 0.04749430709155955 -0.6321589201043858
vn -0.7519315103686023 -0.16352723301414246 -0.6386374932444312
vn -0.701449115191298 0.0454630490766337 -0.7112680577433523
vn -0.6433978943312364 -0.08435447961858557 -0.7608702066308082
vn -0.6746155615583256 -0.23071006671018757 -0.701189495943804
vn -0.4815770550636324 -0.4888079417763139 -0.7274272032943523
vn -0.8254484495038147 -0.37358492608304666 -0.4231656415817252
vn -0.7684927879799762 -0.2848885036535401 -0.5729374968605305
vn -0.7846206086703945 -0.2521897073211652 -0.5663663584385685
vn -0.7861665272966338 -0.12508163876714248 -0.6052245657618973
vn -0.5896327532317597 -0.07703136516228958 -0.8039896672828383
vn -0.46886419427004394 0.1031226233731703 -0.8772297828278165
vn -0.48915208963578144 -0.1627759691711438 -0.8568746799067782
vn 0.6746155615583254 -0.23071006671018757 -0.7011894959438042
vn 0.6433978943312361 -0.08435447961858558 -0.7608702066308086
vn 0.7846206086703941 -0.2521897073211651 -0.566366358438569
vn -0.5360103427531628 0.1698650162181358 -0.826945456923762
vn -0.9475518234431102 0.30790480275864257 -0.08567481734908096
vn -0.9889107821256741 0.12161336267854074 -0.08523881166232501
vn -0.9949538152033292 0.0996006095414378 -0.012108847645981016
vn -0.9994799066465071 -0.03218328895299952 -0.002037675650655331
vn 0.8178931274979582 -0.28433244614857983 0.5002058496846813
vn 0.9994799066465071 -0.03218328895299952 -0.002037675650655775
vn 0.9958090570455442 -0.03665584755618086 -0.08378944292691182
vn 0.9930904772482971 -0.02364349093021152 -0.1149447229557875
vn 0.9752064845103005 -0.15413528170268298 0.1587911442854911
vn 0.9224015532111085 -0.3651741692799385 -0.12579030457249749
vn -0.9687381202810875 -0.2179519432873209 0.11850487218484156
vn 0.9743992287922468 -0.2237580340072892 -0.021874303332161706
vn 0.9693401698014467 -0.24520421872709455 0.015953881275027067
vn -0.999607672052037 0.024321410325112723 0.013891399299735034
vn -0.9994464196102448 0.017887064935875628 0.0280518668940689
vn -0.9376154243359502 0.3476737237743635 -0.0005457510271183977
vn -0.9624812075470818 -0.2372291042341122 0.13172804265983826
vn -0.9601158671594406 -0.2514771500838702 0.1222160571053176
usemtl none
f 5/1/1 6/2/1 7/3/1
f 8/4/2 9/5/2 10/6/2
f 7/7/3 6/8/3 11/9/3
f 12/10/4 8/11/4 10/12/4
f 13/13/5 14/14/5 15/15/5
f 16/16/6 17/17/6 18/18/6
f 15/19/7 19/20/7 20/21/7
f 21/22/8 18/23/8 22/24/8
f 23/25/9 24/26/9 25/27/9
f 26/28/10 27/29/10 28/30/10
f 29/31/11 13/32/11 15/33/11
f 29/34/12 15/35/12 30/36/12
f 18/37/13 17/38/13 31/39/13
f 18/40/14 31/41/14 32/42/14
f 33/43/15 30/44/15 34/45/15
f 33/46/16 34/47/16 35/48/16
f 36/49/17 32/50/17 37/51/17
f 36/52/18 37/53/18 38/54/18
f 30/55/19 15/56/19 20/57/19
f 30/58/20 20/59/20 34/60/20
f 22/61/21 18/62/21 32/63/21
f 22/64/22 32/65/22 36/66/22
f 39/67/23 40/68/23 41/69/23
f 39/70/24 41/71/24 42/72/24
f 43/73/25 44/74/25 45/75/25
f 43/76/26 45/77/26 46/78/26
f 40/79/27 23/80/27 25/81/27
f 40/82/28 25/83/28 41/84/28
f 28/85/29 27/86/29 44/87/29
f 28/88/30 44/89/30 43/90/30
f 47/91/31 48/92/31 49/93/31
f 48/94/32 50/95/32 49/96/32
f 51/97/33 52/98/33 48/99/33
f 52/100/34 53/101/34 48/102/34
f 54/103/35 55/104/35 56/105/35
f 57/106/36 58/107/36 59/108/36
f 60/109/37 54/110/37 56/111/37
f 59/112/38 58/113/38 61/114/38
f 62/115/39 63/116/39 64/117/39
f 65/118/40 62/119/40 64/120/40
f 66/121/41 67/122/41 68/123/41
f 69/124/42 66/125/42 70/126/42
f 71/127/43 72/128/43 73/129/43
f 74/130/44 75/131/44 76/132/44
f 77/133/45 78/134/45 79/135/45
f 80/136/46 77/137/46 79/138/46
f 81/139/47 82/140/47 83/141/47
f 82/142/48 84/143/48 85/144/48
f 72/145/49 81/146/49 83/147/49
f 72/148/50 83/149/50 78/150/50
f 85/151/51 84/152/51 74/153/51
f 85/154/52 74/155/52 80/156/52
f 63/157/53 86/158/53 87/159/53
f 63/160/54 87/161/54 88/162/54
f 89/163/55 90/164/55 65/165/55
f 89/166/56 65/167/56 91/168/56
f 64/169/57 63/170/57 88/171/57
f 64/172/58 88/173/58 92/174/58
f 91/175/59 65/176/59 64/177/59
f 91/178/60 64/179/60 93/180/60
f 86/181/61 94/182/61 95/183/61
f 86/184/62 95/185/62 87/186/62
f 96/187/63 97/188/63 90/189/63
f 96/190/64 90/191/64 89/192/64
f 98/193/65 99/194/65 100/195/65
f 101/196/66 102/197/66 103/198/66
f 104/199/67 105/200/67 106/201/67
f 107/202/68 104/203/68 106/204/68
f 108/205/69 109/206/69 110/207/69
f 111/208/70 112/209/70 113/210/70
f 114/211/71 115/212/71 116/213/71
f 117/214/72 118/215/72 119/216/72
f 120/217/73 121/218/73 122/219/73
f 123/220/74 124/221/74 125/222/74
f 126/223/75 127/224/75 128/225/75
f 129/226/76 130/227/76 131/228/76
f 132/229/77 133/230/77 134/231/77
f 132/232/78 134/233/78 135/234/78
f 136/235/79 137/236/79 138/237/79
f 136/238/80 138/239/80 139/240/80
f 140/241/81 141/242/81 142/243/81
f 143/244/82 144/245/82 145/246/82
f 146/247/83 147/248/83 148/249/83
f 149/250/84 150/251/84 151/252/84
f 147/253/85 152/254/85 153/255/85
f 147/256/86 153/257/86 148/258/86
f 154/259/87 155/260/87 150/261/87
f 154/262/88 150/263/88 149/264/88
f 156/265/89 157/266/89 158/267/89
f 159/268/90 160/269/90 161/270/90
f 162/271/91 163/272/91 164/273/91
f 164/274/92 163/275/92 165/276/92
f 166/277/93 167/278/93 168/279/93
f 169/280/94 170/281/94 166/282/94
f 171/283/95 172/284/95 173/285/95
f 171/286/96 173/287/96 174/288/96
f 175/289/97 176/290/97 177/291/97
f 175/292/98 177/293/98 178/294/98
f 179/295/99 180/296/99 181/297/99
f 179/298/100 181/299/100 182/300/100
f 182/301/101 181/302/101 183/303/101
f 182/304/102 183/305/102 184/306/102
f 184/307/103 183/308/103 185/309/103
f 184/310/104 185/311/104 186/312/104
f 186/313/105 185/314/105 187/315/105
f 186/316/106 187/317/106 188/318/106
f 188/319/107 187/320/107 189/321/107
f 190/322/108 191/323/108 192/324/108
f 190/325/109 192/326/109 193/327/109
f 193/328/110 192/329/110 194/330/110
f 193/331/111 194/332/111 195/333/111
f 195/334/112 194/335/112 196/336/112
f 195/337/113 196/338/113 197/339/113
f 197/340/114 196/341/114 198/342/114
f 197/343/115 198/344/115 199/345/115
f 199/346/116 198/347/116 200/348/116
f 201/349/117 202/350/117 203/351/117
f 201/352/118 203/353/118 204/354/118
f 203/355/119 5/356/119 204/357/119
f 204/358/120 5/359/120 205/360/120
f 205/361/121 5/362/121 206/363/121
f 205/364/122 206/365/122 207/366/122
f 207/367/123 206/368/123 208/369/123
f 207/370/124 208/371/124 209/372/124
f 209/373/125 208/374/125 179/375/125
f 210/376/126 199/377/126 211/378/126
f 210/379/127 211/380/127 212/381/127
f 212/382/128 211/383/128 213/384/128
f 212/385/129 213/386/129 214/387/129
f 214/388/130 213/389/130 9/390/130
f 214/391/131 9/392/131 215/393/131
f 215/394/132 9/395/132 216/396/132
f 215/397/133 216/398/133 217/399/133
f 217/400/134 216/401/134 218/402/134
f 6/403/135 5/404/135 203/405/135
f 6/406/136 203/407/136 219/408/136
f 219/409/137 203/410/137 202/411/137
f 220/412/138 218/413/138 216/414/138
f 220/415/139 216/416/139 8/417/139
f 8/418/140 216/419/140 9/420/140
f 7/421/141 11/422/141 23/423/141
f 7/424/142 23/425/142 221/426/142
f 10/427/143 222/428/143 27/429/143
f 10/430/144 27/431/144 12/432/144
f 29/433/145 30/434/145 219/435/145
f 219/436/146 30/437/146 33/438/146
f 219/439/147 33/440/147 6/441/147
f 6/442/148 33/443/148 11/444/148
f 32/445/149 31/446/149 220/447/149
f 32/448/150 220/449/150 37/450/150
f 37/451/151 220/452/151 8/453/151
f 37/454/152 8/455/152 12/456/152
f 221/457/153 23/458/153 40/459/153
f 221/460/154 40/461/154 223/462/154
f 223/463/155 40/464/155 39/465/155
f 223/466/156 39/467/156 224/468/156
f 224/469/157 39/470/157 14/471/157
f 224/472/158 14/473/158 13/474/158
f 27/475/159 222/476/159 44/477/159
f 44/478/160 222/479/160 225/480/160
f 44/481/161 225/482/161 45/483/161
f 45/484/162 225/485/162 226/486/162
f 45/487/163 226/488/163 16/489/163
f 16/490/164 226/491/164 17/492/164
f 19/493/165 15/494/165 14/495/165
f 19/496/166 14/497/166 42/498/166
f 42/499/167 14/500/167 39/501/167
f 46/502/168 45/503/168 16/504/168
f 46/505/169 16/506/169 21/507/169
f 21/508/170 16/509/170 18/510/170
f 24/511/171 23/512/171 11/513/171
f 24/514/172 11/515/172 35/516/172
f 35/517/173 11/518/173 33/519/173
f 38/520/174 37/521/174 12/522/174
f 38/523/175 12/524/175 26/525/175
f 26/526/176 12/527/176 27/528/176
f 227/529/177 228/530/177 229/531/177
f 229/532/178 228/533/178 230/534/178
f 229/535/179 230/536/179 185/537/179
f 185/538/180 230/539/180 231/540/180
f 185/541/181 231/542/181 187/543/181
f 187/544/182 231/545/182 232/546/182
f 187/547/183 232/548/183 189/549/183
f 189/550/184 232/551/184 233/552/184
f 234/553/185 235/554/185 236/555/185
f 234/556/186 236/557/186 237/558/186
f 237/559/187 236/560/187 194/561/187
f 237/562/188 194/563/188 238/564/188
f 238/565/189 194/566/189 192/567/189
f 238/568/190 192/569/190 239/570/190
f 239/571/191 192/572/191 191/573/191
f 239/574/192 191/575/192 240/576/192
f 5/577/193 7/578/193 241/579/193
f 241/580/194 7/581/194 221/582/194
f 241/583/195 221/584/195 242/585/195
f 242/586/196 221/587/196 223/588/196
f 242/589/197 223/590/197 243/591/197
f 243/592/198 223/593/198 224/594/198
f 243/595/199 224/596/199 244/597/199
f 244/598/200 224/599/200 13/600/200
f 244/601/201 13/602/201 245/603/201
f 245/604/202 13/605/202 29/606/202
f 245/607/203 29/608/203 202/609/203
f 202/610/204 29/611/204 219/612/204
f 10/613/205 9/614/205 246/615/205
f 10/616/206 246/617/206 222/618/206
f 222/619/207 246/620/207 247/621/207
f 222/622/208 247/623/208 225/624/208
f 225/625/209 247/626/209 248/627/209
f 225/628/210 248/629/210 226/630/210
f 226/631/211 248/632/211 249/633/211
f 226/634/212 249/635/212 17/636/212
f 17/637/213 249/638/213 250/639/213
f 17/640/214 250/641/214 31/642/214
f 31/643/215 250/644/215 218/645/215
f 31/646/216 218/647/216 220/648/216
f 251/649/217 252/650/217 253/651/217
f 251/652/218 253/653/218 254/654/218
f 254/655/219 253/656/219 255/657/219
f 254/658/220 255/659/220 256/660/220
f 256/661/221 255/662/221 257/663/221
f 256/664/222 257/665/222 258/666/222
f 258/667/223 257/668/223 259/669/223
f 258/670/224 259/671/224 260/672/224
f 260/673/225 259/674/225 261/675/225
f 262/676/226 261/677/226 259/678/226
f 262/679/227 259/680/227 263/681/227
f 263/682/228 259/683/228 264/684/228
f 263/685/229 264/686/229 265/687/229
f 265/688/230 264/689/230 266/690/230
f 265/691/231 266/692/231 267/693/231
f 267/694/232 266/695/232 268/696/232
f 267/697/233 268/698/233 269/699/233
f 269/700/234 268/701/234 270/702/234
f 260/703/235 271/704/235 258/705/235
f 258/706/236 271/707/236 272/708/236
f 258/709/237 272/710/237 256/711/237
f 256/712/238 272/713/238 273/714/238
f 256/715/239 273/716/239 254/717/239
f 254/718/240 273/719/240 274/720/240
f 254/721/241 274/722/241 251/723/241
f 251/724/242 274/725/242 275/726/242
f 251/727/243 275/728/243 276/729/243
f 276/730/244 275/731/244 277/732/244
f 276/733/245 277/734/245 278/735/245
f 278/736/246 277/737/246 279/738/246
f 278/739/247 279/740/247 280/741/247
f 280/742/248 279/743/248 281/744/248
f 280/745/249 281/746/249 25/747/249
f 25/748/250 281/749/250 41/750/250
f 282/751/251 262/752/251 263/753/251
f 282/754/252 263/755/252 283/756/252
f 283/757/253 263/758/253 265/759/253
f 283/760/254 265/761/254 284/762/254
f 284/763/255 265/764/255 267/765/255
f 284/766/256 267/767/256 285/768/256
f 285/769/257 267/770/257 269/771/257
f 285/772/258 269/773/258 286/774/258
f 286/775/259 269/776/259 287/777/259
f 286/778/260 287/779/260 288/780/260
f 288/781/261 287/782/261 289/783/261
f 288/784/262 289/785/262 290/786/262
f 290/787/263 289/788/263 291/789/263
f 290/790/264 291/791/264 292/792/264
f 292/793/265 291/794/265 28/795/265
f 292/796/266 28/797/266 43/798/266
f 293/799/267 48/800/267 47/801/267
f 293/802/268 47/803/268 294/804/268
f 294/805/269 47/806/269 295/807/269
f 294/808/270 295/809/270 296/810/270
f 296/811/271 295/812/271 297/813/271
f 296/814/272 297/815/272 298/816/272
f 298/817/273 297/818/273 299/819/273
f 298/820/274 299/821/274 300/822/274
f 300/823/275 299/824/275 301/825/275
f 300/826/276 301/827/276 302/828/276
f 302/829/277 301/830/277 303/831/277
f 302/832/278 303/833/278 20/834/278
f 20/835/279 303/836/279 34/837/279
f 22/838/280 36/839/280 304/840/280
f 22/841/281 304/842/281 305/843/281
f 305/844/282 304/845/282 306/846/282
f 305/847/283 306/848/283 307/849/283
f 307/850/284 306/851/284 308/852/284
f 307/853/285 308/854/285 309/855/285
f 309/856/286 308/857/286 310/858/286
f 309/859/287 310/860/287 311/861/287
f 311/862/288 310/863/288 312/864/288
f 311/865/289 312/866/289 313/867/289
f 313/868/290 312/869/290 50/870/290
f 313/871/291 50/872/291 314/873/291
f 314/874/292 50/875/292 48/876/292
f 51/877/293 48/878/293 293/879/293
f 51/880/294 293/881/294 315/882/294
f 315/883/295 293/884/295 316/885/295
f 315/886/296 316/887/296 317/888/296
f 317/889/297 316/890/297 318/891/297
f 317/892/298 318/893/298 275/894/298
f 275/895/299 318/896/299 277/897/299
f 286/898/300 288/899/300 319/900/300
f 286/901/301 319/902/301 320/903/301
f 320/904/302 319/905/302 321/906/302
f 320/907/303 321/908/303 322/909/303
f 322/910/304 321/911/304 314/912/304
f 322/913/305 314/914/305 53/915/305
f 53/916/306 314/917/306 48/918/306
f 49/919/307 259/920/307 323/921/307
f 49/922/308 323/923/308 47/924/308
f 47/925/309 323/926/309 295/927/309
f 50/928/310 312/929/310 324/930/310
f 50/931/311 324/932/311 49/933/311
f 49/934/312 324/935/312 259/936/312
f 315/937/313 317/938/313 325/939/313
f 315/940/314 325/941/314 326/942/314
f 326/943/315 325/944/315 327/945/315
f 326/946/316 327/947/316 328/948/316
f 328/949/317 327/950/317 329/951/317
f 53/952/318 52/953/318 330/954/318
f 53/955/319 330/956/319 331/957/319
f 331/958/320 330/959/320 332/960/320
f 331/961/321 332/962/321 333/963/321
f 333/964/322 332/965/322 334/966/322
f 326/967/323 328/968/323 335/969/323
f 326/970/324 335/971/324 51/972/324
f 51/973/325 335/974/325 52/975/325
f 329/976/326 336/977/326 328/978/326
f 328/979/327 336/980/327 337/981/327
f 328/982/328 337/983/328 335/984/328
f 335/985/329 337/986/329 338/987/329
f 335/988/330 338/989/330 52/990/330
f 52/991/331 338/992/331 339/993/331
f 340/994/332 334/995/332 332/996/332
f 340/997/333 332/998/333 341/999/333
f 341/1000/334 332/1001/334 330/1002/334
f 341/1003/335 330/1004/335 342/1005/335
f 342/1006/336 330/1007/336 52/1008/336
f 342/1009/337 52/1010/337 339/1011/337
f 336/1012/338 329/1013/338 343/1014/338
f 343/1015/339 329/1016/339 271/1017/339
f 343/1018/340 271/1019/340 344/1020/340
f 344/1021/341 271/1022/341 260/1023/341
f 344/1024/342 260/1025/342 345/1026/342
f 345/1027/343 260/1028/343 261/1029/343
f 334/1030/344 340/1031/344 346/1032/344
f 334/1033/345 346/1034/345 282/1035/345
f 282/1036/346 346/1037/346 347/1038/346
f 282/1039/347 347/1040/347 262/1041/347
f 262/1042/348 347/1043/348 345/1044/348
f 262/1045/349 345/1046/349 261/1047/349
f 348/1048/350 349/1049/350 350/1050/350
f 348/1051/351 350/1052/351 351/1053/351
f 351/1054/352 350/1055/352 352/1056/352
f 351/1057/353 352/1058/353 353/1059/353
f 353/1060/354 352/1061/354 354/1062/354
f 353/1063/355 354/1064/355 355/1065/355
f 355/1066/356 354/1067/356 356/1068/356
f 355/1069/357 356/1070/357 357/1071/357
f 357/1072/358 356/1073/358 358/1074/358
f 357/1075/359 358/1076/359 359/1077/359
f 359/1078/360 358/1079/360 360/1080/360
f 359/1081/361 360/1082/361 361/1083/361
f 361/1084/362 360/1085/362 362/1086/362
f 363/1087/363 364/1088/363 365/1089/363
f 363/1090/364 365/1091/364 366/1092/364
f 366/1093/365 365/1094/365 367/1095/365
f 366/1096/366 367/1097/366 368/1098/366
f 368/1099/367 367/1100/367 369/1101/367
f 368/1102/368 369/1103/368 370/1104/368
f 370/1105/369 369/1106/369 371/1107/369
f 370/1108/370 371/1109/370 372/1110/370
f 372/1111/371 371/1112/371 373/1113/371
f 372/1114/372 373/1115/372 374/1116/372
f 374/1117/373 373/1118/373 375/1119/373
f 374/1120/374 375/1121/374 376/1122/374
f 376/1123/375 375/1124/375 377/1125/375
f 378/1126/376 379/1127/376 380/1128/376
f 378/1129/377 380/1130/377 381/1131/377
f 381/1132/378 380/1133/378 382/1134/378
f 381/1135/379 382/1136/379 383/1137/379
f 383/1138/380 382/1139/380 384/1140/380
f 383/1141/381 384/1142/381 385/1143/381
f 385/1144/382 384/1145/382 348/1146/382
f 385/1147/383 348/1148/383 386/1149/383
f 386/1150/384 348/1151/384 387/1152/384
f 386/1153/385 387/1154/385 388/1155/385
f 388/1156/386 387/1157/386 389/1158/386
f 388/1159/387 389/1160/387 390/1161/387
f 390/1162/388 389/1163/388 391/1164/388
f 392/1165/389 393/1166/389 394/1167/389
f 392/1168/390 394/1169/390 395/1170/390
f 395/1171/391 394/1172/391 396/1173/391
f 395/1174/392 396/1175/392 397/1176/392
f 397/1177/393 396/1178/393 376/1179/393
f 397/1180/394 376/1181/394 398/1182/394
f 398/1183/395 376/1184/395 399/1185/395
f 398/1186/396 399/1187/396 400/1188/396
f 400/1189/397 399/1190/397 401/1191/397
f 400/1192/398 401/1193/398 402/1194/398
f 402/1195/399 401/1196/399 403/1197/399
f 402/1198/400 403/1199/400 404/1200/400
f 404/1201/401 403/1202/401 405/1203/401
f 60/1204/402 56/1205/402 406/1206/402
f 60/1207/403 406/1208/403 86/1209/403
f 86/1210/404 406/1211/404 407/1212/404
f 86/1213/405 407/1214/405 94/1215/405
f 94/1216/406 407/1217/406 408/1218/406
f 94/1219/407 408/1220/407 409/1221/407
f 409/1222/408 408/1223/408 410/1224/408
f 411/1225/409 412/1226/409 413/1227/409
f 411/1228/410 413/1229/410 97/1230/410
f 97/1231/411 413/1232/411 414/1233/411
f 97/1234/412 414/1235/412 90/1236/412
f 90/1237/413 414/1238/413 415/1239/413
f 90/1240/414 415/1241/414 61/1242/414
f 61/1243/415 415/1244/415 59/1245/415
f 60/1246/416 86/1247/416 63/1248/416
f 60/1249/417 63/1250/417 416/1251/417
f 416/1252/418 63/1253/418 62/1254/418
f 416/1255/419 62/1256/419 417/1257/419
f 417/1258/420 62/1259/420 418/1260/420
f 417/1261/421 418/1262/421 419/1263/421
f 419/1264/422 418/1265/422 420/1266/422
f 419/1267/423 420/1268/423 421/1269/423
f 421/1270/424 420/1271/424 422/1272/424
f 421/1273/425 422/1274/425 338/1275/425
f 338/1276/426 422/1277/426 339/1278/426
f 342/1279/427 339/1280/427 422/1281/427
f 342/1282/428 422/1283/428 423/1284/428
f 423/1285/429 422/1286/429 420/1287/429
f 423/1288/430 420/1289/430 424/1290/430
f 424/1291/431 420/1292/431 418/1293/431
f 424/1294/432 418/1295/432 425/1296/432
f 425/1297/433 418/1298/433 62/1299/433
f 425/1300/434 62/1301/434 426/1302/434
f 426/1303/435 62/1304/435 65/1305/435
f 426/1306/436 65/1307/436 61/1308/436
f 61/1309/437 65/1310/437 90/1311/437
f 427/1312/438 428/1313/438 429/1314/438
f 429/1315/439 428/1316/439 430/1317/439
f 429/1318/440 430/1319/440 431/1320/440
f 431/1321/441 430/1322/441 432/1323/441
f 431/1324/442 432/1325/442 433/1326/442
f 433/1327/443 432/1328/443 434/1329/443
f 433/1330/444 434/1331/444 435/1332/444
f 435/1333/445 434/1334/445 436/1335/445
f 435/1336/446 436/1337/446 437/1338/446
f 437/1339/447 436/1340/447 438/1341/447
f 437/1342/448 438/1343/448 439/1344/448
f 439/1345/449 438/1346/449 440/1347/449
f 439/1348/450 440/1349/450 441/1350/450
f 441/1351/451 440/1352/451 442/1353/451
f 441/1354/452 442/1355/452 443/1356/452
f 443/1357/453 442/1358/453 444/1359/453
f 443/1360/454 444/1361/454 343/1362/454
f 343/1363/455 444/1364/455 336/1365/455
f 445/1366/456 446/1367/456 447/1368/456
f 445/1369/457 447/1370/457 448/1371/457
f 448/1372/458 447/1373/458 449/1374/458
f 448/1375/459 449/1376/459 450/1377/459
f 450/1378/460 449/1379/460 451/1380/460
f 450/1381/461 451/1382/461 452/1383/461
f 452/1384/462 451/1385/462 453/1386/462
f 452/1387/463 453/1388/463 454/1389/463
f 454/1390/464 453/1391/464 455/1392/464
f 454/1393/465 455/1394/465 456/1395/465
f 456/1396/466 455/1397/466 457/1398/466
f 456/1399/467 457/1400/467 458/1401/467
f 458/1402/468 457/1403/468 459/1404/468
f 458/1405/469 459/1406/469 460/1407/469
f 460/1408/470 459/1409/470 461/1410/470
f 460/1411/471 461/1412/471 462/1413/471
f 462/1414/472 461/1415/472 346/1416/472
f 462/1417/473 346/1418/473 340/1419/473
f 463/1420/474 464/1421/474 465/1422/474
f 463/1423/475 465/1424/475 466/1425/475
f 466/1426/476 465/1427/476 467/1428/476
f 466/1429/477 467/1430/477 468/1431/477
f 468/1432/478 467/1433/478 469/1434/478
f 468/1435/479 469/1436/479 470/1437/479
f 470/1438/480 469/1439/480 471/1440/480
f 470/1441/481 471/1442/481 64/1443/481
f 64/1444/482 471/1445/482 472/1446/482
f 64/1447/483 472/1448/483 473/1449/483
f 64/1450/484 473/1451/484 474/1452/484
f 474/1453/485 473/1454/485 475/1455/485
f 474/1456/486 475/1457/486 476/1458/486
f 476/1459/487 475/1460/487 477/1461/487
f 476/1462/488 477/1463/488 478/1464/488
f 478/1465/489 477/1466/489 479/1467/489
f 478/1468/490 479/1469/490 480/1470/490
f 480/1471/491 479/1472/491 481/1473/491
f 465/1474/492 464/1475/492 66/1476/492
f 465/1477/493 66/1478/493 467/1479/493
f 467/1480/494 66/1481/494 482/1482/494
f 467/1483/495 482/1484/495 469/1485/495
f 469/1486/496 482/1487/496 483/1488/496
f 469/1489/497 483/1490/497 471/1491/497
f 471/1492/498 483/1493/498 484/1494/498
f 471/1495/499 484/1496/499 472/1497/499
f 481/1498/500 479/1499/500 66/1500/500
f 66/1501/501 479/1502/501 477/1503/501
f 66/1504/502 477/1505/502 482/1506/502
f 482/1507/503 477/1508/503 475/1509/503
f 482/1510/504 475/1511/504 483/1512/504
f 483/1513/505 475/1514/505 473/1515/505
f 483/1516/506 473/1517/506 484/1518/506
f 484/1519/507 473/1520/507 472/1521/507
f 66/1522/508 464/1523/508 67/1524/508
f 69/1525/509 481/1526/509 66/1527/509
f 485/1528/510 486/1529/510 487/1530/510
f 487/1531/511 486/1532/511 488/1533/511
f 487/1534/512 488/1535/512 489/1536/512
f 489/1537/513 488/1538/513 490/1539/513
f 489/1540/514 490/1541/514 491/1542/514
f 491/1543/515 490/1544/515 492/1545/515
f 491/1546/516 492/1547/516 464/1548/516
f 464/1549/517 492/1550/517 67/1551/517
f 486/1552/518 485/1553/518 493/1554/518
f 486/1555/519 493/1556/519 494/1557/519
f 494/1558/520 493/1559/520 495/1560/520
f 494/1561/521 495/1562/521 496/1563/521
f 496/1564/522 495/1565/522 497/1566/522
f 496/1567/523 497/1568/523 498/1569/523
f 498/1570/524 497/1571/524 481/1572/524
f 498/1573/525 481/1574/525 69/1575/525
f 68/1576/526 499/1577/526 500/1578/526
f 68/1579/527 500/1580/527 67/1581/527
f 67/1582/528 500/1583/528 501/1584/528
f 67/1585/529 501/1586/529 492/1587/529
f 492/1588/530 501/1589/530 502/1590/530
f 492/1591/531 502/1592/531 490/1593/531
f 490/1594/532 502/1595/532 503/1596/532
f 490/1597/533 503/1598/533 488/1599/533
f 488/1600/534 503/1601/534 504/1602/534
f 488/1603/535 504/1604/535 486/1605/535
f 505/1606/536 70/1607/536 506/1608/536
f 506/1609/537 70/1610/537 69/1611/537
f 506/1612/538 69/1613/538 507/1614/538
f 507/1615/539 69/1616/539 498/1617/539
f 507/1618/540 498/1619/540 508/1620/540
f 508/1621/541 498/1622/541 496/1623/541
f 508/1624/542 496/1625/542 509/1626/542
f 509/1627/543 496/1628/543 494/1629/543
f 509/1630/544 494/1631/544 504/1632/544
f 504/1633/545 494/1634/545 486/1635/545
f 510/1636/546 511/1637/546 512/1638/546
f 512/1639/547 511/1640/547 513/1641/547
f 512/1642/548 513/1643/548 514/1644/548
f 514/1645/549 513/1646/549 515/1647/549
f 514/1648/550 515/1649/550 516/1650/550
f 516/1651/551 515/1652/551 517/1653/551
f 516/1654/552 517/1655/552 518/1656/552
f 518/1657/553 517/1658/553 519/1659/553
f 518/1660/554 519/1661/554 71/1662/554
f 71/1663/555 519/1664/555 520/1665/555
f 511/1666/556 510/1667/556 521/1668/556
f 511/1669/557 521/1670/557 522/1671/557
f 522/1672/558 521/1673/558 523/1674/558
f 522/1675/559 523/1676/559 524/1677/559
f 524/1678/560 523/1679/560 525/1680/560
f 524/1681/561 525/1682/561 526/1683/561
f 526/1684/562 525/1685/562 527/1686/562
f 526/1687/563 527/1688/563 528/1689/563
f 528/1690/564 527/1691/564 75/1692/564
f 528/1693/565 75/1694/565 529/1695/565
f 71/1696/566 73/1697/566 518/1698/566
f 518/1699/567 73/1700/567 530/1701/567
f 518/1702/568 530/1703/568 516/1704/568
f 516/1705/569 530/1706/569 531/1707/569
f 516/1708/570 531/1709/570 514/1710/570
f 514/1711/571 531/1712/571 532/1713/571
f 514/1714/572 532/1715/572 512/1716/572
f 512/1717/573 532/1718/573 533/1719/573
f 512/1720/574 533/1721/574 510/1722/574
f 510/1723/575 533/1724/575 534/1725/575
f 76/1726/576 75/1727/576 527/1728/576
f 76/1729/577 527/1730/577 535/1731/577
f 535/1732/578 527/1733/578 525/1734/578
f 535/1735/579 525/1736/579 536/1737/579
f 536/1738/580 525/1739/580 523/1740/580
f 536/1741/581 523/1742/581 537/1743/581
f 537/1744/582 523/1745/582 521/1746/582
f 537/1747/583 521/1748/583 538/1749/583
f 538/1750/584 521/1751/584 510/1752/584
f 538/1753/585 510/1754/585 534/1755/585
f 72/1756/586 71/1757/586 520/1758/586
f 72/1759/587 520/1760/587 539/1761/587
f 539/1762/588 520/1763/588 519/1764/588
f 539/1765/589 519/1766/589 540/1767/589
f 540/1768/590 519/1769/590 517/1770/590
f 540/1771/591 517/1772/591 541/1773/591
f 541/1774/592 517/1775/592 515/1776/592
f 541/1777/593 515/1778/593 542/1779/593
f 542/1780/594 515/1781/594 513/1782/594
f 542/1783/595 513/1784/595 543/1785/595
f 543/1786/596 513/1787/596 511/1788/596
f 543/1789/597 511/1790/597 522/1791/597
f 543/1792/598 522/1793/598 544/1794/598
f 544/1795/599 522/1796/599 524/1797/599
f 544/1798/600 524/1799/600 545/1800/600
f 545/1801/601 524/1802/601 526/1803/601
f 545/1804/602 526/1805/602 546/1806/602
f 546/1807/603 526/1808/603 528/1809/603
f 546/1810/604 528/1811/604 547/1812/604
f 547/1813/605 528/1814/605 529/1815/605
f 547/1816/606 529/1817/606 74/1818/606
f 74/1819/607 529/1820/607 75/1821/607
f 539/1822/608 548/1823/608 549/1824/608
f 539/1825/609 549/1826/609 72/1827/609
f 72/1828/610 549/1829/610 81/1830/610
f 74/1831/611 84/1832/611 550/1833/611
f 74/1834/612 550/1835/612 547/1836/612
f 547/1837/613 550/1838/613 551/1839/613
f 552/1840/614 534/1841/614 553/1842/614
f 553/1843/615 534/1844/615 533/1845/615
f 553/1846/616 533/1847/616 554/1848/616
f 554/1849/617 533/1850/617 532/1851/617
f 554/1852/618 532/1853/618 555/1854/618
f 555/1855/619 532/1856/619 531/1857/619
f 555/1858/620 531/1859/620 556/1860/620
f 556/1861/621 531/1862/621 530/1863/621
f 556/1864/622 530/1865/622 557/1866/622
f 557/1867/623 530/1868/623 73/1869/623
f 534/1870/624 552/1871/624 558/1872/624
f 534/1873/625 558/1874/625 538/1875/625
f 538/1876/626 558/1877/626 559/1878/626
f 538/1879/627 559/1880/627 537/1881/627
f 537/1882/628 559/1883/628 560/1884/628
f 537/1885/629 560/1886/629 536/1887/629
f 536/1888/630 560/1889/630 561/1890/630
f 536/1891/631 561/1892/631 535/1893/631
f 535/1894/632 561/1895/632 562/1896/632
f 535/1897/633 562/1898/633 76/1899/633
f 563/1900/634 552/1901/634 553/1902/634
f 563/1903/635 553/1904/635 564/1905/635
f 564/1906/636 553/1907/636 554/1908/636
f 564/1909/637 554/1910/637 565/1911/637
f 565/1912/638 554/1913/638 555/1914/638
f 565/1915/639 555/1916/639 548/1917/639
f 548/1918/640 555/1919/640 556/1920/640
f 548/1921/641 556/1922/641 549/1923/641
f 549/1924/642 556/1925/642 557/1926/642
f 549/1927/643 557/1928/643 81/1929/643
f 552/1930/644 563/1931/644 558/1932/644
f 558/1933/645 563/1934/645 566/1935/645
f 558/1936/646 566/1937/646 559/1938/646
f 559/1939/647 566/1940/647 567/1941/647
f 559/1942/648 567/1943/648 560/1944/648
f 560/1945/649 567/1946/649 551/1947/649
f 560/1948/650 551/1949/650 561/1950/650
f 561/1951/651 551/1952/651 550/1953/651
f 561/1954/652 550/1955/652 562/1956/652
f 562/1957/653 550/1958/653 84/1959/653
f 557/1960/654 73/1961/654 568/1962/654
f 557/1963/655 568/1964/655 569/1965/655
f 568/1966/656 76/1967/656 562/1968/656
f 568/1969/657 562/1970/657 569/1971/657
f 570/1972/658 82/1973/658 81/1974/658
f 570/1975/659 81/1976/659 569/1977/659
f 569/1978/660 81/1979/660 557/1980/660
f 569/1981/661 562/1982/661 84/1983/661
f 569/1984/662 84/1985/662 570/1986/662
f 570/1987/663 84/1988/663 82/1989/663
f 72/1990/664 78/1991/664 77/1992/664
f 72/1993/665 77/1994/665 73/1995/665
f 73/1996/666 77/1997/666 568/1998/666
f 76/1999/667 568/2000/667 77/2001/667
f 76/2002/668 77/2003/668 74/2004/668
f 74/2005/669 77/2006/669 80/2007/669
f 571/2008/670 572/2009/670 573/2010/670
f 571/2011/671 573/2012/671 574/2013/671
f 574/2014/672 573/2015/672 575/2016/672
f 574/2017/673 575/2018/673 576/2019/673
f 576/2020/674 575/2021/674 78/2022/674
f 576/2023/675 78/2024/675 83/2025/675
f 572/2026/676 571/2027/676 577/2028/676
f 577/2029/677 571/2030/677 578/2031/677
f 577/2032/678 578/2033/678 579/2034/678
f 579/2035/679 578/2036/679 580/2037/679
f 579/2038/680 580/2039/680 80/2040/680
f 80/2041/681 580/2042/681 85/2043/681
f 571/2044/682 574/2045/682 576/2046/682
f 571/2047/683 576/2048/683 581/2049/683
f 581/2050/684 576/2051/684 83/2052/684
f 581/2053/685 83/2054/685 82/2055/685
f 578/2056/686 571/2057/686 580/2058/686
f 580/2059/687 571/2060/687 581/2061/687
f 580/2062/688 581/2063/688 85/2064/688
f 85/2065/689 581/2066/689 82/2067/689
f 573/2068/690 572/2069/690 582/2070/690
f 573/2071/691 582/2072/691 575/2073/691
f 575/2074/692 582/2075/692 79/2076/692
f 575/2077/693 79/2078/693 78/2079/693
f 572/2080/694 577/2081/694 582/2082/694
f 582/2083/695 577/2084/695 579/2085/695
f 582/2086/696 579/2087/696 79/2088/696
f 79/2089/697 579/2090/697 80/2091/697
f 92/2092/698 88/2093/698 583/2094/698
f 583/2095/699 88/2096/699 87/2097/699
f 583/2098/700 87/2099/700 584/2100/700
f 584/2101/701 87/2102/701 95/2103/701
f 584/2104/702 95/2105/702 110/2106/702
f 110/2107/703 95/2108/703 585/2109/703
f 110/2110/704 585/2111/704 108/2112/704
f 108/2113/705 585/2114/705 586/2115/705
f 108/2116/706 586/2117/706 587/2118/706
f 587/2119/707 586/2120/707 588/2121/707
f 587/2122/708 588/2123/708 100/2124/708
f 100/2125/709 588/2126/709 428/2127/709
f 100/2128/710 428/2129/710 105/2130/710
f 105/2131/711 428/2132/711 427/2133/711
f 105/2134/712 427/2135/712 106/2136/712
f 106/2137/713 427/2138/713 589/2139/713
f 91/2140/714 93/2141/714 590/2142/714
f 91/2143/715 590/2144/715 89/2145/715
f 89/2146/716 590/2147/716 591/2148/716
f 89/2149/717 591/2150/717 96/2151/717
f 96/2152/718 591/2153/718 111/2154/718
f 96/2155/719 111/2156/719 592/2157/719
f 592/2158/720 111/2159/720 113/2160/720
f 592/2161/721 113/2162/721 593/2163/721
f 593/2164/722 113/2165/722 594/2166/722
f 593/2167/723 594/2168/723 595/2169/723
f 595/2170/724 594/2171/724 101/2172/724
f 595/2173/725 101/2174/725 445/2175/725
f 445/2176/726 101/2177/726 107/2178/726
f 445/2179/727 107/2180/727 446/2181/727
f 446/2182/728 107/2183/728 106/2184/728
f 446/2185/729 106/2186/729 589/2187/729
f 430/2188/730 428/2189/730 588/2190/730
f 430/2191/731 588/2192/731 596/2193/731
f 596/2194/732 588/2195/732 586/2196/732
f 448/2197/733 450/2198/733 597/2199/733
f 448/2200/734 597/2201/734 595/2202/734
f 595/2203/735 597/2204/735 593/2205/735
f 596/2206/736 586/2207/736 598/2208/736
f 598/2209/737 586/2210/737 585/2211/737
f 598/2212/738 585/2213/738 94/2214/738
f 94/2215/739 585/2216/739 95/2217/739
f 597/2218/740 411/2219/740 599/2220/740
f 599/2221/741 411/2222/741 97/2223/741
f 599/2224/742 97/2225/742 592/2226/742
f 592/2227/743 97/2228/743 96/2229/743
f 587/2230/744 600/2231/744 108/2232/744
f 108/2233/745 600/2234/745 601/2235/745
f 108/2236/746 601/2237/746 109/2238/746
f 109/2239/747 601/2240/747 463/2241/747
f 109/2242/748 463/2243/748 110/2244/748
f 110/2245/749 463/2246/749 466/2247/749
f 110/2248/750 466/2249/750 584/2250/750
f 584/2251/751 466/2252/751 468/2253/751
f 584/2254/752 468/2255/752 583/2256/752
f 583/2257/753 468/2258/753 470/2259/753
f 583/2260/754 470/2261/754 92/2262/754
f 92/2263/755 470/2264/755 64/2265/755
f 602/2266/756 594/2267/756 113/2268/756
f 602/2269/757 113/2270/757 603/2271/757
f 603/2272/758 113/2273/758 112/2274/758
f 603/2275/759 112/2276/759 480/2277/759
f 480/2278/760 112/2279/760 111/2280/760
f 480/2281/761 111/2282/761 478/2283/761
f 478/2284/762 111/2285/762 591/2286/762
f 478/2287/763 591/2288/763 476/2289/763
f 476/2290/764 591/2291/764 590/2292/764
f 476/2293/765 590/2294/765 474/2295/765
f 474/2296/766 590/2297/766 93/2298/766
f 474/2299/767 93/2300/767 64/2301/767
f 104/2302/768 485/2303/768 98/2304/768
f 104/2305/769 98/2306/769 105/2307/769
f 105/2308/770 98/2309/770 100/2310/770
f 107/2311/771 101/2312/771 103/2313/771
f 107/2314/772 103/2315/772 104/2316/772
f 104/2317/773 103/2318/773 485/2319/773
f 489/2320/774 491/2321/774 600/2322/774
f 489/2323/775 600/2324/775 99/2325/775
f 99/2326/776 600/2327/776 587/2328/776
f 99/2329/777 587/2330/777 100/2331/777
f 497/2332/778 495/2333/778 602/2334/778
f 602/2335/779 495/2336/779 102/2337/779
f 602/2338/780 102/2339/780 594/2340/780
f 594/2341/781 102/2342/781 101/2343/781
f 604/2344/782 362/2345/782 605/2346/782
f 605/2347/783 362/2348/783 606/2349/783
f 605/2350/784 606/2351/784 607/2352/784
f 607/2353/785 606/2354/785 608/2355/785
f 607/2356/786 608/2357/786 114/2358/786
f 114/2359/787 608/2360/787 390/2361/787
f 114/2362/788 390/2363/788 115/2364/788
f 115/2365/789 390/2366/789 391/2367/789
f 364/2368/790 609/2369/790 610/2370/790
f 364/2371/791 610/2372/791 611/2373/791
f 611/2374/792 610/2375/792 612/2376/792
f 611/2377/793 612/2378/793 613/2379/793
f 613/2380/794 612/2381/794 119/2382/794
f 613/2383/795 119/2384/795 392/2385/795
f 392/2386/796 119/2387/796 118/2388/796
f 392/2389/797 118/2390/797 393/2391/797
f 362/2392/798 604/2393/798 361/2394/798
f 361/2395/799 604/2396/799 614/2397/799
f 361/2398/800 614/2399/800 615/2400/800
f 615/2401/801 614/2402/801 616/2403/801
f 615/2404/802 616/2405/802 617/2406/802
f 617/2407/803 616/2408/803 618/2409/803
f 617/2410/804 618/2411/804 391/2412/804
f 391/2413/805 618/2414/805 115/2415/805
f 609/2416/806 364/2417/806 363/2418/806
f 609/2419/807 363/2420/807 619/2421/807
f 619/2422/808 363/2423/808 620/2424/808
f 619/2425/809 620/2426/809 621/2427/809
f 621/2428/810 620/2429/810 622/2430/810
f 621/2431/811 622/2432/811 623/2433/811
f 623/2434/812 622/2435/812 393/2436/812
f 623/2437/813 393/2438/813 118/2439/813
f 616/2440/814 624/2441/814 625/2442/814
f 616/2443/815 625/2444/815 618/2445/815
f 618/2446/816 625/2447/816 626/2448/816
f 618/2449/817 626/2450/817 115/2451/817
f 115/2452/818 626/2453/818 116/2454/818
f 621/2455/819 623/2456/819 627/2457/819
f 621/2458/820 627/2459/820 628/2460/820
f 118/2461/821 117/2462/821 629/2463/821
f 118/2464/822 629/2465/822 623/2466/822
f 623/2467/823 629/2468/823 627/2469/823
f 614/2470/824 630/2471/824 624/2472/824
f 614/2473/825 624/2474/825 616/2475/825
f 619/2476/826 621/2477/826 628/2478/826
f 619/2479/827 628/2480/827 631/2481/827
f 114/2482/828 116/2483/828 632/2484/828
f 114/2485/829 632/2486/829 607/2487/829
f 607/2488/830 632/2489/830 121/2490/830
f 607/2491/831 121/2492/831 605/2493/831
f 630/2494/832 614/2495/832 604/2496/832
f 630/2497/833 604/2498/833 120/2499/833
f 120/2500/834 604/2501/834 605/2502/834
f 120/2503/835 605/2504/835 121/2505/835
f 117/2506/836 119/2507/836 633/2508/836
f 633/2509/837 119/2510/837 612/2511/837
f 633/2512/838 612/2513/838 124/2514/838
f 124/2515/839 612/2516/839 610/2517/839
f 619/2518/840 631/2519/840 609/2520/840
f 609/2521/841 631/2522/841 125/2523/841
f 609/2524/842 125/2525/842 610/2526/842
f 610/2527/843 125/2528/843 124/2529/843
f 634/2530/844 635/2531/844 636/2532/844
f 634/2533/845 636/2534/845 637/2535/845
f 637/2536/846 636/2537/846 638/2538/846
f 637/2539/847 638/2540/847 639/2541/847
f 639/2542/848 638/2543/848 640/2544/848
f 639/2545/849 640/2546/849 641/2547/849
f 641/2548/850 640/2549/850 632/2550/850
f 641/2551/851 632/2552/851 116/2553/851
f 642/2554/852 643/2555/852 644/2556/852
f 644/2557/853 643/2558/853 645/2559/853
f 644/2560/854 645/2561/854 646/2562/854
f 646/2563/855 645/2564/855 647/2565/855
f 646/2566/856 647/2567/856 648/2568/856
f 648/2569/857 647/2570/857 649/2571/857
f 648/2572/858 649/2573/858 633/2574/858
f 633/2575/859 649/2576/859 117/2577/859
f 116/2578/860 626/2579/860 650/2580/860
f 116/2581/861 650/2582/861 641/2583/861
f 641/2584/862 650/2585/862 651/2586/862
f 649/2587/863 652/2588/863 653/2589/863
f 649/2590/864 653/2591/864 117/2592/864
f 117/2593/865 653/2594/865 629/2595/865
f 654/2596/866 126/2597/866 655/2598/866
f 654/2599/867 655/2600/867 638/2601/867
f 638/2602/868 655/2603/868 122/2604/868
f 638/2605/869 122/2606/869 640/2607/869
f 640/2608/870 122/2609/870 121/2610/870
f 640/2611/871 121/2612/871 632/2613/871
f 131/2614/872 656/2615/872 657/2616/872
f 657/2617/873 656/2618/873 646/2619/873
f 657/2620/874 646/2621/874 123/2622/874
f 123/2623/875 646/2624/875 648/2625/875
f 123/2626/876 648/2627/876 124/2628/876
f 124/2629/877 648/2630/877 633/2631/877
f 624/2632/878 630/2633/878 658/2634/878
f 624/2635/879 658/2636/879 659/2637/879
f 659/2638/880 658/2639/880 660/2640/880
f 659/2641/881 660/2642/881 661/2643/881
f 661/2644/882 660/2645/882 662/2646/882
f 661/2647/883 662/2648/883 663/2649/883
f 663/2650/884 662/2651/884 664/2652/884
f 663/2653/885 664/2654/885 665/2655/885
f 665/2656/886 664/2657/886 666/2658/886
f 667/2659/887 668/2660/887 669/2661/887
f 667/2662/888 669/2663/888 670/2664/888
f 670/2665/889 669/2666/889 671/2667/889
f 670/2668/890 671/2669/890 672/2670/890
f 672/2671/891 671/2672/891 673/2673/891
f 672/2674/892 673/2675/892 674/2676/892
f 674/2677/893 673/2678/893 675/2679/893
f 674/2680/894 675/2681/894 628/2682/894
f 628/2683/895 675/2684/895 631/2685/895
f 639/2686/896 641/2687/896 651/2688/896
f 639/2689/897 651/2690/897 676/2691/897
f 676/2692/898 651/2693/898 665/2694/898
f 676/2695/899 665/2696/899 128/2697/899
f 128/2698/900 665/2699/900 666/2700/900
f 129/2701/901 668/2702/901 667/2703/901
f 129/2704/902 667/2705/902 677/2706/902
f 677/2707/903 667/2708/903 652/2709/903
f 677/2710/904 652/2711/904 647/2712/904
f 647/2713/905 652/2714/905 649/2715/905
f 678/2716/906 157/2717/906 679/2718/906
f 678/2719/907 679/2720/907 680/2721/907
f 680/2722/908 679/2723/908 681/2724/908
f 680/2725/909 681/2726/909 682/2727/909
f 682/2728/910 681/2729/910 683/2730/910
f 682/2731/911 683/2732/911 684/2733/911
f 684/2734/912 683/2735/912 685/2736/912
f 684/2737/913 685/2738/913 686/2739/913
f 686/2740/914 685/2741/914 687/2742/914
f 686/2743/915 687/2744/915 688/2745/915
f 688/2746/916 687/2747/916 689/2748/916
f 688/2749/917 689/2750/917 664/2751/917
f 160/2752/918 690/2753/918 691/2754/918
f 691/2755/919 690/2756/919 692/2757/919
f 691/2758/920 692/2759/920 693/2760/920
f 693/2761/921 692/2762/921 694/2763/921
f 693/2764/922 694/2765/922 695/2766/922
f 695/2767/923 694/2768/923 696/2769/923
f 695/2770/924 696/2771/924 697/2772/924
f 697/2773/925 696/2774/925 698/2775/925
f 697/2776/926 698/2777/926 699/2778/926
f 699/2779/927 698/2780/927 700/2781/927
f 699/2782/928 700/2783/928 701/2784/928
f 701/2785/929 700/2786/929 669/2787/929
f 128/2788/930 666/2789/930 702/2790/930
f 128/2791/931 702/2792/931 703/2793/931
f 703/2794/932 702/2795/932 704/2796/932
f 703/2797/933 704/2798/933 705/2799/933
f 705/2800/934 704/2801/934 706/2802/934
f 705/2803/935 706/2804/935 707/2805/935
f 707/2806/936 706/2807/936 708/2808/936
f 707/2809/937 708/2810/937 709/2811/937
f 709/2812/938 708/2813/938 710/2814/938
f 709/2815/939 710/2816/939 711/2817/939
f 711/2818/940 710/2819/940 712/2820/940
f 711/2821/941 712/2822/941 152/2823/941
f 152/2824/942 712/2825/942 713/2826/942
f 152/2827/943 713/2828/943 153/2829/943
f 153/2830/944 713/2831/944 148/2832/944
f 154/2833/945 149/2834/945 714/2835/945
f 154/2836/946 714/2837/946 155/2838/946
f 155/2839/947 714/2840/947 715/2841/947
f 155/2842/948 715/2843/948 716/2844/948
f 716/2845/949 715/2846/949 717/2847/949
f 716/2848/950 717/2849/950 718/2850/950
f 718/2851/951 717/2852/951 719/2853/951
f 718/2854/952 719/2855/952 720/2856/952
f 720/2857/953 719/2858/953 721/2859/953
f 720/2860/954 721/2861/954 722/2862/954
f 722/2863/955 721/2864/955 723/2865/955
f 722/2866/956 723/2867/956 724/2868/956
f 724/2869/957 723/2870/957 725/2871/957
f 724/2872/958 725/2873/958 129/2874/958
f 129/2875/959 725/2876/959 668/2877/959
f 726/2878/960 689/2879/960 687/2880/960
f 726/2881/961 687/2882/961 727/2883/961
f 727/2884/962 687/2885/962 685/2886/962
f 727/2887/963 685/2888/963 728/2889/963
f 728/2890/964 685/2891/964 683/2892/964
f 728/2893/965 683/2894/965 729/2895/965
f 729/2896/966 683/2897/966 681/2898/966
f 729/2899/967 681/2900/967 730/2901/967
f 730/2902/968 681/2903/968 679/2904/968
f 730/2905/969 679/2906/969 156/2907/969
f 156/2908/970 679/2909/970 157/2910/970
f 161/2911/971 160/2912/971 691/2913/971
f 161/2914/972 691/2915/972 731/2916/972
f 731/2917/973 691/2918/973 693/2919/973
f 731/2920/974 693/2921/974 732/2922/974
f 732/2923/975 693/2924/975 695/2925/975
f 732/2926/976 695/2927/976 733/2928/976
f 733/2929/977 695/2930/977 697/2931/977
f 733/2932/978 697/2933/978 734/2934/978
f 734/2935/979 697/2936/979 699/2937/979
f 734/2938/980 699/2939/980 735/2940/980
f 735/2941/981 699/2942/981 701/2943/981
f 736/2944/982 664/2945/982 689/2946/982
f 736/2947/983 689/2948/983 737/2949/983
f 737/2950/984 689/2951/984 738/2952/984
f 737/2953/985 738/2954/985 739/2955/985
f 739/2956/986 738/2957/986 666/2958/986
f 740/2959/987 668/2960/987 741/2961/987
f 740/2962/988 741/2963/988 742/2964/988
f 742/2965/989 741/2966/989 701/2967/989
f 742/2968/990 701/2969/990 743/2970/990
f 743/2971/991 701/2972/991 669/2973/991
f 158/2974/992 157/2975/992 678/2976/992
f 158/2977/993 678/2978/993 744/2979/993
f 744/2980/994 678/2981/994 680/2982/994
f 744/2983/995 680/2984/995 745/2985/995
f 745/2986/996 680/2987/996 682/2988/996
f 746/2989/997 694/2990/997 692/2991/997
f 746/2992/998 692/2993/998 747/2994/998
f 747/2995/999 692/2996/999 690/2997/999
f 747/2998/1000 690/2999/1000 159/3000/1000
f 159/3001/1001 690/3002/1001 160/3003/1001
f 748/3004/1002 749/3005/1002 750/3006/1002
f 750/3007/1003 749/3008/1003 751/3009/1003
f 750/3010/1004 751/3011/1004 752/3012/1004
f 752/3013/1005 751/3014/1005 753/3015/1005
f 754/3016/1006 755/3017/1006 756/3018/1006
f 754/3019/1007 756/3020/1007 757/3021/1007
f 757/3022/1008 756/3023/1008 758/3024/1008
f 757/3025/1009 758/3026/1009 759/3027/1009
f 142/3028/1010 141/3029/1010 760/3030/1010
f 142/3031/1011 760/3032/1011 761/3033/1011
f 761/3034/1012 760/3035/1012 762/3036/1012
f 761/3037/1013 762/3038/1013 763/3039/1013
f 763/3040/1014 762/3041/1014 764/3042/1014
f 763/3043/1015 764/3044/1015 765/3045/1015
f 765/3046/1016 764/3047/1016 766/3048/1016
f 765/3049/1017 766/3050/1017 767/3051/1017
f 767/3052/1018 766/3053/1018 768/3054/1018
f 767/3055/1019 768/3056/1019 769/3057/1019
f 769/3058/1020 768/3059/1020 770/3060/1020
f 769/3061/1021 770/3062/1021 126/3063/1021
f 126/3064/1022 770/3065/1022 127/3066/1022
f 131/3067/1023 130/3068/1023 771/3069/1023
f 131/3070/1024 771/3071/1024 772/3072/1024
f 772/3073/1025 771/3074/1025 773/3075/1025
f 772/3076/1026 773/3077/1026 774/3078/1026
f 774/3079/1027 773/3080/1027 775/3081/1027
f 774/3082/1028 775/3083/1028 776/3084/1028
f 776/3085/1029 775/3086/1029 777/3087/1029
f 776/3088/1030 777/3089/1030 778/3090/1030
f 778/3091/1031 777/3092/1031 779/3093/1031
f 778/3094/1032 779/3095/1032 780/3096/1032
f 780/3097/1033 779/3098/1033 781/3099/1033
f 780/3100/1034 781/3101/1034 143/3102/1034
f 143/3103/1035 781/3104/1035 144/3105/1035
f 635/3106/1036 676/3107/1036 128/3108/1036
f 635/3109/1037 128/3110/1037 782/3111/1037
f 782/3112/1038 128/3113/1038 127/3114/1038
f 783/3115/1039 130/3116/1039 129/3117/1039
f 783/3118/1040 129/3119/1040 642/3120/1040
f 642/3121/1041 129/3122/1041 677/3123/1041
f 784/3124/1042 763/3125/1042 765/3126/1042
f 784/3127/1043 765/3128/1043 785/3129/1043
f 785/3130/1044 765/3131/1044 767/3132/1044
f 785/3133/1045 767/3134/1045 786/3135/1045
f 786/3136/1046 767/3137/1046 769/3138/1046
f 786/3139/1047 769/3140/1047 654/3141/1047
f 654/3142/1048 769/3143/1048 126/3144/1048
f 656/3145/1049 131/3146/1049 772/3147/1049
f 656/3148/1050 772/3149/1050 787/3150/1050
f 787/3151/1051 772/3152/1051 774/3153/1051
f 787/3154/1052 774/3155/1052 788/3156/1052
f 788/3157/1053 774/3158/1053 776/3159/1053
f 788/3160/1054 776/3161/1054 789/3162/1054
f 789/3163/1055 776/3164/1055 778/3165/1055
f 638/3166/1056 636/3167/1056 635/3168/1056
f 638/3169/1057 635/3170/1057 654/3171/1057
f 654/3172/1058 635/3173/1058 782/3174/1058
f 656/3175/1059 783/3176/1059 642/3177/1059
f 656/3178/1060 642/3179/1060 646/3180/1060
f 646/3181/1061 642/3182/1061 644/3183/1061
f 133/3184/1062 132/3185/1062 790/3186/1062
f 133/3187/1063 790/3188/1063 791/3189/1063
f 791/3190/1064 790/3191/1064 792/3192/1064
f 791/3193/1065 792/3194/1065 2/3195/1065
f 2/3196/1066 792/3197/1066 135/3198/1066
f 2/3199/1067 135/3200/1067 134/3201/1067
f 138/3202/1068 137/3203/1068 793/3204/1068
f 793/3205/1069 137/3206/1069 794/3207/1069
f 793/3208/1070 794/3209/1070 795/3210/1070
f 795/3211/1071 794/3212/1071 796/3213/1071
f 795/3214/1072 796/3215/1072 139/3216/1072
f 139/3217/1073 796/3218/1073 136/3219/1073
f 676/3220/1074 135/3221/1074 792/3222/1074
f 676/3223/1075 792/3224/1075 797/3225/1075
f 797/3226/1076 792/3227/1076 790/3228/1076
f 797/3229/1077 790/3230/1077 634/3231/1077
f 634/3232/1078 790/3233/1078 132/3234/1078
f 634/3235/1079 132/3236/1079 635/3237/1079
f 635/3238/1080 132/3239/1080 135/3240/1080
f 635/3241/1081 135/3242/1081 676/3243/1081
f 139/3244/1082 677/3245/1082 795/3246/1082
f 795/3247/1083 677/3248/1083 798/3249/1083
f 795/3250/1084 798/3251/1084 793/3252/1084
f 793/3253/1085 798/3254/1085 643/3255/1085
f 793/3256/1086 643/3257/1086 138/3258/1086
f 138/3259/1087 643/3260/1087 642/3261/1087
f 138/3262/1088 642/3263/1088 139/3264/1088
f 139/3265/1089 642/3266/1089 677/3267/1089
f 768/3268/1090 766/3269/1090 799/3270/1090
f 799/3271/1091 766/3272/1091 800/3273/1091
f 799/3274/1092 800/3275/1092 801/3276/1092
f 801/3277/1093 800/3278/1093 140/3279/1093
f 801/3280/1094 140/3281/1094 761/3282/1094
f 761/3283/1095 140/3284/1095 142/3285/1095
f 775/3286/1096 773/3287/1096 802/3288/1096
f 775/3289/1097 802/3290/1097 803/3291/1097
f 803/3292/1098 802/3293/1098 804/3294/1098
f 803/3295/1099 804/3296/1099 145/3297/1099
f 145/3298/1100 804/3299/1100 780/3300/1100
f 145/3301/1101 780/3302/1101 143/3303/1101
f 738/3304/1102 126/3305/1102 805/3306/1102
f 738/3307/1103 805/3308/1103 806/3309/1103
f 806/3310/1104 805/3311/1104 807/3312/1104
f 806/3313/1105 807/3314/1105 808/3315/1105
f 808/3316/1106 807/3317/1106 809/3318/1106
f 808/3319/1107 809/3320/1107 810/3321/1107
f 810/3322/1108 809/3323/1108 811/3324/1108
f 810/3325/1109 811/3326/1109 146/3327/1109
f 146/3328/1110 811/3329/1110 147/3330/1110
f 151/3331/1111 150/3332/1111 812/3333/1111
f 151/3334/1112 812/3335/1112 813/3336/1112
f 813/3337/1113 812/3338/1113 814/3339/1113
f 813/3340/1114 814/3341/1114 815/3342/1114
f 815/3343/1115 814/3344/1115 816/3345/1115
f 815/3346/1116 816/3347/1116 817/3348/1116
f 817/3349/1117 816/3350/1117 818/3351/1117
f 817/3352/1118 818/3353/1118 741/3354/1118
f 741/3355/1119 818/3356/1119 131/3357/1119
f 666/3358/1120 738/3359/1120 806/3360/1120
f 666/3361/1121 806/3362/1121 702/3363/1121
f 702/3364/1122 806/3365/1122 808/3366/1122
f 702/3367/1123 808/3368/1123 704/3369/1123
f 704/3370/1124 808/3371/1124 810/3372/1124
f 704/3373/1125 810/3374/1125 706/3375/1125
f 706/3376/1126 810/3377/1126 146/3378/1126
f 706/3379/1127 146/3380/1127 708/3381/1127
f 708/3382/1128 146/3383/1128 148/3384/1128
f 719/3385/1129 149/3386/1129 151/3387/1129
f 719/3388/1130 151/3389/1130 721/3390/1130
f 721/3391/1131 151/3392/1131 813/3393/1131
f 721/3394/1132 813/3395/1132 723/3396/1132
f 723/3397/1133 813/3398/1133 815/3399/1133
f 723/3400/1134 815/3401/1134 725/3402/1134
f 725/3403/1135 815/3404/1135 817/3405/1135
f 725/3406/1136 817/3407/1136 668/3408/1136
f 668/3409/1137 817/3410/1137 741/3411/1137
f 819/3412/1138 739/3413/1138 820/3414/1138
f 819/3415/1139 820/3416/1139 821/3417/1139
f 821/3418/1140 820/3419/1140 822/3420/1140
f 821/3421/1141 822/3422/1141 823/3423/1141
f 823/3424/1142 822/3425/1142 824/3426/1142
f 823/3427/1143 824/3428/1143 825/3429/1143
f 825/3430/1144 824/3431/1144 750/3432/1144
f 826/3433/1145 756/3434/1145 827/3435/1145
f 826/3436/1146 827/3437/1146 828/3438/1146
f 828/3439/1147 827/3440/1147 829/3441/1147
f 828/3442/1148 829/3443/1148 830/3444/1148
f 830/3445/1149 829/3446/1149 831/3447/1149
f 830/3448/1150 831/3449/1150 832/3450/1150
f 832/3451/1151 831/3452/1151 740/3453/1151
f 748/3454/1152 833/3455/1152 834/3456/1152
f 748/3457/1153 834/3458/1153 749/3459/1153
f 749/3460/1154 834/3461/1154 835/3462/1154
f 749/3463/1155 835/3464/1155 753/3465/1155
f 753/3466/1156 835/3467/1156 836/3468/1156
f 753/3469/1157 836/3470/1157 752/3471/1157
f 752/3472/1158 836/3473/1158 825/3474/1158
f 752/3475/1159 825/3476/1159 750/3477/1159
f 837/3478/1160 755/3479/1160 838/3480/1160
f 838/3481/1161 755/3482/1161 754/3483/1161
f 838/3484/1162 754/3485/1162 839/3486/1162
f 839/3487/1163 754/3488/1163 759/3489/1163
f 839/3490/1164 759/3491/1164 840/3492/1164
f 840/3493/1165 759/3494/1165 758/3495/1165
f 840/3496/1166 758/3497/1166 826/3498/1166
f 826/3499/1167 758/3500/1167 756/3501/1167
f 749/3502/1168 753/3503/1168 751/3504/1168
f 757/3505/1169 759/3506/1169 754/3507/1169
f 745/3508/1170 158/3509/1170 744/3510/1170
f 747/3511/1171 159/3512/1171 746/3513/1171
f 662/3514/1172 726/3515/1172 727/3516/1172
f 662/3517/1173 727/3518/1173 841/3519/1173
f 841/3520/1174 727/3521/1174 728/3522/1174
f 841/3523/1175 728/3524/1175 842/3525/1175
f 842/3526/1176 728/3527/1176 729/3528/1176
f 842/3529/1177 729/3530/1177 843/3531/1177
f 843/3532/1178 729/3533/1178 730/3534/1178
f 843/3535/1179 730/3536/1179 844/3537/1179
f 844/3538/1180 730/3539/1180 156/3540/1180
f 844/3541/1181 156/3542/1181 745/3543/1181
f 745/3544/1182 156/3545/1182 158/3546/1182
f 746/3547/1183 159/3548/1183 161/3549/1183
f 746/3550/1184 161/3551/1184 845/3552/1184
f 845/3553/1185 161/3554/1185 731/3555/1185
f 845/3556/1186 731/3557/1186 846/3558/1186
f 846/3559/1187 731/3560/1187 732/3561/1187
f 846/3562/1188 732/3563/1188 847/3564/1188
f 847/3565/1189 732/3566/1189 733/3567/1189
f 847/3568/1190 733/3569/1190 848/3570/1190
f 848/3571/1191 733/3572/1191 734/3573/1191
f 848/3574/1192 734/3575/1192 671/3576/1192
f 671/3577/1193 734/3578/1193 735/3579/1193
f 849/3580/1194 850/3581/1194 851/3582/1194
f 849/3583/1195 851/3584/1195 852/3585/1195
f 852/3586/1196 851/3587/1196 853/3588/1196
f 852/3589/1197 853/3590/1197 854/3591/1197
f 854/3592/1198 853/3593/1198 855/3594/1198
f 854/3595/1199 855/3596/1199 856/3597/1199
f 856/3598/1200 855/3599/1200 857/3600/1200
f 856/3601/1201 857/3602/1201 858/3603/1201
f 858/3604/1202 857/3605/1202 859/3606/1202
f 858/3607/1203 859/3608/1203 860/3609/1203
f 858/3610/1204 860/3611/1204 856/3612/1204
f 856/3613/1205 860/3614/1205 861/3615/1205
f 856/3616/1206 861/3617/1206 862/3618/1206
f 862/3619/1207 861/3620/1207 863/3621/1207
f 862/3622/1208 863/3623/1208 864/3624/1208
f 864/3625/1209 863/3626/1209 865/3627/1209
f 864/3628/1210 865/3629/1210 866/3630/1210
f 866/3631/1211 865/3632/1211 867/3633/1211
f 868/3634/1212 869/3635/1212 4/3636/1212
f 868/3637/1213 4/3638/1213 870/3639/1213
f 870/3640/1214 4/3641/1214 871/3642/1214
f 870/3643/1215 871/3644/1215 872/3645/1215
f 872/3646/1216 871/3647/1216 873/3648/1216
f 872/3649/1217 873/3650/1217 870/3651/1217
f 870/3652/1218 873/3653/1218 874/3654/1218
f 870/3655/1219 874/3656/1219 868/3657/1219
f 868/3658/1220 874/3659/1220 875/3660/1220
f 876/3661/1221 877/3662/1221 878/3663/1221
f 878/3664/1222 877/3665/1222 879/3666/1222
f 878/3667/1223 879/3668/1223 880/3669/1223
f 880/3670/1224 879/3671/1224 881/3672/1224
f 880/3673/1225 881/3674/1225 882/3675/1225
f 882/3676/1226 881/3677/1226 883/3678/1226
f 882/3679/1227 883/3680/1227 884/3681/1227
f 884/3682/1228 883/3683/1228 885/3684/1228
f 884/3685/1229 885/3686/1229 886/3687/1229
f 886/3688/1230 885/3689/1230 887/3690/1230
f 886/3691/1231 887/3692/1231 888/3693/1231
f 888/3694/1232 887/3695/1232 889/3696/1232
f 888/3697/1233 889/3698/1233 890/3699/1233
f 890/3700/1234 889/3701/1234 891/3702/1234
f 890/3703/1235 891/3704/1235 892/3705/1235
f 892/3706/1236 891/3707/1236 893/3708/1236
f 892/3709/1237 893/3710/1237 874/3711/1237
f 874/3712/1238 893/3713/1238 875/3714/1238
f 894/3715/1239 868/3716/1239 895/3717/1239
f 894/3718/1240 895/3719/1240 896/3720/1240
f 896/3721/1241 895/3722/1241 897/3723/1241
f 896/3724/1242 897/3725/1242 898/3726/1242
f 898/3727/1243 897/3728/1243 899/3729/1243
f 898/3730/1244 899/3731/1244 900/3732/1244
f 900/3733/1245 899/3734/1245 901/3735/1245
f 900/3736/1246 901/3737/1246 850/3738/1246
f 850/3739/1247 901/3740/1247 902/3741/1247
f 867/3742/1248 903/3743/1248 904/3744/1248
f 867/3745/1249 904/3746/1249 905/3747/1249
f 905/3748/1250 904/3749/1250 906/3750/1250
f 905/3751/1251 906/3752/1251 907/3753/1251
f 907/3754/1252 906/3755/1252 908/3756/1252
f 907/3757/1253 908/3758/1253 909/3759/1253
f 909/3760/1254 908/3761/1254 869/3762/1254
f 909/3763/1255 869/3764/1255 894/3765/1255
f 894/3766/1256 869/3767/1256 868/3768/1256
f 897/3769/1257 895/3770/1257 910/3771/1257
f 897/3772/1258 910/3773/1258 911/3774/1258
f 911/3775/1259 910/3776/1259 912/3777/1259
f 911/3778/1260 912/3779/1260 913/3780/1260
f 913/3781/1261 912/3782/1261 914/3783/1261
f 913/3784/1262 914/3785/1262 915/3786/1262
f 915/3787/1263 914/3788/1263 916/3789/1263
f 915/3790/1264 916/3791/1264 917/3792/1264
f 917/3793/1265 916/3794/1265 918/3795/1265
f 917/3796/1266 918/3797/1266 919/3798/1266
f 919/3799/1267 918/3800/1267 920/3801/1267
f 919/3802/1268 920/3803/1268 921/3804/1268
f 921/3805/1269 920/3806/1269 922/3807/1269
f 921/3808/1270 922/3809/1270 923/3810/1270
f 923/3811/1271 922/3812/1271 924/3813/1271
f 923/3814/1272 924/3815/1272 925/3816/1272
f 925/3817/1273 924/3818/1273 926/3819/1273
f 925/3820/1274 926/3821/1274 927/3822/1274
f 927/3823/1275 926/3824/1275 928/3825/1275
f 927/3826/1276 928/3827/1276 929/3828/1276
f 929/3829/1277 928/3830/1277 930/3831/1277
f 929/3832/1278 930/3833/1278 931/3834/1278
f 931/3835/1279 930/3836/1279 932/3837/1279
f 931/3838/1280 932/3839/1280 933/3840/1280
f 933/3841/1281 932/3842/1281 934/3843/1281
f 933/3844/1282 934/3845/1282 935/3846/1282
f 935/3847/1283 934/3848/1283 936/3849/1283
f 935/3850/1284 936/3851/1284 167/3852/1284
f 167/3853/1285 936/3854/1285 168/3855/1285
f 170/3856/1286 169/3857/1286 937/3858/1286
f 170/3859/1287 937/3860/1287 891/3861/1287
f 891/3862/1288 937/3863/1288 893/3864/1288
f 938/3865/1289 939/3866/1289 940/3867/1289
f 938/3868/1290 940/3869/1290 941/3870/1290
f 941/3871/1291 940/3872/1291 942/3873/1291
f 941/3874/1292 942/3875/1292 943/3876/1292
f 943/3877/1293 942/3878/1293 944/3879/1293
f 943/3880/1294 944/3881/1294 945/3882/1294
f 945/3883/1295 944/3884/1295 946/3885/1295
f 945/3886/1296 946/3887/1296 947/3888/1296
f 947/3889/1297 946/3890/1297 948/3891/1297
f 947/3892/1298 948/3893/1298 949/3894/1298
f 949/3895/1299 948/3896/1299 950/3897/1299
f 949/3898/1300 950/3899/1300 951/3900/1300
f 951/3901/1301 950/3902/1301 952/3903/1301
f 951/3904/1302 952/3905/1302 925/3906/1302
f 925/3907/1303 952/3908/1303 923/3909/1303
f 953/3910/1304 954/3911/1304 955/3912/1304
f 953/3913/1305 955/3914/1305 956/3915/1305
f 956/3916/1306 955/3917/1306 957/3918/1306
f 956/3919/1307 957/3920/1307 958/3921/1307
f 958/3922/1308 957/3923/1308 959/3924/1308
f 958/3925/1309 959/3926/1309 960/3927/1309
f 960/3928/1310 959/3929/1310 961/3930/1310
f 960/3931/1311 961/3932/1311 962/3933/1311
f 962/3934/1312 961/3935/1312 963/3936/1312
f 962/3937/1313 963/3938/1313 964/3939/1313
f 964/3940/1314 963/3941/1314 965/3942/1314
f 964/3943/1315 965/3944/1315 966/3945/1315
f 966/3946/1316 965/3947/1316 939/3948/1316
f 921/3949/1317 923/3950/1317 967/3951/1317
f 967/3952/1318 923/3953/1318 952/3954/1318
f 967/3955/1319 952/3956/1319 968/3957/1319
f 968/3958/1320 952/3959/1320 950/3960/1320
f 968/3961/1321 950/3962/1321 969/3963/1321
f 969/3964/1322 950/3965/1322 948/3966/1322
f 969/3967/1323 948/3968/1323 970/3969/1323
f 970/3970/1324 948/3971/1324 971/3972/1324
f 970/3973/1325 971/3974/1325 972/3975/1325
f 972/3976/1326 971/3977/1326 946/3978/1326
f 972/3979/1327 946/3980/1327 973/3981/1327
f 973/3982/1328 946/3983/1328 944/3984/1328
f 973/3985/1329 944/3986/1329 974/3987/1329
f 974/3988/1330 944/3989/1330 942/3990/1330
f 974/3991/1331 942/3992/1331 963/3993/1331
f 963/3994/1332 942/3995/1332 940/3996/1332
f 963/3997/1333 940/3998/1333 965/3999/1333
f 965/4000/1334 940/4001/1334 939/4002/1334
f 966/4003/1335 939/4004/1335 975/4005/1335
f 966/4006/1336 975/4007/1336 976/4008/1336
f 976/4009/1337 975/4010/1337 977/4011/1337
f 976/4012/1338 977/4013/1338 978/4014/1338
f 978/4015/1339 977/4016/1339 979/4017/1339
f 978/4018/1340 979/4019/1340 980/4020/1340
f 980/4021/1341 979/4022/1341 981/4023/1341
f 980/4024/1342 981/4025/1342 982/4026/1342
f 982/4027/1343 981/4028/1343 983/4029/1343
f 982/4030/1344 983/4031/1344 984/4032/1344
f 984/4033/1345 983/4034/1345 985/4035/1345
f 984/4036/1346 985/4037/1346 986/4038/1346
f 986/4039/1347 985/4040/1347 987/4041/1347
f 941/4042/1348 943/4043/1348 988/4044/1348
f 941/4045/1349 988/4046/1349 989/4047/1349
f 989/4048/1350 988/4049/1350 990/4050/1350
f 989/4051/1351 990/4052/1351 991/4053/1351
f 991/4054/1352 990/4055/1352 992/4056/1352
f 991/4057/1353 992/4058/1353 993/4059/1353
f 993/4060/1354 992/4061/1354 994/4062/1354
f 995/4063/1355 996/4064/1355 997/4065/1355
f 995/4066/1356 997/4067/1356 998/4068/1356
f 998/4069/1357 997/4070/1357 999/4071/1357
f 998/4072/1358 999/4073/1358 1000/4074/1358
f 1000/4075/1359 999/4076/1359 1001/4077/1359
f 1000/4078/1360 1001/4079/1360 1002/4080/1360
f 1002/4081/1361 1001/4082/1361 1003/4083/1361
f 1002/4084/1362 1003/4085/1362 1004/4086/1362
f 1004/4087/1363 1003/4088/1363 1005/4089/1363
f 1004/4090/1364 1005/4091/1364 1006/4092/1364
f 1006/4093/1365 1005/4094/1365 1007/4095/1365
f 1006/4096/1366 1007/4097/1366 1008/4098/1366
f 1008/4099/1367 1007/4100/1367 1009/4101/1367
f 1008/4102/1368 1009/4103/1368 1010/4104/1368
f 1010/4105/1369 1009/4106/1369 1011/4107/1369
f 1010/4108/1370 1011/4109/1370 992/4110/1370
f 992/4111/1371 1011/4112/1371 994/4113/1371
f 993/4114/1372 994/4115/1372 1012/4116/1372
f 993/4117/1373 1012/4118/1373 991/4119/1373
f 991/4120/1374 1012/4121/1374 1013/4122/1374
f 991/4123/1375 1013/4124/1375 989/4125/1375
f 989/4126/1376 1013/4127/1376 1014/4128/1376
f 989/4129/1377 1014/4130/1377 1015/4131/1377
f 1015/4132/1378 1014/4133/1378 1016/4134/1378
f 1015/4135/1379 1016/4136/1379 1017/4137/1379
f 1017/4138/1380 1016/4139/1380 1018/4140/1380
f 1017/4141/1381 1018/4142/1381 1019/4143/1381
f 1019/4144/1382 1018/4145/1382 1020/4146/1382
f 1019/4147/1383 1020/4148/1383 979/4149/1383
f 979/4150/1384 1020/4151/1384 1021/4152/1384
f 979/4153/1385 1021/4154/1385 983/4155/1385
f 983/4156/1386 1021/4157/1386 1022/4158/1386
f 983/4159/1387 1022/4160/1387 1023/4161/1387
f 1023/4162/1388 1022/4163/1388 1024/4164/1388
f 1023/4165/1389 1024/4166/1389 985/4167/1389
f 985/4168/1390 1024/4169/1390 1025/4170/1390
f 985/4171/1391 1025/4172/1391 1026/4173/1391
f 1026/4174/1392 1025/4175/1392 1027/4176/1392
f 1026/4177/1393 1027/4178/1393 1028/4179/1393
f 1028/4180/1394 1027/4181/1394 1029/4182/1394
f 860/4183/1395 859/4184/1395 1030/4185/1395
f 860/4186/1396 1030/4187/1396 1031/4188/1396
f 1031/4189/1397 1030/4190/1397 1032/4191/1397
f 1031/4192/1398 1032/4193/1398 1033/4194/1398
f 1033/4195/1399 1032/4196/1399 1034/4197/1399
f 1033/4198/1400 1034/4199/1400 1035/4200/1400
f 1035/4201/1401 1034/4202/1401 1036/4203/1401
f 1035/4204/1402 1036/4205/1402 1037/4206/1402
f 1037/4207/1403 1036/4208/1403 1038/4209/1403
f 1037/4210/1404 1038/4211/1404 1039/4212/1404
f 1039/4213/1405 1038/4214/1405 1040/4215/1405
f 1039/4216/1406 1040/4217/1406 1041/4218/1406
f 1041/4219/1407 1040/4220/1407 1042/4221/1407
f 1041/4222/1408 1042/4223/1408 1043/4224/1408
f 1043/4225/1409 1042/4226/1409 1024/4227/1409
f 1043/4228/1410 1024/4229/1410 1044/4230/1410
f 1044/4231/1411 1024/4232/1411 1045/4233/1411
f 1044/4234/1412 1045/4235/1412 1046/4236/1412
f 1046/4237/1413 1045/4238/1413 1022/4239/1413
f 1046/4240/1414 1022/4241/1414 1047/4242/1414
f 1047/4243/1415 1022/4244/1415 1020/4245/1415
f 1047/4246/1416 1020/4247/1416 1048/4248/1416
f 1048/4249/1417 1020/4250/1417 1018/4251/1417
f 1048/4252/1418 1018/4253/1418 1049/4254/1418
f 1049/4255/1419 1018/4256/1419 1016/4257/1419
f 1049/4258/1420 1016/4259/1420 1050/4260/1420
f 1050/4261/1421 1016/4262/1421 1014/4263/1421
f 1050/4264/1422 1014/4265/1422 1051/4266/1422
f 1051/4267/1423 1014/4268/1423 1013/4269/1423
f 1051/4270/1424 1013/4271/1424 1052/4272/1424
f 1052/4273/1425 1013/4274/1425 1012/4275/1425
f 1052/4276/1426 1012/4277/1426 1053/4278/1426
f 1053/4279/1427 1012/4280/1427 994/4281/1427
f 994/4282/1428 1011/4283/1428 1054/4284/1428
f 994/4285/1429 1054/4286/1429 1053/4287/1429
f 996/4288/1430 1055/4289/1430 1056/4290/1430
f 996/4291/1431 1056/4292/1431 997/4293/1431
f 997/4294/1432 1056/4295/1432 1057/4296/1432
f 997/4297/1433 1057/4298/1433 999/4299/1433
f 999/4300/1434 1057/4301/1434 1058/4302/1434
f 999/4303/1435 1058/4304/1435 1001/4305/1435
f 1001/4306/1436 1058/4307/1436 1059/4308/1436
f 1001/4309/1437 1059/4310/1437 1003/4311/1437
f 1003/4312/1438 1059/4313/1438 1060/4314/1438
f 1003/4315/1439 1060/4316/1439 1005/4317/1439
f 1005/4318/1440 1060/4319/1440 1061/4320/1440
f 1005/4321/1441 1061/4322/1441 1007/4323/1441
f 1007/4324/1442 1061/4325/1442 1062/4326/1442
f 1007/4327/1443 1062/4328/1443 1009/4329/1443
f 1009/4330/1444 1062/4331/1444 1063/4332/1444
f 1009/4333/1445 1063/4334/1445 1011/4335/1445
f 1011/4336/1446 1063/4337/1446 1054/4338/1446
f 1046/4339/1447 1047/4340/1447 1064/4341/1447
f 1064/4342/1448 1047/4343/1448 1065/4344/1448
f 1064/4345/1449 1065/4346/1449 1066/4347/1449
f 1066/4348/1450 1065/4349/1450 1048/4350/1450
f 1066/4351/1451 1048/4352/1451 1067/4353/1451
f 1067/4354/1452 1048/4355/1452 1049/4356/1452
f 1067/4357/1453 1049/4358/1453 1068/4359/1453
f 1068/4360/1454 1049/4361/1454 1050/4362/1454
f 1068/4363/1455 1050/4364/1455 1069/4365/1455
f 1069/4366/1456 1050/4367/1456 1051/4368/1456
f 1069/4369/1457 1051/4370/1457 1070/4371/1457
f 1070/4372/1458 1051/4373/1458 1052/4374/1458
f 1070/4375/1459 1052/4376/1459 1071/4377/1459
f 1071/4378/1460 1052/4379/1460 1053/4380/1460
f 1071/4381/1461 1053/4382/1461 3/4383/1461
f 3/4384/1462 1053/4385/1462 1054/4386/1462
f 1072/4387/1463 1059/4388/1463 1058/4389/1463
f 1072/4390/1464 1058/4391/1464 1073/4392/1464
f 1073/4393/1465 1058/4394/1465 1057/4395/1465
f 1073/4396/1466 1057/4397/1466 1074/4398/1466
f 1074/4399/1467 1057/4400/1467 1056/4401/1467
f 1074/4402/1468 1056/4403/1468 1075/4404/1468
f 1075/4405/1469 1056/4406/1469 1055/4407/1469
f 1075/4408/1470 1055/4409/1470 1076/4410/1470
f 1077/4411/1471 1078/4412/1471 1079/4413/1471
f 1079/4414/1472 1078/4415/1472 877/4416/1472
f 1079/4417/1473 877/4418/1473 1080/4419/1473
f 1080/4420/1474 877/4421/1474 876/4422/1474
f 1080/4423/1475 876/4424/1475 1081/4425/1475
f 1081/4426/1476 876/4427/1476 1082/4428/1476
f 1081/4429/1477 1082/4430/1477 1055/4431/1477
f 1055/4432/1478 1082/4433/1478 1076/4434/1478
f 166/4435/1479 168/4436/1479 1083/4437/1479
f 166/4438/1480 1083/4439/1480 169/4440/1480
f 163/4441/1481 162/4442/1481 1084/4443/1481
f 163/4444/1482 1084/4445/1482 1085/4446/1482
f 1085/4447/1483 1084/4448/1483 1086/4449/1483
f 1085/4450/1484 1086/4451/1484 166/4452/1484
f 166/4453/1485 1086/4454/1485 167/4455/1485
f 166/4456/1486 170/4457/1486 1087/4458/1486
f 166/4459/1487 1087/4460/1487 1085/4461/1487
f 1085/4462/1488 1087/4463/1488 1088/4464/1488
f 1085/4465/1489 1088/4466/1489 163/4467/1489
f 163/4468/1490 1088/4469/1490 165/4470/1490
f 910/4471/1491 895/4472/1491 1089/4473/1491
f 1089/4474/1492 895/4475/1492 1090/4476/1492
f 1089/4477/1493 1090/4478/1493 1091/4479/1493
f 1091/4480/1494 1090/4481/1494 1092/4482/1494
f 1091/4483/1495 1092/4484/1495 1093/4485/1495
f 1093/4486/1496 1092/4487/1496 1094/4488/1496
f 1095/4489/1497 1096/4490/1497 871/4491/1497
f 1095/4492/1498 871/4493/1498 1097/4494/1498
f 1097/4495/1499 871/4496/1499 4/4497/1499
f 1097/4498/1500 4/4499/1500 1098/4500/1500
f 1098/4501/1501 4/4502/1501 869/4503/1501
f 1098/4504/1502 869/4505/1502 1099/4506/1502
f 1099/4507/1503 869/4508/1503 908/4509/1503
f 1099/4510/1504 908/4511/1504 1100/4512/1504
f 1100/4513/1505 908/4514/1505 906/4515/1505
f 1100/4516/1506 906/4517/1506 1101/4518/1506
f 1101/4519/1507 906/4520/1507 904/4521/1507
f 1101/4522/1508 904/4523/1508 1102/4524/1508
f 1102/4525/1509 904/4526/1509 903/4527/1509
f 1102/4528/1510 903/4529/1510 1103/4530/1510
f 1103/4531/1511 903/4532/1511 1104/4533/1511
f 1103/4534/1512 1104/4535/1512 1105/4536/1512
f 1105/4537/1513 1104/4538/1513 1106/4539/1513
f 1105/4540/1514 1106/4541/1514 1107/4542/1514
f 1107/4543/1515 1106/4544/1515 1108/4545/1515
f 1107/4546/1516 1108/4547/1516 1039/4548/1516
f 1039/4549/1517 1108/4550/1517 1037/4551/1517
f 926/4552/1518 924/4553/1518 1109/4554/1518
f 1109/4555/1519 924/4556/1519 1110/4557/1519
f 1109/4558/1520 1110/4559/1520 1093/4560/1520
f 1093/4561/1521 1110/4562/1521 1111/4563/1521
f 892/4564/1522 874/4565/1522 1112/4566/1522
f 892/4567/1523 1112/4568/1523 1113/4569/1523
f 1113/4570/1524 1112/4571/1524 1114/4572/1524
f 1113/4573/1525 1114/4574/1525 1115/4575/1525
f 1115/4576/1526 1114/4577/1526 1116/4578/1526
f 1115/4579/1527 1116/4580/1527 1117/4581/1527
f 1117/4582/1528 1116/4583/1528 1118/4584/1528
f 1117/4585/1529 1118/4586/1529 1119/4587/1529
f 1119/4588/1530 1118/4589/1530 1095/4590/1530
f 1119/4591/1531 1095/4592/1531 1120/4593/1531
f 1121/4594/1532 1122/4595/1532 1123/4596/1532
f 1123/4597/1533 1122/4598/1533 1124/4599/1533
f 1123/4600/1534 1124/4601/1534 1125/4602/1534
f 1125/4603/1535 1124/4604/1535 1126/4605/1535
f 1125/4606/1536 1126/4607/1536 1127/4608/1536
f 1127/4609/1537 1126/4610/1537 1128/4611/1537
f 1127/4612/1538 1128/4613/1538 1129/4614/1538
f 1129/4615/1539 1128/4616/1539 1130/4617/1539
f 1129/4618/1540 1130/4619/1540 1131/4620/1540
f 1131/4621/1541 1130/4622/1541 1132/4623/1541
f 1131/4624/1542 1132/4625/1542 1133/4626/1542
f 1133/4627/1543 1132/4628/1543 1134/4629/1543
f 1133/4630/1544 1134/4631/1544 1135/4632/1544
f 1135/4633/1545 1134/4634/1545 1136/4635/1545
f 1135/4636/1546 1136/4637/1546 1137/4638/1546
f 1137/4639/1547 1136/4640/1547 1138/4641/1547
f 1137/4642/1548 1138/4643/1548 1139/4644/1548
f 1139/4645/1549 1138/4646/1549 1140/4647/1549
f 1139/4648/1550 1140/4649/1550 1141/4650/1550
f 1141/4651/1551 1140/4652/1551 1142/4653/1551
f 1141/4654/1552 1142/4655/1552 1143/4656/1552
f 1143/4657/1553 1142/4658/1553 1144/4659/1553
f 1143/4660/1554 1144/4661/1554 1145/4662/1554
f 1145/4663/1555 1144/4664/1555 1146/4665/1555
f 1122/4666/1556 1121/4667/1556 1147/4668/1556
f 1122/4669/1557 1147/4670/1557 1148/4671/1557
f 1148/4672/1558 1147/4673/1558 1149/4674/1558
f 1148/4675/1559 1149/4676/1559 1150/4677/1559
f 1150/4678/1560 1149/4679/1560 1151/4680/1560
f 1150/4681/1561 1151/4682/1561 1152/4683/1561
f 1152/4684/1562 1151/4685/1562 1153/4686/1562
f 1152/4687/1563 1153/4688/1563 1154/4689/1563
f 1154/4690/1564 1153/4691/1564 1155/4692/1564
f 1154/4693/1565 1155/4694/1565 1156/4695/1565
f 1156/4696/1566 1155/4697/1566 1157/4698/1566
f 1156/4699/1567 1157/4700/1567 1158/4701/1567
f 1158/4702/1568 1157/4703/1568 1159/4704/1568
f 1158/4705/1569 1159/4706/1569 1160/4707/1569
f 1160/4708/1570 1159/4709/1570 1161/4710/1570
f 1160/4711/1571 1161/4712/1571 1162/4713/1571
f 1162/4714/1572 1161/4715/1572 1163/4716/1572
f 1162/4717/1573 1163/4718/1573 1164/4719/1573
f 1164/4720/1574 1163/4721/1574 1165/4722/1574
f 1164/4723/1575 1165/4724/1575 1166/4725/1575
f 1166/4726/1576 1165/4727/1576 1167/4728/1576
f 1166/4729/1577 1167/4730/1577 1168/4731/1577
f 1168/4732/1578 1167/4733/1578 1145/4734/1578
f 1168/4735/1579 1145/4736/1579 1146/4737/1579
f 930/4738/1580 928/4739/1580 1094/4740/1580
f 1114/4741/1581 1112/4742/1581 1169/4743/1581
f 1169/4744/1582 1112/4745/1582 873/4746/1582
f 1169/4747/1583 873/4748/1583 1170/4749/1583
f 1170/4750/1584 873/4751/1584 1096/4752/1584
f 1092/4753/1585 1090/4754/1585 1171/4755/1585
f 1092/4756/1586 1171/4757/1586 1172/4758/1586
f 1172/4759/1587 1171/4760/1587 930/4761/1587
f 1172/4762/1588 930/4763/1588 1092/4764/1588
f 1092/4765/1589 930/4766/1589 1094/4767/1589
f 871/4768/1590 1096/4769/1590 873/4770/1590
f 916/4771/1591 914/4772/1591 918/4773/1591
f 918/4774/1592 914/4775/1592 1173/4776/1592
f 918/4777/1593 1173/4778/1593 920/4779/1593
f 920/4780/1594 1173/4781/1594 173/4782/1594
f 920/4783/1595 173/4784/1595 1174/4785/1595
f 1174/4786/1596 173/4787/1596 172/4788/1596
f 1174/4789/1597 172/4790/1597 1110/4791/1597
f 1110/4792/1598 172/4793/1598 1111/4794/1598
f 1069/4795/1599 1070/4796/1599 1175/4797/1599
f 1069/4798/1600 1175/4799/1600 1176/4800/1600
f 1176/4801/1601 1175/4802/1601 884/4803/1601
f 1176/4804/1602 884/4805/1602 1177/4806/1602
f 1177/4807/1603 884/4808/1603 886/4809/1603
f 1177/4810/1604 886/4811/1604 1178/4812/1604
f 1178/4813/1605 886/4814/1605 1179/4815/1605
f 1178/4816/1606 1179/4817/1606 1180/4818/1606
f 1180/4819/1607 1179/4820/1607 1181/4821/1607
f 1180/4822/1608 1181/4823/1608 1182/4824/1608
f 1182/4825/1609 1181/4826/1609 1183/4827/1609
f 1182/4828/1610 1183/4829/1610 1184/4830/1610
f 1184/4831/1611 1183/4832/1611 1185/4833/1611
f 1184/4834/1612 1185/4835/1612 1186/4836/1612
f 1186/4837/1613 1185/4838/1613 1187/4839/1613
f 1186/4840/1614 1187/4841/1614 1188/4842/1614
f 1188/4843/1615 1187/4844/1615 1189/4845/1615
f 1188/4846/1616 1189/4847/1616 1190/4848/1616
f 1190/4849/1617 1189/4850/1617 1191/4851/1617
f 1190/4852/1618 1191/4853/1618 1192/4854/1618
f 1192/4855/1619 1191/4856/1619 1193/4857/1619
f 1192/4858/1620 1193/4859/1620 1194/4860/1620
f 1194/4861/1621 1193/4862/1621 1195/4863/1621
f 1194/4864/1622 1195/4865/1622 175/4866/1622
f 175/4867/1623 1195/4868/1623 1196/4869/1623
f 175/4870/1624 1196/4871/1624 176/4872/1624
f 176/4873/1625 1196/4874/1625 1119/4875/1625
f 176/4876/1626 1119/4877/1626 1120/4878/1626
f 56/4879/1627 1197/4880/1627 1198/4881/1627
f 56/4882/1628 1198/4883/1628 406/4884/1628
f 406/4885/1629 1198/4886/1629 1199/4887/1629
f 406/4888/1630 1199/4889/1630 407/4890/1630
f 407/4891/1631 1199/4892/1631 1200/4893/1631
f 407/4894/1632 1200/4895/1632 408/4896/1632
f 408/4897/1633 1200/4898/1633 1201/4899/1633
f 408/4900/1634 1201/4901/1634 410/4902/1634
f 1202/4903/1635 59/4904/1635 1203/4905/1635
f 1203/4906/1636 59/4907/1636 415/4908/1636
f 1203/4909/1637 415/4910/1637 1204/4911/1637
f 1204/4912/1638 415/4913/1638 414/4914/1638
f 1204/4915/1639 414/4916/1639 1205/4917/1639
f 1205/4918/1640 414/4919/1640 413/4920/1640
f 1205/4921/1641 413/4922/1641 1206/4923/1641
f 1206/4924/1642 413/4925/1642 412/4926/1642
f 350/4927/1643 349/4928/1643 1207/4929/1643
f 1207/4930/1644 349/4931/1644 1208/4932/1644
f 1207/4933/1645 1208/4934/1645 1209/4935/1645
f 1209/4936/1646 1208/4937/1646 1210/4938/1646
f 1209/4939/1647 1210/4940/1647 1211/4941/1647
f 1211/4942/1648 1210/4943/1648 1212/4944/1648
f 1211/4945/1649 1212/4946/1649 1213/4947/1649
f 1213/4948/1650 1212/4949/1650 1197/4950/1650
f 1213/4951/1651 1197/4952/1651 55/4953/1651
f 55/4954/1652 1197/4955/1652 56/4956/1652
f 377/4957/1653 375/4958/1653 1214/4959/1653
f 377/4960/1654 1214/4961/1654 1215/4962/1654
f 1215/4963/1655 1214/4964/1655 1216/4965/1655
f 1215/4966/1656 1216/4967/1656 1217/4968/1656
f 1217/4969/1657 1216/4970/1657 1218/4971/1657
f 1217/4972/1658 1218/4973/1658 1219/4974/1658
f 1219/4975/1659 1218/4976/1659 1220/4977/1659
f 1219/4978/1660 1220/4979/1660 1202/4980/1660
f 1202/4981/1661 1220/4982/1661 57/4983/1661
f 1202/4984/1662 57/4985/1662 59/4986/1662
f 181/4987/1663 180/4988/1663 1221/4989/1663
f 181/4990/1664 1221/4991/1664 1222/4992/1664
f 1222/4993/1665 1221/4994/1665 1223/4995/1665
f 1222/4996/1666 1223/4997/1666 227/4998/1666
f 227/4999/1667 1223/5000/1667 1224/5001/1667
f 227/5002/1668 1224/5003/1668 1225/5004/1668
f 1225/5005/1669 1224/5006/1669 1226/5007/1669
f 1225/5008/1670 1226/5009/1670 1227/5010/1670
f 1227/5011/1671 1226/5012/1671 1228/5013/1671
f 1227/5014/1672 1228/5015/1672 1229/5016/1672
f 1229/5017/1673 1228/5018/1673 1230/5019/1673
f 1229/5020/1674 1230/5021/1674 1231/5022/1674
f 1231/5023/1675 1230/5024/1675 1232/5025/1675
f 1231/5026/1676 1232/5027/1676 1233/5028/1676
f 1233/5029/1677 1232/5030/1677 1234/5031/1677
f 1233/5032/1678 1234/5033/1678 202/5034/1678
f 202/5035/1679 1234/5036/1679 245/5037/1679
f 218/5038/1680 250/5039/1680 1235/5040/1680
f 218/5041/1681 1235/5042/1681 1236/5043/1681
f 1236/5044/1682 1235/5045/1682 1237/5046/1682
f 1236/5047/1683 1237/5048/1683 1238/5049/1683
f 1238/5050/1684 1237/5051/1684 1239/5052/1684
f 1238/5053/1685 1239/5054/1685 1240/5055/1685
f 1240/5056/1686 1239/5057/1686 1241/5058/1686
f 1240/5059/1687 1241/5060/1687 1242/5061/1687
f 1242/5062/1688 1241/5063/1688 1243/5064/1688
f 1242/5065/1689 1243/5066/1689 1244/5067/1689
f 1244/5068/1690 1243/5069/1690 1245/5070/1690
f 1244/5071/1691 1245/5072/1691 235/5073/1691
f 235/5074/1692 1245/5075/1692 1246/5076/1692
f 235/5077/1693 1246/5078/1693 1247/5079/1693
f 1247/5080/1694 1246/5081/1694 1248/5082/1694
f 1247/5083/1695 1248/5084/1695 198/5085/1695
f 198/5086/1696 1248/5087/1696 200/5088/1696
f 202/5089/1697 201/5090/1697 1249/5091/1697
f 202/5092/1698 1249/5093/1698 1233/5094/1698
f 1233/5095/1699 1249/5096/1699 233/5097/1699
f 1233/5098/1700 233/5099/1700 1231/5100/1700
f 1231/5101/1701 233/5102/1701 232/5103/1701
f 1231/5104/1702 232/5105/1702 1229/5106/1702
f 1229/5107/1703 232/5108/1703 231/5109/1703
f 1229/5110/1704 231/5111/1704 1227/5112/1704
f 1227/5113/1705 231/5114/1705 230/5115/1705
f 1227/5116/1706 230/5117/1706 1225/5118/1706
f 1225/5119/1707 230/5120/1707 228/5121/1707
f 1225/5122/1708 228/5123/1708 227/5124/1708
f 217/5125/1709 218/5126/1709 1250/5127/1709
f 1250/5128/1710 218/5129/1710 1236/5130/1710
f 1250/5131/1711 1236/5132/1711 240/5133/1711
f 240/5134/1712 1236/5135/1712 1238/5136/1712
f 240/5137/1713 1238/5138/1713 239/5139/1713
f 239/5140/1714 1238/5141/1714 1240/5142/1714
f 239/5143/1715 1240/5144/1715 238/5145/1715
f 238/5146/1716 1240/5147/1716 1242/5148/1716
f 238/5149/1717 1242/5150/1717 237/5151/1717
f 237/5152/1718 1242/5153/1718 1244/5154/1718
f 237/5155/1719 1244/5156/1719 234/5157/1719
f 234/5158/1720 1244/5159/1720 235/5160/1720
f 1251/5161/1721 1252/5162/1721 1253/5163/1721
f 1253/5164/1722 1252/5165/1722 1254/5166/1722
f 1253/5167/1723 1254/5168/1723 204/5169/1723
f 204/5170/1724 1254/5171/1724 201/5172/1724
f 1255/5173/1725 1256/5174/1725 1257/5175/1725
f 1255/5176/1726 1257/5177/1726 1258/5178/1726
f 1258/5179/1727 1257/5180/1727 215/5181/1727
f 1258/5182/1728 215/5183/1728 217/5184/1728
f 201/5185/1729 1254/5186/1729 188/5187/1729
f 201/5188/1730 188/5189/1730 1249/5190/1730
f 1249/5191/1731 188/5192/1731 189/5193/1731
f 1249/5194/1732 189/5195/1732 233/5196/1732
f 1258/5197/1733 217/5198/1733 190/5199/1733
f 190/5200/1734 217/5201/1734 1250/5202/1734
f 190/5203/1735 1250/5204/1735 191/5205/1735
f 191/5206/1736 1250/5207/1736 240/5208/1736
f 209/5209/1737 179/5210/1737 182/5211/1737
f 209/5212/1738 182/5213/1738 1259/5214/1738
f 1259/5215/1739 182/5216/1739 184/5217/1739
f 1259/5218/1740 184/5219/1740 1260/5220/1740
f 1260/5221/1741 184/5222/1741 186/5223/1741
f 1260/5224/1742 186/5225/1742 1254/5226/1742
f 1254/5227/1743 186/5228/1743 188/5229/1743
f 1258/5230/1744 190/5231/1744 193/5232/1744
f 1258/5233/1745 193/5234/1745 1261/5235/1745
f 1261/5236/1746 193/5237/1746 195/5238/1746
f 1261/5239/1747 195/5240/1747 1262/5241/1747
f 1262/5242/1748 195/5243/1748 197/5244/1748
f 1262/5245/1749 197/5246/1749 210/5247/1749
f 210/5248/1750 197/5249/1750 199/5250/1750
f 179/5251/1751 208/5252/1751 1263/5253/1751
f 179/5254/1752 1263/5255/1752 180/5256/1752
f 180/5257/1753 1263/5258/1753 1264/5259/1753
f 180/5260/1754 1264/5261/1754 1221/5262/1754
f 1221/5263/1755 1264/5264/1755 1265/5265/1755
f 1221/5266/1756 1265/5267/1756 1223/5268/1756
f 1223/5269/1757 1265/5270/1757 1266/5271/1757
f 1223/5272/1758 1266/5273/1758 1224/5274/1758
f 1224/5275/1759 1266/5276/1759 1267/5277/1759
f 1224/5278/1760 1267/5279/1760 1226/5280/1760
f 1226/5281/1761 1267/5282/1761 1228/5283/1761
f 1243/5284/1762 1241/5285/1762 1268/5286/1762
f 1243/5287/1763 1268/5288/1763 1245/5289/1763
f 1245/5290/1764 1268/5291/1764 1269/5292/1764
f 1245/5293/1765 1269/5294/1765 1246/5295/1765
f 1246/5296/1766 1269/5297/1766 1270/5298/1766
f 1246/5299/1767 1270/5300/1767 1248/5301/1767
f 1248/5302/1768 1270/5303/1768 1271/5304/1768
f 1248/5305/1769 1271/5306/1769 200/5307/1769
f 200/5308/1770 1271/5309/1770 1272/5310/1770
f 200/5311/1771 1272/5312/1771 199/5313/1771
f 199/5314/1772 1272/5315/1772 211/5316/1772
f 183/5317/1773 181/5318/1773 1222/5319/1773
f 183/5320/1774 1222/5321/1774 229/5322/1774
f 229/5323/1775 1222/5324/1775 227/5325/1775
f 196/5326/1776 194/5327/1776 236/5328/1776
f 196/5329/1777 236/5330/1777 1247/5331/1777
f 1247/5332/1778 236/5333/1778 235/5334/1778
f 198/5335/1779 196/5336/1779 1247/5337/1779
f 1254/5338/1780 1252/5339/1780 1260/5340/1780
f 1260/5341/1781 1252/5342/1781 1251/5343/1781
f 1260/5344/1782 1251/5345/1782 1259/5346/1782
f 1259/5347/1783 1251/5348/1783 209/5349/1783
f 1255/5350/1784 1258/5351/1784 1261/5352/1784
f 1255/5353/1785 1261/5354/1785 1256/5355/1785
f 1256/5356/1786 1261/5357/1786 1262/5358/1786
f 1256/5359/1787 1262/5360/1787 210/5361/1787
f 204/5362/1788 205/5363/1788 1253/5364/1788
f 1253/5365/1789 205/5366/1789 207/5367/1789
f 1253/5368/1790 207/5369/1790 1251/5370/1790
f 1251/5371/1791 207/5372/1791 209/5373/1791
f 214/5374/1792 215/5375/1792 1257/5376/1792
f 214/5377/1793 1257/5378/1793 212/5379/1793
f 212/5380/1794 1257/5381/1794 1256/5382/1794
f 212/5383/1795 1256/5384/1795 210/5385/1795
f 277/5386/1796 318/5387/1796 1273/5388/1796
f 277/5389/1797 1273/5390/1797 279/5391/1797
f 279/5392/1798 1273/5393/1798 1274/5394/1798
f 279/5395/1799 1274/5396/1799 281/5397/1799
f 281/5398/1800 1274/5399/1800 1275/5400/1800
f 281/5401/1801 1275/5402/1801 41/5403/1801
f 41/5404/1802 1275/5405/1802 42/5406/1802
f 43/5407/1803 46/5408/1803 1276/5409/1803
f 43/5410/1804 1276/5411/1804 292/5412/1804
f 292/5413/1805 1276/5414/1805 1277/5415/1805
f 292/5416/1806 1277/5417/1806 290/5418/1806
f 290/5419/1807 1277/5420/1807 1278/5421/1807
f 290/5422/1808 1278/5423/1808 288/5424/1808
f 288/5425/1809 1278/5426/1809 319/5427/1809
f 295/5428/1810 323/5429/1810 1279/5430/1810
f 295/5431/1811 1279/5432/1811 297/5433/1811
f 297/5434/1812 1279/5435/1812 1280/5436/1812
f 297/5437/1813 1280/5438/1813 299/5439/1813
f 299/5440/1814 1280/5441/1814 1281/5442/1814
f 299/5443/1815 1281/5444/1815 301/5445/1815
f 301/5446/1816 1281/5447/1816 1282/5448/1816
f 301/5449/1817 1282/5450/1817 303/5451/1817
f 303/5452/1818 1282/5453/1818 1283/5454/1818
f 303/5455/1819 1283/5456/1819 34/5457/1819
f 34/5458/1820 1283/5459/1820 35/5460/1820
f 36/5461/1821 38/5462/1821 1284/5463/1821
f 36/5464/1822 1284/5465/1822 304/5466/1822
f 304/5467/1823 1284/5468/1823 1285/5469/1823
f 304/5470/1824 1285/5471/1824 306/5472/1824
f 306/5473/1825 1285/5474/1825 1286/5475/1825
f 306/5476/1826 1286/5477/1826 308/5478/1826
f 308/5479/1827 1286/5480/1827 1287/5481/1827
f 308/5482/1828 1287/5483/1828 310/5484/1828
f 310/5485/1829 1287/5486/1829 1288/5487/1829
f 310/5488/1830 1288/5489/1830 312/5490/1830
f 312/5491/1831 1288/5492/1831 324/5493/1831
f 1289/5494/1832 1283/5495/1832 1282/5496/1832
f 1289/5497/1833 1282/5498/1833 252/5499/1833
f 252/5500/1834 1282/5501/1834 1281/5502/1834
f 252/5503/1835 1281/5504/1835 253/5505/1835
f 253/5506/1836 1281/5507/1836 1280/5508/1836
f 253/5509/1837 1280/5510/1837 255/5511/1837
f 255/5512/1838 1280/5513/1838 1279/5514/1838
f 255/5515/1839 1279/5516/1839 257/5517/1839
f 257/5518/1840 1279/5519/1840 323/5520/1840
f 257/5521/1841 323/5522/1841 259/5523/1841
f 1284/5524/1842 1290/5525/1842 1285/5526/1842
f 1285/5527/1843 1290/5528/1843 270/5529/1843
f 1285/5530/1844 270/5531/1844 1286/5532/1844
f 1286/5533/1845 270/5534/1845 268/5535/1845
f 1286/5536/1846 268/5537/1846 1287/5538/1846
f 1287/5539/1847 268/5540/1847 266/5541/1847
f 1287/5542/1848 266/5543/1848 1288/5544/1848
f 1288/5545/1849 266/5546/1849 264/5547/1849
f 1288/5548/1850 264/5549/1850 324/5550/1850
f 324/5551/1851 264/5552/1851 259/5553/1851
f 252/5554/1852 251/5555/1852 276/5556/1852
f 252/5557/1853 276/5558/1853 1289/5559/1853
f 1289/5560/1854 276/5561/1854 278/5562/1854
f 1289/5563/1855 278/5564/1855 1291/5565/1855
f 1291/5566/1856 278/5567/1856 280/5568/1856
f 1291/5569/1857 280/5570/1857 24/5571/1857
f 24/5572/1858 280/5573/1858 25/5574/1858
f 26/5575/1859 28/5576/1859 291/5577/1859
f 26/5578/1860 291/5579/1860 1292/5580/1860
f 1292/5581/1861 291/5582/1861 289/5583/1861
f 1292/5584/1862 289/5585/1862 1290/5586/1862
f 1290/5587/1863 289/5588/1863 287/5589/1863
f 1290/5590/1864 287/5591/1864 270/5592/1864
f 270/5593/1865 287/5594/1865 269/5595/1865
f 273/5596/1866 327/5597/1866 325/5598/1866
f 273/5599/1867 325/5600/1867 274/5601/1867
f 274/5602/1868 325/5603/1868 317/5604/1868
f 274/5605/1869 317/5606/1869 275/5607/1869
f 285/5608/1870 286/5609/1870 320/5610/1870
f 285/5611/1871 320/5612/1871 1293/5613/1871
f 1293/5614/1872 320/5615/1872 322/5616/1872
f 1293/5617/1873 322/5618/1873 331/5619/1873
f 331/5620/1874 322/5621/1874 53/5622/1874
f 284/5623/1875 285/5624/1875 1293/5625/1875
f 284/5626/1876 1293/5627/1876 333/5628/1876
f 333/5629/1877 1293/5630/1877 331/5631/1877
f 1283/5632/1878 1289/5633/1878 1291/5634/1878
f 1283/5635/1879 1291/5636/1879 35/5637/1879
f 35/5638/1880 1291/5639/1880 24/5640/1880
f 38/5641/1881 26/5642/1881 1292/5643/1881
f 38/5644/1882 1292/5645/1882 1284/5646/1882
f 1284/5647/1883 1292/5648/1883 1290/5649/1883
f 318/5650/1884 316/5651/1884 1294/5652/1884
f 318/5653/1885 1294/5654/1885 1273/5655/1885
f 1273/5656/1886 1294/5657/1886 1295/5658/1886
f 1273/5659/1887 1295/5660/1887 1274/5661/1887
f 1274/5662/1888 1295/5663/1888 1296/5664/1888
f 1274/5665/1889 1296/5666/1889 1275/5667/1889
f 1275/5668/1890 1296/5669/1890 1297/5670/1890
f 1275/5671/1891 1297/5672/1891 42/5673/1891
f 42/5674/1892 1297/5675/1892 19/5676/1892
f 46/5677/1893 21/5678/1893 1298/5679/1893
f 46/5680/1894 1298/5681/1894 1276/5682/1894
f 1276/5683/1895 1298/5684/1895 1299/5685/1895
f 1276/5686/1896 1299/5687/1896 1277/5688/1896
f 1277/5689/1897 1299/5690/1897 1300/5691/1897
f 1277/5692/1898 1300/5693/1898 1278/5694/1898
f 1278/5695/1899 1300/5696/1899 1301/5697/1899
f 1278/5698/1900 1301/5699/1900 319/5700/1900
f 319/5701/1901 1301/5702/1901 321/5703/1901
f 316/5704/1902 293/5705/1902 294/5706/1902
f 316/5707/1903 294/5708/1903 1294/5709/1903
f 1294/5710/1904 294/5711/1904 296/5712/1904
f 1294/5713/1905 296/5714/1905 1295/5715/1905
f 1295/5716/1906 296/5717/1906 298/5718/1906
f 1295/5719/1907 298/5720/1907 1296/5721/1907
f 1296/5722/1908 298/5723/1908 300/5724/1908
f 1296/5725/1909 300/5726/1909 1297/5727/1909
f 1297/5728/1910 300/5729/1910 302/5730/1910
f 1297/5731/1911 302/5732/1911 19/5733/1911
f 19/5734/1912 302/5735/1912 20/5736/1912
f 21/5737/1913 22/5738/1913 305/5739/1913
f 21/5740/1914 305/5741/1914 1298/5742/1914
f 1298/5743/1915 305/5744/1915 307/5745/1915
f 1298/5746/1916 307/5747/1916 1299/5748/1916
f 1299/5749/1917 307/5750/1917 309/5751/1917
f 1299/5752/1918 309/5753/1918 1300/5754/1918
f 1300/5755/1919 309/5756/1919 311/5757/1919
f 1300/5758/1920 311/5759/1920 1301/5760/1920
f 1301/5761/1921 311/5762/1921 313/5763/1921
f 1301/5764/1922 313/5765/1922 321/5766/1922
f 321/5767/1923 313/5768/1923 314/5769/1923
f 327/5770/1924 273/5771/1924 272/5772/1924
f 327/5773/1925 272/5774/1925 329/5775/1925
f 329/5776/1926 272/5777/1926 271/5778/1926
f 334/5779/1927 282/5780/1927 283/5781/1927
f 334/5782/1928 283/5783/1928 333/5784/1928
f 333/5785/1929 283/5786/1929 284/5787/1929
f 1302/5788/1930 41/5789/1930 25/5790/1930
f 1302/5791/1931 25/5792/1931 1303/5793/1931
f 1303/5794/1932 25/5795/1932 24/5796/1932
f 1303/5797/1933 24/5798/1933 1304/5799/1933
f 1304/5800/1934 24/5801/1934 35/5802/1934
f 1304/5803/1935 35/5804/1935 1305/5805/1935
f 1305/5806/1936 35/5807/1936 34/5808/1936
f 1305/5809/1937 34/5810/1937 1306/5811/1937
f 1306/5812/1938 34/5813/1938 20/5814/1938
f 1306/5815/1939 20/5816/1939 1307/5817/1939
f 1307/5818/1940 20/5819/1940 19/5820/1940
f 1307/5821/1941 19/5822/1941 1308/5823/1941
f 1308/5824/1942 19/5825/1942 42/5826/1942
f 1308/5827/1943 42/5828/1943 1309/5829/1943
f 1309/5830/1944 42/5831/1944 41/5832/1944
f 1309/5833/1945 41/5834/1945 1302/5835/1945
f 1310/5836/1946 43/5837/1946 46/5838/1946
f 1310/5839/1947 46/5840/1947 1311/5841/1947
f 1311/5842/1948 46/5843/1948 21/5844/1948
f 1311/5845/1949 21/5846/1949 1312/5847/1949
f 1312/5848/1950 21/5849/1950 22/5850/1950
f 1312/5851/1951 22/5852/1951 1313/5853/1951
f 1313/5854/1952 22/5855/1952 36/5856/1952
f 1313/5857/1953 36/5858/1953 1314/5859/1953
f 1314/5860/1954 36/5861/1954 38/5862/1954
f 1314/5863/1955 38/5864/1955 1315/5865/1955
f 1315/5866/1956 38/5867/1956 26/5868/1956
f 1315/5869/1957 26/5870/1957 1316/5871/1957
f 1316/5872/1958 26/5873/1958 28/5874/1958
f 1316/5875/1959 28/5876/1959 1317/5877/1959
f 1317/5878/1960 28/5879/1960 43/5880/1960
f 1317/5881/1961 43/5882/1961 1310/5883/1961
f 351/5884/1962 353/5885/1962 1318/5886/1962
f 351/5887/1963 1318/5888/1963 1319/5889/1963
f 1319/5890/1964 1318/5891/1964 1320/5892/1964
f 1319/5893/1965 1320/5894/1965 1321/5895/1965
f 1321/5896/1966 1320/5897/1966 615/5898/1966
f 1321/5899/1967 615/5900/1967 617/5901/1967
f 372/5902/1968 374/5903/1968 1322/5904/1968
f 1322/5905/1969 374/5906/1969 1323/5907/1969
f 1322/5908/1970 1323/5909/1970 1324/5910/1970
f 1324/5911/1971 1323/5912/1971 1325/5913/1971
f 1324/5914/1972 1325/5915/1972 620/5916/1972
f 620/5917/1973 1325/5918/1973 622/5919/1973
f 353/5920/1974 355/5921/1974 357/5922/1974
f 353/5923/1975 357/5924/1975 1318/5925/1975
f 1318/5926/1976 357/5927/1976 359/5928/1976
f 1318/5929/1977 359/5930/1977 1320/5931/1977
f 1320/5932/1978 359/5933/1978 361/5934/1978
f 1320/5935/1979 361/5936/1979 615/5937/1979
f 370/5938/1980 372/5939/1980 368/5940/1980
f 368/5941/1981 372/5942/1981 1322/5943/1981
f 368/5944/1982 1322/5945/1982 366/5946/1982
f 366/5947/1983 1322/5948/1983 1324/5949/1983
f 366/5950/1984 1324/5951/1984 363/5952/1984
f 363/5953/1985 1324/5954/1985 620/5955/1985
f 608/5956/1986 606/5957/1986 1326/5958/1986
f 608/5959/1987 1326/5960/1987 1327/5961/1987
f 1327/5962/1988 1326/5963/1988 1328/5964/1988
f 1327/5965/1989 1328/5966/1989 1329/5967/1989
f 1329/5968/1990 1328/5969/1990 1330/5970/1990
f 1329/5971/1991 1330/5972/1991 1331/5973/1991
f 1331/5974/1992 1330/5975/1992 1332/5976/1992
f 1331/5977/1993 1332/5978/1993 383/5979/1993
f 383/5980/1994 1332/5981/1994 381/5982/1994
f 400/5983/1995 402/5984/1995 1333/5985/1995
f 400/5986/1996 1333/5987/1996 1334/5988/1996
f 1334/5989/1997 1333/5990/1997 1335/5991/1997
f 1334/5992/1998 1335/5993/1998 1336/5994/1998
f 1336/5995/1999 1335/5996/1999 1337/5997/1999
f 1336/5998/2000 1337/5999/2000 1338/6000/2000
f 1338/6001/2001 1337/6002/2001 1339/6003/2001
f 1338/6004/2002 1339/6005/2002 613/6006/2002
f 613/6007/2003 1339/6008/2003 611/6009/2003
f 390/6010/2004 608/6011/2004 1327/6012/2004
f 390/6013/2005 1327/6014/2005 388/6015/2005
f 388/6016/2006 1327/6017/2006 1329/6018/2006
f 388/6019/2007 1329/6020/2007 386/6021/2007
f 386/6022/2008 1329/6023/2008 1331/6024/2008
f 386/6025/2009 1331/6026/2009 385/6027/2009
f 385/6028/2010 1331/6029/2010 383/6030/2010
f 398/6031/2011 400/6032/2011 1334/6033/2011
f 398/6034/2012 1334/6035/2012 397/6036/2012
f 397/6037/2013 1334/6038/2013 1336/6039/2013
f 397/6040/2014 1336/6041/2014 395/6042/2014
f 395/6043/2015 1336/6044/2015 1338/6045/2015
f 395/6046/2016 1338/6047/2016 392/6048/2016
f 392/6049/2017 1338/6050/2017 613/6051/2017
f 55/6052/2018 54/6053/2018 436/6054/2018
f 55/6055/2019 436/6056/2019 1340/6057/2019
f 1340/6058/2020 436/6059/2020 434/6060/2020
f 1340/6061/2021 434/6062/2021 1341/6063/2021
f 1341/6064/2022 434/6065/2022 432/6066/2022
f 1341/6067/2023 432/6068/2023 410/6069/2023
f 410/6070/2024 432/6071/2024 409/6072/2024
f 412/6073/2025 411/6074/2025 450/6075/2025
f 412/6076/2026 450/6077/2026 1342/6078/2026
f 1342/6079/2027 450/6080/2027 452/6081/2027
f 1342/6082/2028 452/6083/2028 1343/6084/2028
f 1343/6085/2029 452/6086/2029 454/6087/2029
f 1343/6088/2030 454/6089/2030 57/6090/2030
f 57/6091/2031 454/6092/2031 58/6093/2031
f 589/6094/2032 427/6095/2032 429/6096/2032
f 589/6097/2033 429/6098/2033 1344/6099/2033
f 1344/6100/2034 429/6101/2034 431/6102/2034
f 1344/6103/2035 431/6104/2035 1345/6105/2035
f 1345/6106/2036 431/6107/2036 433/6108/2036
f 1345/6109/2037 433/6110/2037 1346/6111/2037
f 1346/6112/2038 433/6113/2038 435/6114/2038
f 1346/6115/2039 435/6116/2039 1347/6117/2039
f 1347/6118/2040 435/6119/2040 437/6120/2040
f 1347/6121/2041 437/6122/2041 1348/6123/2041
f 1348/6124/2042 437/6125/2042 439/6126/2042
f 1348/6127/2043 439/6128/2043 1349/6129/2043
f 1349/6130/2044 439/6131/2044 441/6132/2044
f 1349/6133/2045 441/6134/2045 1350/6135/2045
f 1350/6136/2046 441/6137/2046 443/6138/2046
f 1350/6139/2047 443/6140/2047 344/6141/2047
f 344/6142/2048 443/6143/2048 343/6144/2048
f 347/6145/2049 346/6146/2049 461/6147/2049
f 347/6148/2050 461/6149/2050 1351/6150/2050
f 1351/6151/2051 461/6152/2051 459/6153/2051
f 1351/6154/2052 459/6155/2052 1352/6156/2052
f 1352/6157/2053 459/6158/2053 457/6159/2053
f 1352/6160/2054 457/6161/2054 1353/6162/2054
f 1353/6163/2055 457/6164/2055 455/6165/2055
f 1353/6166/2056 455/6167/2056 1354/6168/2056
f 1354/6169/2057 455/6170/2057 453/6171/2057
f 1354/6172/2058 453/6173/2058 1346/6174/2058
f 1346/6175/2059 453/6176/2059 451/6177/2059
f 1346/6178/2060 451/6179/2060 1345/6180/2060
f 1345/6181/2061 451/6182/2061 449/6183/2061
f 1345/6184/2062 449/6185/2062 1344/6186/2062
f 1344/6187/2063 449/6188/2063 447/6189/2063
f 1344/6190/2064 447/6191/2064 589/6192/2064
f 589/6193/2065 447/6194/2065 446/6195/2065
f 606/6196/2066 362/6197/2066 1326/6198/2066
f 1326/6199/2067 362/6200/2067 360/6201/2067
f 1326/6202/2068 360/6203/2068 1328/6204/2068
f 1328/6205/2069 360/6206/2069 358/6207/2069
f 1328/6208/2070 358/6209/2070 1330/6210/2070
f 1330/6211/2071 358/6212/2071 356/6213/2071
f 1330/6214/2072 356/6215/2072 1332/6216/2072
f 1332/6217/2073 356/6218/2073 1355/6219/2073
f 1332/6220/2074 1355/6221/2074 381/6222/2074
f 381/6223/2075 1355/6224/2075 378/6225/2075
f 364/6226/2076 611/6227/2076 1339/6228/2076
f 364/6229/2077 1339/6230/2077 365/6231/2077
f 365/6232/2078 1339/6233/2078 1337/6234/2078
f 365/6235/2079 1337/6236/2079 367/6237/2079
f 367/6238/2080 1337/6239/2080 1335/6240/2080
f 367/6241/2081 1335/6242/2081 369/6243/2081
f 369/6244/2082 1335/6245/2082 1333/6246/2082
f 369/6247/2083 1333/6248/2083 1356/6249/2083
f 1356/6250/2084 1333/6251/2084 402/6252/2084
f 1356/6253/2085 402/6254/2085 404/6255/2085
f 617/6256/2086 391/6257/2086 1321/6258/2086
f 1321/6259/2087 391/6260/2087 389/6261/2087
f 1321/6262/2088 389/6263/2088 1319/6264/2088
f 1319/6265/2089 389/6266/2089 387/6267/2089
f 1319/6268/2090 387/6269/2090 351/6270/2090
f 351/6271/2091 387/6272/2091 348/6273/2091
f 393/6274/2092 622/6275/2092 1325/6276/2092
f 393/6277/2093 1325/6278/2093 394/6279/2093
f 394/6280/2094 1325/6281/2094 1323/6282/2094
f 394/6283/2095 1323/6284/2095 396/6285/2095
f 396/6286/2096 1323/6287/2096 374/6288/2096
f 396/6289/2097 374/6290/2097 376/6291/2097
f 1355/6292/2098 356/6293/2098 354/6294/2098
f 1355/6295/2099 354/6296/2099 378/6297/2099
f 378/6298/2100 354/6299/2100 1357/6300/2100
f 378/6301/2101 1357/6302/2101 379/6303/2101
f 379/6304/2102 1357/6305/2102 1358/6306/2102
f 379/6307/2103 1358/6308/2103 1359/6309/2103
f 1359/6310/2104 1358/6311/2104 1360/6312/2104
f 1359/6313/2105 1360/6314/2105 1201/6315/2105
f 1201/6316/2106 1360/6317/2106 1361/6318/2106
f 1201/6319/2107 1361/6320/2107 410/6321/2107
f 410/6322/2108 1361/6323/2108 1341/6324/2108
f 412/6325/2109 1342/6326/2109 1362/6327/2109
f 412/6328/2110 1362/6329/2110 1206/6330/2110
f 1206/6331/2111 1362/6332/2111 1363/6333/2111
f 1206/6334/2112 1363/6335/2112 1364/6336/2112
f 1364/6337/2113 1363/6338/2113 1365/6339/2113
f 1364/6340/2114 1365/6341/2114 405/6342/2114
f 405/6343/2115 1365/6344/2115 1366/6345/2115
f 405/6346/2116 1366/6347/2116 404/6348/2116
f 404/6349/2117 1366/6350/2117 371/6351/2117
f 404/6352/2118 371/6353/2118 1356/6354/2118
f 1356/6355/2119 371/6356/2119 369/6357/2119
f 349/6358/2120 348/6359/2120 384/6360/2120
f 349/6361/2121 384/6362/2121 1208/6363/2121
f 1208/6364/2122 384/6365/2122 1367/6366/2122
f 1208/6367/2123 1367/6368/2123 1210/6369/2123
f 1210/6370/2124 1367/6371/2124 1368/6372/2124
f 1210/6373/2125 1368/6374/2125 1212/6375/2125
f 1212/6376/2126 1368/6377/2126 1369/6378/2126
f 1212/6379/2127 1369/6380/2127 1197/6381/2127
f 1197/6382/2128 1369/6383/2128 1198/6384/2128
f 1202/6385/2129 1203/6386/2129 1370/6387/2129
f 1202/6388/2130 1370/6389/2130 1219/6390/2130
f 1219/6391/2131 1370/6392/2131 1371/6393/2131
f 1219/6394/2132 1371/6395/2132 1217/6396/2132
f 1217/6397/2133 1371/6398/2133 1372/6399/2133
f 1217/6400/2134 1372/6401/2134 1215/6402/2134
f 1215/6403/2135 1372/6404/2135 399/6405/2135
f 1215/6406/2136 399/6407/2136 377/6408/2136
f 377/6409/2137 399/6410/2137 376/6411/2137
f 1367/6412/2138 384/6413/2138 382/6414/2138
f 1367/6415/2139 382/6416/2139 1373/6417/2139
f 1373/6418/2140 382/6419/2140 380/6420/2140
f 1373/6421/2141 380/6422/2141 1374/6423/2141
f 1374/6424/2142 380/6425/2142 379/6426/2142
f 1374/6427/2143 379/6428/2143 1359/6429/2143
f 399/6430/2144 1372/6431/2144 401/6432/2144
f 401/6433/2145 1372/6434/2145 1375/6435/2145
f 401/6436/2146 1375/6437/2146 403/6438/2146
f 403/6439/2147 1375/6440/2147 1376/6441/2147
f 403/6442/2148 1376/6443/2148 405/6444/2148
f 405/6445/2149 1376/6446/2149 1364/6447/2149
f 409/6448/2150 596/6449/2150 598/6450/2150
f 409/6451/2151 598/6452/2151 94/6453/2151
f 596/6454/2152 409/6455/2152 432/6456/2152
f 596/6457/2153 432/6458/2153 430/6459/2153
f 597/6460/2154 450/6461/2154 411/6462/2154
f 438/6463/2155 54/6464/2155 1377/6465/2155
f 438/6466/2156 1377/6467/2156 440/6468/2156
f 440/6469/2157 1377/6470/2157 1378/6471/2157
f 440/6472/2158 1378/6473/2158 442/6474/2158
f 442/6475/2159 1378/6476/2159 1379/6477/2159
f 442/6478/2160 1379/6479/2160 444/6480/2160
f 444/6481/2161 1379/6482/2161 1380/6483/2161
f 444/6484/2162 1380/6485/2162 336/6486/2162
f 336/6487/2163 1380/6488/2163 337/6489/2163
f 338/6490/2164 337/6491/2164 421/6492/2164
f 421/6493/2165 337/6494/2165 1380/6495/2165
f 421/6496/2166 1380/6497/2166 419/6498/2166
f 419/6499/2167 1380/6500/2167 1379/6501/2167
f 419/6502/2168 1379/6503/2168 417/6504/2168
f 417/6505/2169 1379/6506/2169 1378/6507/2169
f 417/6508/2170 1378/6509/2170 416/6510/2170
f 416/6511/2171 1378/6512/2171 1377/6513/2171
f 416/6514/2172 1377/6515/2172 60/6516/2172
f 60/6517/2173 1377/6518/2173 54/6519/2173
f 340/6520/2174 341/6521/2174 1381/6522/2174
f 340/6523/2175 1381/6524/2175 462/6525/2175
f 462/6526/2176 1381/6527/2176 1382/6528/2176
f 462/6529/2177 1382/6530/2177 460/6531/2177
f 460/6532/2178 1382/6533/2178 1383/6534/2178
f 460/6535/2179 1383/6536/2179 458/6537/2179
f 458/6538/2180 1383/6539/2180 1384/6540/2180
f 458/6541/2181 1384/6542/2181 456/6543/2181
f 456/6544/2182 1384/6545/2182 58/6546/2182
f 341/6547/2183 342/6548/2183 423/6549/2183
f 341/6550/2184 423/6551/2184 1381/6552/2184
f 1381/6553/2185 423/6554/2185 424/6555/2185
f 1381/6556/2186 424/6557/2186 1382/6558/2186
f 1382/6559/2187 424/6560/2187 425/6561/2187
f 1382/6562/2188 425/6563/2188 1383/6564/2188
f 1383/6565/2189 425/6566/2189 426/6567/2189
f 1383/6568/2190 426/6569/2190 1384/6570/2190
f 1384/6571/2191 426/6572/2191 61/6573/2191
f 1384/6574/2192 61/6575/2192 58/6576/2192
f 438/6577/2193 436/6578/2193 54/6579/2193
f 454/6580/2194 456/6581/2194 58/6582/2194
f 1385/6583/2195 1346/6584/2195 1347/6585/2195
f 1385/6586/2196 1347/6587/2196 1386/6588/2196
f 1386/6589/2197 1347/6590/2197 1348/6591/2197
f 1386/6592/2198 1348/6593/2198 1387/6594/2198
f 1387/6595/2199 1348/6596/2199 1349/6597/2199
f 1387/6598/2200 1349/6599/2200 1388/6600/2200
f 1388/6601/2201 1349/6602/2201 1350/6603/2201
f 1388/6604/2202 1350/6605/2202 345/6606/2202
f 345/6607/2203 1350/6608/2203 344/6609/2203
f 345/6610/2204 347/6611/2204 1351/6612/2204
f 345/6613/2205 1351/6614/2205 1388/6615/2205
f 1388/6616/2206 1351/6617/2206 1352/6618/2206
f 1388/6619/2207 1352/6620/2207 1387/6621/2207
f 1387/6622/2208 1352/6623/2208 1353/6624/2208
f 1387/6625/2209 1353/6626/2209 1386/6627/2209
f 1386/6628/2210 1353/6629/2210 1354/6630/2210
f 1386/6631/2211 1354/6632/2211 1385/6633/2211
f 1385/6634/2212 1354/6635/2212 1346/6636/2212
f 464/6637/2213 463/6638/2213 601/6639/2213
f 464/6640/2214 601/6641/2214 491/6642/2214
f 491/6643/2215 601/6644/2215 600/6645/2215
f 497/6646/2216 602/6647/2216 603/6648/2216
f 497/6649/2217 603/6650/2217 481/6651/2217
f 481/6652/2218 603/6653/2218 480/6654/2218
f 98/6655/2219 485/6656/2219 487/6657/2219
f 98/6658/2220 487/6659/2220 99/6660/2220
f 99/6661/2221 487/6662/2221 489/6663/2221
f 102/6664/2222 495/6665/2222 493/6666/2222
f 102/6667/2223 493/6668/2223 103/6669/2223
f 103/6670/2224 493/6671/2224 485/6672/2224
f 548/6673/2225 539/6674/2225 540/6675/2225
f 548/6676/2226 540/6677/2226 565/6678/2226
f 565/6679/2227 540/6680/2227 541/6681/2227
f 565/6682/2228 541/6683/2228 564/6684/2228
f 564/6685/2229 541/6686/2229 542/6687/2229
f 564/6688/2230 542/6689/2230 563/6690/2230
f 563/6691/2231 542/6692/2231 543/6693/2231
f 563/6694/2232 543/6695/2232 544/6696/2232
f 563/6697/2233 544/6698/2233 566/6699/2233
f 566/6700/2234 544/6701/2234 545/6702/2234
f 566/6703/2235 545/6704/2235 567/6705/2235
f 567/6706/2236 545/6707/2236 546/6708/2236
f 567/6709/2237 546/6710/2237 551/6711/2237
f 551/6712/2238 546/6713/2238 547/6714/2238
f 445/6715/2239 448/6716/2239 595/6717/2239
f 593/6718/2240 597/6719/2240 599/6720/2240
f 593/6721/2241 599/6722/2241 592/6723/2241
f 689/6724/2242 726/6725/2242 660/6726/2242
f 689/6727/2243 660/6728/2243 1389/6729/2243
f 1389/6730/2244 660/6731/2244 658/6732/2244
f 1389/6733/2245 658/6734/2245 1390/6735/2245
f 1390/6736/2246 658/6737/2246 630/6738/2246
f 1390/6739/2247 630/6740/2247 120/6741/2247
f 735/6742/2248 701/6743/2248 673/6744/2248
f 673/6745/2249 701/6746/2249 1391/6747/2249
f 673/6748/2250 1391/6749/2250 675/6750/2250
f 675/6751/2251 1391/6752/2251 1392/6753/2251
f 675/6754/2252 1392/6755/2252 631/6756/2252
f 631/6757/2253 1392/6758/2253 125/6759/2253
f 126/6760/2254 738/6761/2254 1389/6762/2254
f 126/6763/2255 1389/6764/2255 655/6765/2255
f 655/6766/2256 1389/6767/2256 1390/6768/2256
f 655/6769/2257 1390/6770/2257 122/6771/2257
f 122/6772/2258 1390/6773/2258 120/6774/2258
f 123/6775/2259 125/6776/2259 1392/6777/2259
f 123/6778/2260 1392/6779/2260 657/6780/2260
f 657/6781/2261 1392/6782/2261 1391/6783/2261
f 657/6784/2262 1391/6785/2262 131/6786/2262
f 131/6787/2263 1391/6788/2263 741/6789/2263
f 663/6790/2264 665/6791/2264 1393/6792/2264
f 663/6793/2265 1393/6794/2265 661/6795/2265
f 661/6796/2266 1393/6797/2266 1394/6798/2266
f 661/6799/2267 1394/6800/2267 659/6801/2267
f 659/6802/2268 1394/6803/2268 625/6804/2268
f 659/6805/2269 625/6806/2269 624/6807/2269
f 667/6808/2270 670/6809/2270 1395/6810/2270
f 1395/6811/2271 670/6812/2271 672/6813/2271
f 1395/6814/2272 672/6815/2272 1396/6816/2272
f 1396/6817/2273 672/6818/2273 674/6819/2273
f 1396/6820/2274 674/6821/2274 627/6822/2274
f 627/6823/2275 674/6824/2275 628/6825/2275
f 626/6826/2276 625/6827/2276 1394/6828/2276
f 626/6829/2277 1394/6830/2277 650/6831/2277
f 650/6832/2278 1394/6833/2278 1393/6834/2278
f 650/6835/2279 1393/6836/2279 651/6837/2279
f 651/6838/2280 1393/6839/2280 665/6840/2280
f 652/6841/2281 667/6842/2281 1395/6843/2281
f 652/6844/2282 1395/6845/2282 653/6846/2282
f 653/6847/2283 1395/6848/2283 1396/6849/2283
f 653/6850/2284 1396/6851/2284 629/6852/2284
f 629/6853/2285 1396/6854/2285 627/6855/2285
f 660/6856/2286 726/6857/2286 662/6858/2286
f 671/6859/2287 735/6860/2287 673/6861/2287
f 639/6862/2288 676/6863/2288 797/6864/2288
f 639/6865/2289 797/6866/2289 637/6867/2289
f 637/6868/2290 797/6869/2290 634/6870/2290
f 645/6871/2291 643/6872/2291 798/6873/2291
f 645/6874/2292 798/6875/2292 647/6876/2292
f 647/6877/2293 798/6878/2293 677/6879/2293
f 134/6880/2294 133/6881/2294 791/6882/2294
f 134/6883/2295 791/6884/2295 2/6885/2295
f 794/6886/2296 137/6887/2296 136/6888/2296
f 794/6889/2297 136/6890/2297 796/6891/2297
f 738/6892/2298 689/6893/2298 1389/6894/2298
f 1391/6895/2299 701/6896/2299 741/6897/2299
f 126/6898/2300 128/6899/2300 703/6900/2300
f 126/6901/2301 703/6902/2301 805/6903/2301
f 805/6904/2302 703/6905/2302 705/6906/2302
f 805/6907/2303 705/6908/2303 807/6909/2303
f 807/6910/2304 705/6911/2304 707/6912/2304
f 807/6913/2305 707/6914/2305 809/6915/2305
f 809/6916/2306 707/6917/2306 709/6918/2306
f 809/6919/2307 709/6920/2307 811/6921/2307
f 811/6922/2308 709/6923/2308 711/6924/2308
f 811/6925/2309 711/6926/2309 147/6927/2309
f 147/6928/2310 711/6929/2310 152/6930/2310
f 150/6931/2311 155/6932/2311 716/6933/2311
f 150/6934/2312 716/6935/2312 812/6936/2312
f 812/6937/2313 716/6938/2313 718/6939/2313
f 812/6940/2314 718/6941/2314 814/6942/2314
f 814/6943/2315 718/6944/2315 720/6945/2315
f 814/6946/2316 720/6947/2316 816/6948/2316
f 816/6949/2317 720/6950/2317 722/6951/2317
f 816/6952/2318 722/6953/2318 818/6954/2318
f 818/6955/2319 722/6956/2319 724/6957/2319
f 818/6958/2320 724/6959/2320 131/6960/2320
f 131/6961/2321 724/6962/2321 129/6963/2321
f 664/6964/2322 662/6965/2322 841/6966/2322
f 664/6967/2323 841/6968/2323 688/6969/2323
f 688/6970/2324 841/6971/2324 842/6972/2324
f 688/6973/2325 842/6974/2325 686/6975/2325
f 686/6976/2326 842/6977/2326 843/6978/2326
f 686/6979/2327 843/6980/2327 684/6981/2327
f 684/6982/2328 843/6983/2328 844/6984/2328
f 684/6985/2329 844/6986/2329 682/6987/2329
f 682/6988/2330 844/6989/2330 745/6990/2330
f 694/6991/2331 746/6992/2331 845/6993/2331
f 694/6994/2332 845/6995/2332 696/6996/2332
f 696/6997/2333 845/6998/2333 846/6999/2333
f 696/7000/2334 846/7001/2334 698/7002/2334
f 698/7003/2335 846/7004/2335 847/7005/2335
f 698/7006/2336 847/7007/2336 700/7008/2336
f 700/7009/2337 847/7010/2337 848/7011/2337
f 700/7012/2338 848/7013/2338 669/7014/2338
f 669/7015/2339 848/7016/2339 671/7017/2339
f 833/7018/2340 748/7019/2340 1397/7020/2340
f 833/7021/2341 1397/7022/2341 1398/7023/2341
f 1398/7024/2342 1397/7025/2342 1399/7026/2342
f 1398/7027/2343 1399/7028/2343 736/7029/2343
f 736/7030/2344 1399/7031/2344 1400/7032/2344
f 736/7033/2345 1400/7034/2345 664/7035/2345
f 664/7036/2346 1400/7037/2346 666/7038/2346
f 669/7039/2347 668/7040/2347 1401/7041/2347
f 669/7042/2348 1401/7043/2348 743/7044/2348
f 743/7045/2349 1401/7046/2349 1402/7047/2349
f 743/7048/2350 1402/7049/2350 1403/7050/2350
f 1403/7051/2351 1402/7052/2351 1404/7053/2351
f 1403/7054/2352 1404/7055/2352 837/7056/2352
f 837/7057/2353 1404/7058/2353 755/7059/2353
f 748/7060/2354 750/7061/2354 824/7062/2354
f 748/7063/2355 824/7064/2355 1397/7065/2355
f 1397/7066/2356 824/7067/2356 822/7068/2356
f 1397/7069/2357 822/7070/2357 1399/7071/2357
f 1399/7072/2358 822/7073/2358 820/7074/2358
f 1399/7075/2359 820/7076/2359 1400/7077/2359
f 1400/7078/2360 820/7079/2360 739/7080/2360
f 1400/7081/2361 739/7082/2361 666/7083/2361
f 756/7084/2362 755/7085/2362 827/7086/2362
f 827/7087/2363 755/7088/2363 1404/7089/2363
f 827/7090/2364 1404/7091/2364 829/7092/2364
f 829/7093/2365 1404/7094/2365 1402/7095/2365
f 829/7096/2366 1402/7097/2366 831/7098/2366
f 831/7099/2367 1402/7100/2367 1401/7101/2367
f 831/7102/2368 1401/7103/2368 740/7104/2368
f 740/7105/2369 1401/7106/2369 668/7107/2369
f 1398/7108/2370 736/7109/2370 737/7110/2370
f 1398/7111/2371 737/7112/2371 819/7113/2371
f 819/7114/2372 737/7115/2372 739/7116/2372
f 1403/7117/2373 837/7118/2373 832/7119/2373
f 1403/7120/2374 832/7121/2374 742/7122/2374
f 742/7123/2375 832/7124/2375 740/7125/2375
f 127/7126/2376 770/7127/2376 1405/7128/2376
f 1405/7129/2377 770/7130/2377 1406/7131/2377
f 1405/7132/2378 1406/7133/2378 785/7134/2378
f 785/7135/2379 1406/7136/2379 784/7137/2379
f 771/7138/2380 130/7139/2380 1407/7140/2380
f 771/7141/2381 1407/7142/2381 1408/7143/2381
f 1408/7144/2382 1407/7145/2382 788/7146/2382
f 1408/7147/2383 788/7148/2383 789/7149/2383
f 761/7150/2384 763/7151/2384 801/7152/2384
f 801/7153/2385 763/7154/2385 784/7155/2385
f 801/7156/2386 784/7157/2386 799/7158/2386
f 799/7159/2387 784/7160/2387 1406/7161/2387
f 799/7162/2388 1406/7163/2388 768/7164/2388
f 768/7165/2389 1406/7166/2389 770/7167/2389
f 778/7168/2390 780/7169/2390 804/7170/2390
f 778/7171/2391 804/7172/2391 789/7173/2391
f 789/7174/2392 804/7175/2392 802/7176/2392
f 789/7177/2393 802/7178/2393 1408/7179/2393
f 1408/7180/2394 802/7181/2394 773/7182/2394
f 1408/7183/2395 773/7184/2395 771/7185/2395
f 825/7186/2396 836/7187/2396 835/7188/2396
f 825/7189/2397 835/7190/2397 823/7191/2397
f 823/7192/2398 835/7193/2398 834/7194/2398
f 823/7195/2399 834/7196/2399 821/7197/2399
f 821/7198/2400 834/7199/2400 833/7200/2400
f 821/7201/2401 833/7202/2401 819/7203/2401
f 840/7204/2402 826/7205/2402 839/7206/2402
f 839/7207/2403 826/7208/2403 828/7209/2403
f 839/7210/2404 828/7211/2404 838/7212/2404
f 838/7213/2405 828/7214/2405 830/7215/2405
f 838/7216/2406 830/7217/2406 837/7218/2406
f 837/7219/2407 830/7220/2407 832/7221/2407
f 1398/7222/2408 819/7223/2408 833/7224/2408
f 800/7225/2409 766/7226/2409 764/7227/2409
f 800/7228/2410 764/7229/2410 1409/7230/2410
f 1409/7231/2411 764/7232/2411 762/7233/2411
f 1409/7234/2412 762/7235/2412 1410/7236/2412
f 1410/7237/2413 762/7238/2413 760/7239/2413
f 1410/7240/2414 760/7241/2414 141/7242/2414
f 775/7243/2415 803/7244/2415 777/7245/2415
f 777/7246/2416 803/7247/2416 1411/7248/2416
f 777/7249/2417 1411/7250/2417 779/7251/2417
f 779/7252/2418 1411/7253/2418 1412/7254/2418
f 779/7255/2419 1412/7256/2419 781/7257/2419
f 781/7258/2420 1412/7259/2420 144/7260/2420
f 782/7261/2421 127/7262/2421 1405/7263/2421
f 782/7264/2422 1405/7265/2422 786/7266/2422
f 786/7267/2423 1405/7268/2423 785/7269/2423
f 787/7270/2424 788/7271/2424 1407/7272/2424
f 787/7273/2425 1407/7274/2425 783/7275/2425
f 783/7276/2426 1407/7277/2426 130/7278/2426
f 782/7279/2427 786/7280/2427 654/7281/2427
f 787/7282/2428 783/7283/2428 656/7284/2428
f 140/7285/2429 800/7286/2429 1409/7287/2429
f 140/7288/2430 1409/7289/2430 141/7290/2430
f 141/7291/2431 1409/7292/2431 1410/7293/2431
f 144/7294/2432 1412/7295/2432 1411/7296/2432
f 144/7297/2433 1411/7298/2433 145/7299/2433
f 145/7300/2434 1411/7301/2434 803/7302/2434
f 713/7303/2435 712/7304/2435 710/7305/2435
f 713/7306/2436 710/7307/2436 148/7308/2436
f 148/7309/2437 710/7310/2437 708/7311/2437
f 149/7312/2438 719/7313/2438 717/7314/2438
f 149/7315/2439 717/7316/2439 714/7317/2439
f 714/7318/2440 717/7319/2440 715/7320/2440
f 1413/7321/2441 1414/7322/2441 1415/7323/2441
f 1413/7324/2442 1415/7325/2442 1416/7326/2442
f 1416/7327/2443 1415/7328/2443 1417/7329/2443
f 1416/7330/2444 1417/7331/2444 1/7332/2444
f 1/7333/2445 1417/7334/2445 1418/7335/2445
f 1/7336/2446 1418/7337/2446 1419/7338/2446
f 1419/7339/2447 1418/7340/2447 1420/7341/2447
f 1419/7342/2448 1420/7343/2448 1421/7344/2448
f 1421/7345/2449 1420/7346/2449 1422/7347/2449
f 1421/7348/2450 1422/7349/2450 1423/7350/2450
f 1423/7351/2451 1422/7352/2451 1424/7353/2451
f 1423/7354/2452 1424/7355/2452 1425/7356/2452
f 1425/7357/2453 1424/7358/2453 1426/7359/2453
f 1425/7360/2454 1426/7361/2454 1427/7362/2454
f 1427/7363/2455 1426/7364/2455 1428/7365/2455
f 1427/7366/2456 1428/7367/2456 1429/7368/2456
f 1429/7369/2457 1428/7370/2457 1430/7371/2457
f 1429/7372/2458 1430/7373/2458 1431/7374/2458
f 1431/7375/2459 1430/7376/2459 1432/7377/2459
f 1431/7378/2460 1432/7379/2460 1433/7380/2460
f 1433/7381/2461 1432/7382/2461 851/7383/2461
f 1433/7384/2462 851/7385/2462 902/7386/2462
f 902/7387/2463 851/7388/2463 850/7389/2463
f 1108/7390/2464 1106/7391/2464 1434/7392/2464
f 1434/7393/2465 1106/7394/2465 1104/7395/2465
f 1434/7396/2466 1104/7397/2466 1435/7398/2466
f 1435/7399/2467 1104/7400/2467 903/7401/2467
f 1435/7402/2468 903/7403/2468 865/7404/2468
f 865/7405/2469 903/7406/2469 867/7407/2469
f 1424/7408/2470 1422/7409/2470 1420/7410/2470
f 1424/7411/2471 1420/7412/2471 1436/7413/2471
f 1436/7414/2472 1420/7415/2472 1437/7416/2472
f 1436/7417/2473 1437/7418/2473 1438/7419/2473
f 1438/7420/2474 1437/7421/2474 1439/7422/2474
f 1438/7423/2475 1439/7424/2475 1440/7425/2475
f 1440/7426/2476 1439/7427/2476 1441/7428/2476
f 1440/7429/2477 1441/7430/2477 1442/7431/2477
f 1442/7432/2478 1441/7433/2478 1443/7434/2478
f 1442/7435/2479 1443/7436/2479 1444/7437/2479
f 1444/7438/2480 1443/7439/2480 859/7440/2480
f 1444/7441/2481 859/7442/2481 857/7443/2481
f 1445/7444/2482 1446/7445/2482 854/7446/2482
f 1445/7447/2483 854/7448/2483 1447/7449/2483
f 1447/7450/2484 854/7451/2484 856/7452/2484
f 1447/7453/2485 856/7454/2485 862/7455/2485
f 1447/7456/2486 862/7457/2486 1445/7458/2486
f 1445/7459/2487 862/7460/2487 1448/7461/2487
f 854/7462/2488 1446/7463/2488 849/7464/2488
f 854/7465/2489 849/7466/2489 852/7467/2489
f 866/7468/2490 1448/7469/2490 862/7470/2490
f 866/7471/2491 862/7472/2491 864/7473/2491
f 958/7474/2492 960/7475/2492 1449/7476/2492
f 958/7477/2493 1449/7478/2493 1450/7479/2493
f 1450/7480/2494 1449/7481/2494 1451/7482/2494
f 1450/7483/2495 1451/7484/2495 1452/7485/2495
f 1452/7486/2496 1451/7487/2496 1453/7488/2496
f 1454/7489/2497 1453/7490/2497 1455/7491/2497
f 1454/7492/2498 1455/7493/2498 1456/7494/2498
f 1456/7495/2499 1455/7496/2499 1457/7497/2499
f 1456/7498/2500 1457/7499/2500 982/7500/2500
f 982/7501/2501 1457/7502/2501 980/7503/2501
f 1458/7504/2502 1453/7505/2502 1451/7506/2502
f 1458/7507/2503 1451/7508/2503 1459/7509/2503
f 1459/7510/2504 1451/7511/2504 1460/7512/2504
f 1459/7513/2505 1460/7514/2505 964/7515/2505
f 964/7516/2506 1460/7517/2506 960/7518/2506
f 964/7519/2507 960/7520/2507 962/7521/2507
f 1453/7522/2508 1458/7523/2508 1455/7524/2508
f 1455/7525/2509 1458/7526/2509 1459/7527/2509
f 1455/7528/2510 1459/7529/2510 1461/7530/2510
f 1461/7531/2511 1459/7532/2511 976/7533/2511
f 1461/7534/2512 976/7535/2512 980/7536/2512
f 980/7537/2513 976/7538/2513 978/7539/2513
f 953/7540/2514 956/7541/2514 958/7542/2514
f 953/7543/2515 958/7544/2515 1462/7545/2515
f 1462/7546/2516 958/7547/2516 1450/7548/2516
f 1463/7549/2517 1456/7550/2517 982/7551/2517
f 1463/7552/2518 982/7553/2518 986/7554/2518
f 986/7555/2519 982/7556/2519 984/7557/2519
f 1437/7558/2520 1420/7559/2520 1464/7560/2520
f 1464/7561/2521 1420/7562/2521 1418/7563/2521
f 1464/7564/2522 1418/7565/2522 1465/7566/2522
f 1465/7567/2523 1418/7568/2523 1466/7569/2523
f 1465/7570/2524 1466/7571/2524 1467/7572/2524
f 1467/7573/2525 1466/7574/2525 1415/7575/2525
f 1467/7576/2526 1415/7577/2526 1468/7578/2526
f 1468/7579/2527 1415/7580/2527 1414/7581/2527
f 1040/7582/2528 1038/7583/2528 1042/7584/2528
f 1042/7585/2529 1038/7586/2529 1469/7587/2529
f 1042/7588/2530 1469/7589/2530 1470/7590/2530
f 1470/7591/2531 1469/7592/2531 1471/7593/2531
f 1470/7594/2532 1471/7595/2532 1472/7596/2532
f 1472/7597/2533 1471/7598/2533 1473/7599/2533
f 1472/7600/2534 1473/7601/2534 1474/7602/2534
f 1474/7603/2535 1473/7604/2535 1475/7605/2535
f 1474/7606/2536 1475/7607/2536 1476/7608/2536
f 1476/7609/2537 1475/7610/2537 1477/7611/2537
f 1476/7612/2538 1477/7613/2538 1478/7614/2538
f 1478/7615/2539 1477/7616/2539 1414/7617/2539
f 1468/7618/2540 1414/7619/2540 1477/7620/2540
f 1468/7621/2541 1477/7622/2541 1467/7623/2541
f 1467/7624/2542 1477/7625/2542 1479/7626/2542
f 1467/7627/2543 1479/7628/2543 1480/7629/2543
f 1480/7630/2544 1479/7631/2544 1473/7632/2544
f 1480/7633/2545 1473/7634/2545 1481/7635/2545
f 1481/7636/2546 1473/7637/2546 1471/7638/2546
f 1481/7639/2547 1471/7640/2547 1482/7641/2547
f 1482/7642/2548 1471/7643/2548 1483/7644/2548
f 1482/7645/2549 1483/7646/2549 1036/7647/2549
f 1036/7648/2550 1483/7649/2550 1038/7650/2550
f 1439/7651/2551 1437/7652/2551 1484/7653/2551
f 1484/7654/2552 1437/7655/2552 1485/7656/2552
f 1484/7657/2553 1485/7658/2553 1486/7659/2553
f 1486/7660/2554 1485/7661/2554 1465/7662/2554
f 1486/7663/2555 1465/7664/2555 1487/7665/2555
f 1487/7666/2556 1465/7667/2556 1467/7668/2556
f 1487/7669/2557 1467/7670/2557 1480/7671/2557
f 1487/7672/2558 1480/7673/2558 1486/7674/2558
f 1486/7675/2559 1480/7676/2559 1488/7677/2559
f 1486/7678/2560 1488/7679/2560 1489/7680/2560
f 1489/7681/2561 1488/7682/2561 1482/7683/2561
f 1489/7684/2562 1482/7685/2562 1034/7686/2562
f 1034/7687/2563 1482/7688/2563 1036/7689/2563
f 1441/7690/2564 1439/7691/2564 1443/7692/2564
f 1443/7693/2565 1439/7694/2565 1484/7695/2565
f 1443/7696/2566 1484/7697/2566 1490/7698/2566
f 1490/7699/2567 1484/7700/2567 1486/7701/2567
f 859/7702/2568 1491/7703/2568 1032/7704/2568
f 1032/7705/2569 1491/7706/2569 1490/7707/2569
f 1032/7708/2570 1490/7709/2570 1489/7710/2570
f 1489/7711/2571 1490/7712/2571 1486/7713/2571
f 1443/7714/2572 1490/7715/2572 1491/7716/2572
f 1443/7717/2573 1491/7718/2573 859/7719/2573
f 902/7720/2574 901/7721/2574 1492/7722/2574
f 902/7723/2575 1492/7724/2575 1493/7725/2575
f 1493/7726/2576 1492/7727/2576 1494/7728/2576
f 1493/7729/2577 1494/7730/2577 1495/7731/2577
f 1495/7732/2578 1494/7733/2578 1496/7734/2578
f 1495/7735/2579 1496/7736/2579 1429/7737/2579
f 1429/7738/2580 1496/7739/2580 1497/7740/2580
f 1429/7741/2581 1497/7742/2581 1427/7743/2581
f 1427/7744/2582 1497/7745/2582 1498/7746/2582
f 1427/7747/2583 1498/7748/2583 1499/7749/2583
f 1499/7750/2584 1498/7751/2584 1500/7752/2584
f 1499/7753/2585 1500/7754/2585 1423/7755/2585
f 1423/7756/2586 1500/7757/2586 1501/7758/2586
f 1423/7759/2587 1501/7760/2587 1421/7761/2587
f 1421/7762/2588 1501/7763/2588 1502/7764/2588
f 1421/7765/2589 1502/7766/2589 1503/7767/2589
f 1503/7768/2590 1502/7769/2590 1504/7770/2590
f 1503/7771/2591 1504/7772/2591 1/7773/2591
f 1/7774/2592 1504/7775/2592 1505/7776/2592
f 1/7777/2593 1505/7778/2593 1416/7779/2593
f 1024/7780/2594 1042/7781/2594 1506/7782/2594
f 1506/7783/2595 1042/7784/2595 1470/7785/2595
f 1506/7786/2596 1470/7787/2596 1027/7788/2596
f 1027/7789/2597 1470/7790/2597 1507/7791/2597
f 1027/7792/2598 1507/7793/2598 1029/7794/2598
f 1029/7795/2599 1507/7796/2599 1474/7797/2599
f 1029/7798/2600 1474/7799/2600 1508/7800/2600
f 1508/7801/2601 1474/7802/2601 1476/7803/2601
f 1502/7804/2602 1501/7805/2602 1500/7806/2602
f 1502/7807/2603 1500/7808/2603 1509/7809/2603
f 1509/7810/2604 1500/7811/2604 955/7812/2604
f 1509/7813/2605 955/7814/2605 1510/7815/2605
f 1510/7816/2606 955/7817/2606 954/7818/2606
f 1026/7819/2607 987/7820/2607 985/7821/2607
f 1511/7822/2608 1504/7823/2608 1502/7824/2608
f 1511/7825/2609 1502/7826/2609 1510/7827/2609
f 1510/7828/2610 1502/7829/2610 1509/7830/2610
f 964/7831/2611 966/7832/2611 1512/7833/2611
f 964/7834/2612 1512/7835/2612 1459/7836/2612
f 976/7837/2613 1459/7838/2613 1512/7839/2613
f 976/7840/2614 1512/7841/2614 966/7842/2614
f 1135/7843/2615 1137/7844/2615 1504/7845/2615
f 1504/7846/2616 1137/7847/2616 1139/7848/2616
f 1504/7849/2617 1139/7850/2617 1505/7851/2617
f 1505/7852/2618 1139/7853/2618 1416/7854/2618
f 1161/7855/2619 1159/7856/2619 1029/7857/2619
f 1161/7858/2620 1029/7859/2620 1163/7860/2620
f 1163/7861/2621 1029/7862/2621 1508/7863/2621
f 1163/7864/2622 1508/7865/2622 1476/7866/2622
f 1413/7867/2623 1416/7868/2623 1143/7869/2623
f 1413/7870/2624 1143/7871/2624 1414/7872/2624
f 1414/7873/2625 1143/7874/2625 1145/7875/2625
f 1414/7876/2626 1145/7877/2626 1167/7878/2626
f 1414/7879/2627 1167/7880/2627 1478/7881/2627
f 1478/7882/2628 1167/7883/2628 1476/7884/2628
f 1123/7885/2629 1125/7886/2629 1450/7887/2629
f 1450/7888/2630 1125/7889/2630 1127/7890/2630
f 1450/7891/2631 1127/7892/2631 1462/7893/2631
f 1462/7894/2632 1127/7895/2632 953/7896/2632
f 1149/7897/2633 1147/7898/2633 1456/7899/2633
f 1149/7900/2634 1456/7901/2634 1151/7902/2634
f 1151/7903/2635 1456/7904/2635 1463/7905/2635
f 1151/7906/2636 1463/7907/2636 986/7908/2636
f 1453/7909/2637 1121/7910/2637 1123/7911/2637
f 1453/7912/2638 1123/7913/2638 1452/7914/2638
f 1452/7915/2639 1123/7916/2639 1450/7917/2639
f 1454/7918/2640 1456/7919/2640 1147/7920/2640
f 1454/7921/2641 1147/7922/2641 1453/7923/2641
f 1453/7924/2642 1147/7925/2642 1121/7926/2642
f 1127/7927/2643 1129/7928/2643 953/7929/2643
f 953/7930/2644 1129/7931/2644 1131/7932/2644
f 953/7933/2645 1131/7934/2645 954/7935/2645
f 954/7936/2646 1131/7937/2646 1510/7938/2646
f 1153/7939/2647 1151/7940/2647 986/7941/2647
f 1153/7942/2648 986/7943/2648 1155/7944/2648
f 1155/7945/2649 986/7946/2649 987/7947/2649
f 1155/7948/2650 987/7949/2650 1026/7950/2650
f 1131/7951/2651 1133/7952/2651 1510/7953/2651
f 1510/7954/2652 1133/7955/2652 1135/7956/2652
f 1510/7957/2653 1135/7958/2653 1511/7959/2653
f 1511/7960/2654 1135/7961/2654 1504/7962/2654
f 1157/7963/2655 1155/7964/2655 1026/7965/2655
f 1157/7966/2656 1026/7967/2656 1159/7968/2656
f 1159/7969/2657 1026/7970/2657 1028/7971/2657
f 1159/7972/2658 1028/7973/2658 1029/7974/2658
f 1171/7975/2659 1090/7976/2659 868/7977/2659
f 1171/7978/2660 868/7979/2660 932/7980/2660
f 932/7981/2661 868/7982/2661 875/7983/2661
f 932/7984/2662 875/7985/2662 934/7986/2662
f 934/7987/2663 875/7988/2663 1513/7989/2663
f 934/7990/2664 1513/7991/2664 936/7992/2664
f 936/7993/2665 1513/7994/2665 1514/7995/2665
f 936/7996/2666 1514/7997/2666 168/7998/2666
f 168/7999/2667 1514/8000/2667 1083/8001/2667
f 169/8002/2668 1083/8003/2668 1514/8004/2668
f 169/8005/2669 1514/8006/2669 937/8007/2669
f 937/8008/2670 1514/8009/2670 1513/8010/2670
f 937/8011/2671 1513/8012/2671 893/8013/2671
f 893/8014/2672 1513/8015/2672 875/8016/2672
f 868/8017/2673 1090/8018/2673 895/8019/2673
f 1445/8020/2674 1515/8021/2674 1516/8022/2674
f 1445/8023/2675 1516/8024/2675 1446/8025/2675
f 1446/8026/2676 1516/8027/2676 1517/8028/2676
f 1446/8029/2677 1517/8030/2677 849/8031/2677
f 849/8032/2678 1517/8033/2678 850/8034/2678
f 866/8035/2679 867/8036/2679 1518/8037/2679
f 866/8038/2680 1518/8039/2680 1448/8040/2680
f 1448/8041/2681 1518/8042/2681 1519/8043/2681
f 1448/8044/2682 1519/8045/2682 1445/8046/2682
f 1445/8047/2683 1519/8048/2683 1515/8049/2683
f 164/8050/2684 995/8051/2684 998/8052/2684
f 164/8053/2685 998/8054/2685 162/8055/2685
f 162/8056/2686 998/8057/2686 1000/8058/2686
f 162/8059/2687 1000/8060/2687 1084/8061/2687
f 1084/8062/2688 1000/8063/2688 1520/8064/2688
f 1084/8065/2689 1520/8066/2689 1086/8067/2689
f 1086/8068/2690 1520/8069/2690 1521/8070/2690
f 1086/8071/2691 1521/8072/2691 167/8073/2691
f 167/8074/2692 1521/8075/2692 935/8076/2692
f 170/8077/2693 891/8078/2693 889/8079/2693
f 170/8080/2694 889/8081/2694 1087/8082/2694
f 1087/8083/2695 889/8084/2695 887/8085/2695
f 1087/8086/2696 887/8087/2696 1088/8088/2696
f 1088/8089/2697 887/8090/2697 1522/8091/2697
f 1088/8092/2698 1522/8093/2698 165/8094/2698
f 165/8095/2699 1522/8096/2699 1523/8097/2699
f 165/8098/2700 1523/8099/2700 164/8100/2700
f 164/8101/2701 1523/8102/2701 995/8103/2701
f 883/8104/2702 881/8105/2702 1524/8106/2702
f 883/8107/2703 1524/8108/2703 1522/8109/2703
f 1522/8110/2704 1524/8111/2704 1525/8112/2704
f 1522/8113/2705 1525/8114/2705 1523/8115/2705
f 1523/8116/2706 1525/8117/2706 1526/8118/2706
f 1523/8119/2707 1526/8120/2707 995/8121/2707
f 995/8122/2708 1526/8123/2708 996/8124/2708
f 900/8125/2709 850/8126/2709 1517/8127/2709
f 900/8128/2710 1517/8129/2710 898/8130/2710
f 898/8131/2711 1517/8132/2711 1527/8133/2711
f 898/8134/2712 1527/8135/2712 896/8136/2712
f 896/8137/2713 1527/8138/2713 1528/8139/2713
f 896/8140/2714 1528/8141/2714 894/8142/2714
f 867/8143/2715 905/8144/2715 1518/8145/2715
f 1518/8146/2716 905/8147/2716 907/8148/2716
f 1518/8149/2717 907/8150/2717 1529/8151/2717
f 1529/8152/2718 907/8153/2718 909/8154/2718
f 1529/8155/2719 909/8156/2719 1528/8157/2719
f 1528/8158/2720 909/8159/2720 894/8160/2720
f 1516/8161/2721 1515/8162/2721 1530/8163/2721
f 1516/8164/2722 1530/8165/2722 1527/8166/2722
f 1527/8167/2723 1530/8168/2723 1528/8169/2723
f 1529/8170/2724 1528/8171/2724 1530/8172/2724
f 1529/8173/2725 1530/8174/2725 1519/8175/2725
f 1519/8176/2726 1530/8177/2726 1515/8178/2726
f 1089/8179/2727 1091/8180/2727 1531/8181/2727
f 1089/8182/2728 1531/8183/2728 1532/8184/2728
f 1532/8185/2729 1531/8186/2729 171/8187/2729
f 1532/8188/2730 171/8189/2730 1533/8190/2730
f 1533/8191/2731 171/8192/2731 174/8193/2731
f 1533/8194/2732 174/8195/2732 1173/8196/2732
f 1173/8197/2733 174/8198/2733 173/8199/2733
f 1100/8200/2734 1101/8201/2734 1534/8202/2734
f 1100/8203/2735 1534/8204/2735 1535/8205/2735
f 1535/8206/2736 1534/8207/2736 1192/8208/2736
f 1535/8209/2737 1192/8210/2737 1536/8211/2737
f 1536/8212/2738 1192/8213/2738 1537/8214/2738
f 1536/8215/2739 1537/8216/2739 177/8217/2739
f 177/8218/2740 1537/8219/2740 178/8220/2740
f 1537/8221/2741 1192/8222/2741 1194/8223/2741
f 1537/8224/2742 1194/8225/2742 178/8226/2742
f 178/8227/2743 1194/8228/2743 175/8229/2743
f 975/8230/2744 939/8231/2744 1538/8232/2744
f 1538/8233/2745 939/8234/2745 938/8235/2745
f 1538/8236/2746 938/8237/2746 1015/8238/2746
f 1015/8239/2747 938/8240/2747 989/8241/2747
f 989/8242/2748 938/8243/2748 941/8244/2748
f 881/8245/2749 879/8246/2749 1077/8247/2749
f 881/8248/2750 1077/8249/2750 1524/8250/2750
f 1524/8251/2751 1077/8252/2751 1079/8253/2751
f 1524/8254/2752 1079/8255/2752 1525/8256/2752
f 1525/8257/2753 1079/8258/2753 1080/8259/2753
f 1525/8260/2754 1080/8261/2754 1526/8262/2754
f 1526/8263/2755 1080/8264/2755 1081/8265/2755
f 1526/8266/2756 1081/8267/2756 996/8268/2756
f 996/8269/2757 1081/8270/2757 1055/8271/2757
f 1059/8272/2758 1072/8273/2758 1060/8274/2758
f 1060/8275/2759 1072/8276/2759 1073/8277/2759
f 1060/8278/2760 1073/8279/2760 1061/8280/2760
f 1061/8281/2761 1073/8282/2761 1074/8283/2761
f 1061/8284/2762 1074/8285/2762 1062/8286/2762
f 1062/8287/2763 1074/8288/2763 1075/8289/2763
f 1062/8290/2764 1075/8291/2764 1063/8292/2764
f 1063/8293/2765 1075/8294/2765 1076/8295/2765
f 1063/8296/2766 1076/8297/2766 1054/8298/2766
f 1054/8299/2767 1076/8300/2767 3/8301/2767
f 882/8302/2768 884/8303/2768 1175/8304/2768
f 882/8305/2769 1175/8306/2769 880/8307/2769
f 880/8308/2770 1175/8309/2770 1539/8310/2770
f 880/8311/2771 1539/8312/2771 878/8313/2771
f 878/8314/2772 1539/8315/2772 1540/8316/2772
f 878/8317/2773 1540/8318/2773 876/8319/2773
f 876/8320/2774 1540/8321/2774 1082/8322/2774
f 1175/8323/2775 1070/8324/2775 1539/8325/2775
f 1539/8326/2776 1070/8327/2776 1071/8328/2776
f 1539/8329/2777 1071/8330/2777 1540/8331/2777
f 1540/8332/2778 1071/8333/2778 3/8334/2778
f 1540/8335/2779 3/8336/2779 1082/8337/2779
f 1082/8338/2780 3/8339/2780 1076/8340/2780
f 879/8341/2781 877/8342/2781 1078/8343/2781
f 879/8344/2782 1078/8345/2782 1077/8346/2782
f 172/8347/2783 171/8348/2783 1531/8349/2783
f 172/8350/2784 1531/8351/2784 1111/8352/2784
f 1111/8353/2785 1531/8354/2785 1091/8355/2785
f 1111/8356/2786 1091/8357/2786 1093/8358/2786
f 1120/8359/2787 1095/8360/2787 1097/8361/2787
f 1120/8362/2788 1097/8363/2788 1541/8364/2788
f 1541/8365/2789 1097/8366/2789 1098/8367/2789
f 1541/8368/2790 1098/8369/2790 1536/8370/2790
f 1536/8371/2791 1098/8372/2791 1099/8373/2791
f 1536/8374/2792 1099/8375/2792 1535/8376/2792
f 1535/8377/2793 1099/8378/2793 1100/8379/2793
f 176/8380/2794 1120/8381/2794 1541/8382/2794
f 176/8383/2795 1541/8384/2795 177/8385/2795
f 177/8386/2796 1541/8387/2796 1536/8388/2796
f 928/8389/2797 926/8390/2797 1109/8391/2797
f 928/8392/2798 1109/8393/2798 1094/8394/2798
f 1094/8395/2799 1109/8396/2799 1093/8397/2799
f 1096/8398/2800 1095/8399/2800 1118/8400/2800
f 1096/8401/2801 1118/8402/2801 1170/8403/2801
f 1170/8404/2802 1118/8405/2802 1116/8406/2802
f 1170/8407/2803 1116/8408/2803 1114/8409/2803
f 1358/8410/2804 1357/8411/2804 1542/8412/2804
f 1358/8413/2805 1542/8414/2805 1543/8415/2805
f 1543/8416/2806 1542/8417/2806 1211/8418/2806
f 1543/8419/2807 1211/8420/2807 1544/8421/2807
f 1544/8422/2808 1211/8423/2808 1213/8424/2808
f 1544/8425/2809 1213/8426/2809 1340/8427/2809
f 1340/8428/2810 1213/8429/2810 55/8430/2810
f 1343/8431/2811 57/8432/2811 1220/8433/2811
f 1343/8434/2812 1220/8435/2812 1545/8436/2812
f 1545/8437/2813 1220/8438/2813 1218/8439/2813
f 1545/8440/2814 1218/8441/2814 1546/8442/2814
f 1546/8443/2815 1218/8444/2815 1547/8445/2815
f 1546/8446/2816 1547/8447/2816 1365/8448/2816
f 1365/8449/2817 1547/8450/2817 1366/8451/2817
f 1360/8452/2818 1358/8453/2818 1543/8454/2818
f 1360/8455/2819 1543/8456/2819 1361/8457/2819
f 1361/8458/2820 1543/8459/2820 1544/8460/2820
f 1361/8461/2821 1544/8462/2821 1341/8463/2821
f 1341/8464/2822 1544/8465/2822 1340/8466/2822
f 1342/8467/2823 1343/8468/2823 1545/8469/2823
f 1342/8470/2824 1545/8471/2824 1362/8472/2824
f 1362/8473/2825 1545/8474/2825 1546/8475/2825
f 1362/8476/2826 1546/8477/2826 1363/8478/2826
f 1363/8479/2827 1546/8480/2827 1365/8481/2827
f 1198/8482/2828 1369/8483/2828 1548/8484/2828
f 1198/8485/2829 1548/8486/2829 1199/8487/2829
f 1199/8488/2830 1548/8489/2830 1374/8490/2830
f 1199/8491/2831 1374/8492/2831 1200/8493/2831
f 1200/8494/2832 1374/8495/2832 1359/8496/2832
f 1200/8497/2833 1359/8498/2833 1201/8499/2833
f 1370/8500/2834 1203/8501/2834 1549/8502/2834
f 1549/8503/2835 1203/8504/2835 1204/8505/2835
f 1549/8506/2836 1204/8507/2836 1376/8508/2836
f 1376/8509/2837 1204/8510/2837 1205/8511/2837
f 1376/8512/2838 1205/8513/2838 1364/8514/2838
f 1364/8515/2839 1205/8516/2839 1206/8517/2839
f 208/8518/2840 206/8519/2840 1550/8520/2840
f 208/8521/2841 1550/8522/2841 1263/8523/2841
f 1263/8524/2842 1550/8525/2842 1551/8526/2842
f 1263/8527/2843 1551/8528/2843 1264/8529/2843
f 1264/8530/2844 1551/8531/2844 1552/8532/2844
f 1264/8533/2845 1552/8534/2845 1265/8535/2845
f 1265/8536/2846 1552/8537/2846 1553/8538/2846
f 1265/8539/2847 1553/8540/2847 1266/8541/2847
f 1266/8542/2848 1553/8543/2848 1554/8544/2848
f 1266/8545/2849 1554/8546/2849 1267/8547/2849
f 1267/8548/2850 1554/8549/2850 1555/8550/2850
f 1267/8551/2851 1555/8552/2851 1228/8553/2851
f 1228/8554/2852 1555/8555/2852 1230/8556/2852
f 1241/8557/2853 1239/8558/2853 1556/8559/2853
f 1241/8560/2854 1556/8561/2854 1268/8562/2854
f 1268/8563/2855 1556/8564/2855 1557/8565/2855
f 1268/8566/2856 1557/8567/2856 1269/8568/2856
f 1269/8569/2857 1557/8570/2857 1558/8571/2857
f 1269/8572/2858 1558/8573/2858 1270/8574/2858
f 1270/8575/2859 1558/8576/2859 1559/8577/2859
f 1270/8578/2860 1559/8579/2860 1271/8580/2860
f 1271/8581/2861 1559/8582/2861 1560/8583/2861
f 1271/8584/2862 1560/8585/2862 1272/8586/2862
f 1272/8587/2863 1560/8588/2863 1561/8589/2863
f 1272/8590/2864 1561/8591/2864 211/8592/2864
f 211/8593/2865 1561/8594/2865 213/8595/2865
f 1552/8596/2866 1551/8597/2866 1553/8598/2866
f 1553/8599/2867 1551/8600/2867 242/8601/2867
f 1553/8602/2868 242/8603/2868 1554/8604/2868
f 1554/8605/2869 242/8606/2869 243/8607/2869
f 1554/8608/2870 243/8609/2870 1555/8610/2870
f 1555/8611/2871 243/8612/2871 244/8613/2871
f 1555/8614/2872 244/8615/2872 1230/8616/2872
f 1230/8617/2873 244/8618/2873 1232/8619/2873
f 206/8620/2874 5/8621/2874 241/8622/2874
f 206/8623/2875 241/8624/2875 1550/8625/2875
f 1550/8626/2876 241/8627/2876 242/8628/2876
f 1550/8629/2877 242/8630/2877 1551/8631/2877
f 1560/8632/2878 1559/8633/2878 1558/8634/2878
f 1560/8635/2879 1558/8636/2879 247/8637/2879
f 247/8638/2880 1558/8639/2880 1557/8640/2880
f 247/8641/2881 1557/8642/2881 248/8643/2881
f 248/8644/2882 1557/8645/2882 1556/8646/2882
f 248/8647/2883 1556/8648/2883 249/8649/2883
f 249/8650/2884 1556/8651/2884 1239/8652/2884
f 249/8653/2885 1239/8654/2885 1237/8655/2885
f 9/8656/2886 213/8657/2886 246/8658/2886
f 246/8659/2887 213/8660/2887 1561/8661/2887
f 246/8662/2888 1561/8663/2888 247/8664/2888
f 247/8665/2889 1561/8666/2889 1560/8667/2889
f 185/8668/2890 183/8669/2890 229/8670/2890
f 1232/8671/2891 244/8672/2891 245/8673/2891
f 1232/8674/2892 245/8675/2892 1234/8676/2892
f 1237/8677/2893 1235/8678/2893 250/8679/2893
f 1237/8680/2894 250/8681/2894 249/8682/2894
f 315/8683/2895 326/8684/2895 51/8685/2895
f 352/8686/2896 350/8687/2896 1207/8688/2896
f 352/8689/2897 1207/8690/2897 1562/8691/2897
f 1562/8692/2898 1207/8693/2898 1209/8694/2898
f 1562/8695/2899 1209/8696/2899 1542/8697/2899
f 1542/8698/2900 1209/8699/2900 1211/8700/2900
f 1547/8701/2901 1218/8702/2901 1216/8703/2901
f 1547/8704/2902 1216/8705/2902 1563/8706/2902
f 1563/8707/2903 1216/8708/2903 1214/8709/2903
f 1563/8710/2904 1214/8711/2904 373/8712/2904
f 373/8713/2905 1214/8714/2905 375/8715/2905
f 354/8716/2906 352/8717/2906 1562/8718/2906
f 354/8719/2907 1562/8720/2907 1357/8721/2907
f 1357/8722/2908 1562/8723/2908 1542/8724/2908
f 1366/8725/2909 1547/8726/2909 1563/8727/2909
f 1366/8728/2910 1563/8729/2910 371/8730/2910
f 371/8731/2911 1563/8732/2911 373/8733/2911
f 1368/8734/2912 1367/8735/2912 1373/8736/2912
f 1368/8737/2913 1373/8738/2913 1548/8739/2913
f 1548/8740/2914 1373/8741/2914 1374/8742/2914
f 1549/8743/2915 1376/8744/2915 1375/8745/2915
f 1549/8746/2916 1375/8747/2916 1371/8748/2916
f 1371/8749/2917 1375/8750/2917 1372/8751/2917
f 1368/8752/2918 1548/8753/2918 1369/8754/2918
f 1549/8755/2919 1371/8756/2919 1370/8757/2919
f 104/8758/2920 589/8759/2920 106/8760/2920
f 1403/8761/2921 742/8762/2921 743/8763/2921
f 1426/8764/2922 1424/8765/2922 1564/8766/2922
f 1426/8767/2923 1564/8768/2923 1565/8769/2923
f 1565/8770/2924 1564/8771/2924 1566/8772/2924
f 1565/8773/2925 1566/8774/2925 1567/8775/2925
f 1567/8776/2926 1566/8777/2926 1440/8778/2926
f 1567/8779/2927 1440/8780/2927 1568/8781/2927
f 1568/8782/2928 1440/8783/2928 1442/8784/2928
f 1568/8785/2929 1442/8786/2929 1569/8787/2929
f 1569/8788/2930 1442/8789/2930 1570/8790/2930
f 1569/8791/2931 1570/8792/2931 853/8793/2931
f 853/8794/2932 1570/8795/2932 857/8796/2932
f 853/8797/2933 857/8798/2933 855/8799/2933
f 1037/8800/2934 1108/8801/2934 1571/8802/2934
f 1037/8803/2935 1571/8804/2935 1035/8805/2935
f 1035/8806/2936 1571/8807/2936 1572/8808/2936
f 1035/8809/2937 1572/8810/2937 1573/8811/2937
f 1573/8812/2938 1572/8813/2938 1574/8814/2938
f 1573/8815/2939 1574/8816/2939 1031/8817/2939
f 1031/8818/2940 1574/8819/2940 1575/8820/2940
f 1031/8821/2941 1575/8822/2941 860/8823/2941
f 860/8824/2942 1575/8825/2942 863/8826/2942
f 860/8827/2943 863/8828/2943 861/8829/2943
f 853/8830/2944 851/8831/2944 1576/8832/2944
f 853/8833/2945 1576/8834/2945 1569/8835/2945
f 1569/8836/2946 1576/8837/2946 1432/8838/2946
f 1569/8839/2947 1432/8840/2947 1577/8841/2947
f 1577/8842/2948 1432/8843/2948 1565/8844/2948
f 1577/8845/2949 1565/8846/2949 1567/8847/2949
f 1434/8848/2950 1435/8849/2950 865/8850/2950
f 1434/8851/2951 865/8852/2951 1578/8853/2951
f 1578/8854/2952 865/8855/2952 863/8856/2952
f 1578/8857/2953 863/8858/2953 1574/8859/2953
f 1574/8860/2954 863/8861/2954 1575/8862/2954
f 1572/8863/2955 1571/8864/2955 1108/8865/2955
f 1572/8866/2956 1108/8867/2956 1579/8868/2956
f 1579/8869/2957 1108/8870/2957 1434/8871/2957
f 1579/8872/2958 1434/8873/2958 1574/8874/2958
f 1574/8875/2959 1434/8876/2959 1578/8877/2959
f 1569/8878/2960 1577/8879/2960 1567/8880/2960
f 1569/8881/2961 1567/8882/2961 1568/8883/2961
f 1572/8884/2962 1579/8885/2962 1574/8886/2962
f 851/8887/2963 1432/8888/2963 1576/8889/2963
f 857/8890/2964 1570/8891/2964 1442/8892/2964
f 857/8893/2965 1442/8894/2965 1444/8895/2965
f 1451/8896/2966 1449/8897/2966 960/8898/2966
f 1451/8899/2967 960/8900/2967 1460/8901/2967
f 980/8902/2968 1457/8903/2968 1455/8904/2968
f 980/8905/2969 1455/8906/2969 1461/8907/2969
f 1415/8908/2970 1466/8909/2970 1418/8910/2970
f 1415/8911/2971 1418/8912/2971 1417/8913/2971
f 1473/8914/2972 1479/8915/2972 1477/8916/2972
f 1473/8917/2973 1477/8918/2973 1475/8919/2973
f 1465/8920/2974 1485/8921/2974 1437/8922/2974
f 1465/8923/2975 1437/8924/2975 1464/8925/2975
f 1482/8926/2976 1488/8927/2976 1480/8928/2976
f 1482/8929/2977 1480/8930/2977 1481/8931/2977
f 859/8932/2978 1032/8933/2978 1030/8934/2978
f 1034/8935/2979 1032/8936/2979 1489/8937/2979
f 1/8938/2980 1419/8939/2980 1421/8940/2980
f 1/8941/2981 1421/8942/2981 1503/8943/2981
f 1470/8944/2982 1472/8945/2982 1474/8946/2982
f 1470/8947/2983 1474/8948/2983 1507/8949/2983
f 1038/8950/2984 1483/8951/2984 1471/8952/2984
f 1038/8953/2985 1471/8954/2985 1469/8955/2985
f 1424/8956/2986 1436/8957/2986 1438/8958/2986
f 1424/8959/2987 1438/8960/2987 1564/8961/2987
f 1564/8962/2988 1438/8963/2988 1440/8964/2988
f 1564/8965/2989 1440/8966/2989 1566/8967/2989
f 1031/8968/2990 1033/8969/2990 1035/8970/2990
f 1031/8971/2991 1035/8972/2991 1573/8973/2991
f 957/8974/2992 955/8975/2992 1580/8976/2992
f 1580/8977/2993 955/8978/2993 1500/8979/2993
f 1580/8980/2994 1500/8981/2994 1581/8982/2994
f 1581/8983/2995 1500/8984/2995 1582/8985/2995
f 1581/8986/2996 1582/8987/2996 1583/8988/2996
f 1583/8989/2997 1582/8990/2997 1498/8991/2997
f 1583/8992/2998 1498/8993/2998 1584/8994/2998
f 1584/8995/2999 1498/8996/2999 1496/8997/2999
f 1584/8998/3000 1496/8999/3000 1585/9000/3000
f 1585/9001/3001 1496/9002/3001 1494/9003/3001
f 1585/9004/3002 1494/9005/3002 1586/9006/3002
f 1586/9007/3003 1494/9008/3003 1492/9009/3003
f 1586/9010/3004 1492/9011/3004 1587/9012/3004
f 1587/9013/3005 1492/9014/3005 1588/9015/3005
f 1587/9016/3006 1588/9017/3006 913/9018/3006
f 913/9019/3007 1588/9020/3007 911/9021/3007
f 983/9022/3008 1023/9023/3008 985/9024/3008
f 1024/9025/3009 1506/9026/3009 1027/9027/3009
f 1024/9028/3010 1027/9029/3010 1025/9030/3010
f 1498/9031/3011 1582/9032/3011 1500/9033/3011
f 1107/9034/3012 1039/9035/3012 1041/9036/3012
f 1107/9037/3013 1041/9038/3013 1105/9039/3013
f 1105/9040/3014 1041/9041/3014 1589/9042/3014
f 1105/9043/3015 1589/9044/3015 1590/9045/3015
f 1590/9046/3016 1589/9047/3016 1044/9048/3016
f 1590/9049/3017 1044/9050/3017 1591/9051/3017
f 1591/9052/3018 1044/9053/3018 1046/9054/3018
f 1591/9055/3019 1046/9056/3019 1592/9057/3019
f 1592/9058/3020 1046/9059/3020 1064/9060/3020
f 1592/9061/3021 1064/9062/3021 1593/9063/3021
f 1593/9064/3022 1064/9065/3022 1066/9066/3022
f 1593/9067/3023 1066/9068/3023 1180/9069/3023
f 1180/9070/3024 1066/9071/3024 1178/9072/3024
f 957/9073/3025 1580/9074/3025 1581/9075/3025
f 957/9076/3026 1581/9077/3026 1594/9078/3026
f 1594/9079/3027 1581/9080/3027 973/9081/3027
f 1594/9082/3028 973/9083/3028 961/9084/3028
f 961/9085/3029 973/9086/3029 974/9087/3029
f 961/9088/3030 974/9089/3030 963/9090/3030
f 1024/9091/3031 1022/9092/3031 1045/9093/3031
f 973/9094/3032 1581/9095/3032 972/9096/3032
f 972/9097/3033 1581/9098/3033 1583/9099/3033
f 972/9100/3034 1583/9101/3034 970/9102/3034
f 970/9103/3035 1583/9104/3035 1595/9105/3035
f 970/9106/3036 1595/9107/3036 969/9108/3036
f 969/9109/3037 1595/9110/3037 1596/9111/3037
f 969/9112/3038 1596/9113/3038 968/9114/3038
f 968/9115/3039 1596/9116/3039 1597/9117/3039
f 968/9118/3040 1597/9119/3040 967/9120/3040
f 967/9121/3041 1597/9122/3041 1598/9123/3041
f 967/9124/3042 1598/9125/3042 921/9126/3042
f 921/9127/3043 1598/9128/3043 919/9129/3043
f 1020/9130/3044 1022/9131/3044 1021/9132/3044
f 961/9133/3045 959/9134/3045 957/9135/3045
f 961/9136/3046 957/9137/3046 1594/9138/3046
f 983/9139/3047 981/9140/3047 979/9141/3047
f 1538/9142/3048 1015/9143/3048 1017/9144/3048
f 1538/9145/3049 1017/9146/3049 977/9147/3049
f 977/9148/3050 1017/9149/3050 1019/9150/3050
f 977/9151/3051 1019/9152/3051 979/9153/3051
f 1141/9154/3052 1143/9155/3052 1416/9156/3052
f 1141/9157/3053 1416/9158/3053 1139/9159/3053
f 1165/9160/3054 1163/9161/3054 1476/9162/3054
f 1165/9163/3055 1476/9164/3055 1167/9165/3055
f 930/9166/3056 1171/9167/3056 932/9168/3056
f 1533/9169/3057 1173/9170/3057 914/9171/3057
f 1533/9172/3058 914/9173/3058 1532/9174/3058
f 1532/9175/3059 914/9176/3059 912/9177/3059
f 1532/9178/3060 912/9179/3060 910/9180/3060
f 1532/9181/3061 910/9182/3061 1089/9183/3061
f 1110/9184/3062 924/9185/3062 922/9186/3062
f 1110/9187/3063 922/9188/3063 1174/9189/3063
f 1174/9190/3064 922/9191/3064 920/9192/3064
f 1119/9193/3065 1196/9194/3065 1599/9195/3065
f 1599/9196/3066 1196/9197/3066 1195/9198/3066
f 1599/9199/3067 1195/9200/3067 1600/9201/3067
f 1600/9202/3068 1195/9203/3068 1601/9204/3068
f 1600/9205/3069 1601/9206/3069 1185/9207/3069
f 1185/9208/3070 1601/9209/3070 1187/9210/3070
f 1181/9211/3071 1179/9212/3071 1115/9213/3071
f 1181/9214/3072 1115/9215/3072 1602/9216/3072
f 1602/9217/3073 1115/9218/3073 1117/9219/3073
f 1602/9220/3074 1117/9221/3074 1599/9222/3074
f 1599/9223/3075 1117/9224/3075 1119/9225/3075
f 873/9226/3076 1112/9227/3076 874/9228/3076
f 1004/9229/3077 1006/9230/3077 1603/9231/3077
f 1004/9232/3078 1603/9233/3078 1002/9234/3078
f 1002/9235/3079 1603/9236/3079 1604/9237/3079
f 1002/9238/3080 1604/9239/3080 1520/9240/3080
f 1520/9241/3081 1604/9242/3081 1605/9243/3081
f 1520/9244/3082 1605/9245/3082 1606/9246/3082
f 1606/9247/3083 1605/9248/3083 951/9249/3083
f 1606/9250/3084 951/9251/3084 1607/9252/3084
f 1607/9253/3085 951/9254/3085 925/9255/3085
f 1607/9256/3086 925/9257/3086 1608/9258/3086
f 1608/9259/3087 925/9260/3087 927/9261/3087
f 1608/9262/3088 927/9263/3088 931/9264/3088
f 931/9265/3089 927/9266/3089 929/9267/3089
f 1169/9268/3090 1170/9269/3090 1114/9270/3090
f 1608/9271/3091 931/9272/3091 933/9273/3091
f 1608/9274/3092 933/9275/3092 1609/9276/3092
f 1609/9277/3093 933/9278/3093 935/9279/3093
f 1609/9280/3094 935/9281/3094 1521/9282/3094
f 1179/9283/3095 886/9284/3095 888/9285/3095
f 1179/9286/3096 888/9287/3096 1610/9288/3096
f 1610/9289/3097 888/9290/3097 890/9291/3097
f 1610/9292/3098 890/9293/3098 1113/9294/3098
f 1113/9295/3099 890/9296/3099 892/9297/3099
f 1521/9298/3100 1520/9299/3100 1606/9300/3100
f 1521/9301/3101 1606/9302/3101 1609/9303/3101
f 1609/9304/3102 1606/9305/3102 1607/9306/3102
f 1609/9307/3103 1607/9308/3103 1608/9309/3103
f 1115/9310/3104 1179/9311/3104 1610/9312/3104
f 1115/9313/3105 1610/9314/3105 1113/9315/3105
f 1002/9316/3106 1520/9317/3106 1000/9318/3106
f 887/9319/3107 885/9320/3107 883/9321/3107
f 887/9322/3108 883/9323/3108 1522/9324/3108
f 1183/9325/3109 1181/9326/3109 1602/9327/3109
f 1183/9328/3110 1602/9329/3110 1600/9330/3110
f 1600/9331/3111 1602/9332/3111 1599/9333/3111
f 1183/9334/3112 1600/9335/3112 1185/9336/3112
f 917/9337/3113 919/9338/3113 1611/9339/3113
f 1611/9340/3114 919/9341/3114 1598/9342/3114
f 1611/9343/3115 1598/9344/3115 1612/9345/3115
f 1612/9346/3116 1598/9347/3116 1597/9348/3116
f 1612/9349/3117 1597/9350/3117 1613/9351/3117
f 1613/9352/3118 1597/9353/3118 1596/9354/3118
f 1613/9355/3119 1596/9356/3119 1585/9357/3119
f 1585/9358/3120 1596/9359/3120 1595/9360/3120
f 1585/9361/3121 1595/9362/3121 1584/9363/3121
f 1584/9364/3122 1595/9365/3122 1583/9366/3122
f 949/9367/3123 951/9368/3123 1605/9369/3123
f 949/9370/3124 1605/9371/3124 1614/9372/3124
f 1614/9373/3125 1605/9374/3125 1603/9375/3125
f 1614/9376/3126 1603/9377/3126 1615/9378/3126
f 1615/9379/3127 1603/9380/3127 1006/9381/3127
f 1615/9382/3128 1006/9383/3128 1616/9384/3128
f 1616/9385/3129 1006/9386/3129 1008/9387/3129
f 1616/9388/3130 1008/9389/3130 1617/9390/3130
f 1617/9391/3131 1008/9392/3131 1010/9393/3131
f 1617/9394/3132 1010/9395/3132 990/9396/3132
f 990/9397/3133 1010/9398/3133 992/9399/3133
f 1176/9400/3134 1177/9401/3134 1618/9402/3134
f 1618/9403/3135 1177/9404/3135 1178/9405/3135
f 1618/9406/3136 1178/9407/3136 1067/9408/3136
f 1067/9409/3137 1178/9410/3137 1066/9411/3137
f 1186/9412/3138 1188/9413/3138 1619/9414/3138
f 1186/9415/3139 1619/9416/3139 1184/9417/3139
f 1184/9418/3140 1619/9419/3140 1620/9420/3140
f 1184/9421/3141 1620/9422/3141 1182/9423/3141
f 1182/9424/3142 1620/9425/3142 1593/9426/3142
f 1182/9427/3143 1593/9428/3143 1180/9429/3143
f 1592/9430/3144 1593/9431/3144 1620/9432/3144
f 1592/9433/3145 1620/9434/3145 1621/9435/3145
f 1621/9436/3146 1620/9437/3146 1619/9438/3146
f 1621/9439/3147 1619/9440/3147 1622/9441/3147
f 1622/9442/3148 1619/9443/3148 1188/9444/3148
f 1622/9445/3149 1188/9446/3149 1623/9447/3149
f 1623/9448/3150 1188/9449/3150 1190/9450/3150
f 1623/9451/3151 1190/9452/3151 1534/9453/3151
f 1534/9454/3152 1190/9455/3152 1192/9456/3152
f 946/9457/3153 971/9458/3153 948/9459/3153
f 1048/9460/3154 1065/9461/3154 1047/9462/3154
f 1492/9463/3155 901/9464/3155 1588/9465/3155
f 1588/9466/3156 901/9467/3156 899/9468/3156
f 1588/9469/3157 899/9470/3157 911/9471/3157
f 911/9472/3158 899/9473/3158 897/9474/3158
f 1517/9475/3159 1516/9476/3159 1527/9477/3159
f 1529/9478/3160 1519/9479/3160 1518/9480/3160
f 1590/9481/3161 1591/9482/3161 1621/9483/3161
f 1590/9484/3162 1621/9485/3162 1624/9486/3162
f 1624/9487/3163 1621/9488/3163 1622/9489/3163
f 1624/9490/3164 1622/9491/3164 1102/9492/3164
f 1102/9493/3165 1622/9494/3165 1623/9495/3165
f 1102/9496/3166 1623/9497/3166 1101/9498/3166
f 1101/9499/3167 1623/9500/3167 1534/9501/3167
f 1613/9502/3168 1585/9503/3168 1586/9504/3168
f 1613/9505/3169 1586/9506/3169 1625/9507/3169
f 1625/9508/3170 1586/9509/3170 1587/9510/3170
f 1625/9511/3171 1587/9512/3171 915/9513/3171
f 915/9514/3172 1587/9515/3172 913/9516/3172
f 1189/9517/3173 1187/9518/3173 1601/9519/3173
f 1189/9520/3174 1601/9521/3174 1193/9522/3174
f 1193/9523/3175 1601/9524/3175 1195/9525/3175
f 1191/9526/3176 1189/9527/3176 1193/9528/3176
f 1611/9529/3177 1612/9530/3177 1625/9531/3177
f 1611/9532/3178 1625/9533/3178 917/9534/3178
f 917/9535/3179 1625/9536/3179 915/9537/3179
f 1625/9538/3180 1612/9539/3180 1613/9540/3180
f 1603/9541/3181 1605/9542/3181 1604/9543/3181
f 977/9544/3182 975/9545/3182 1538/9546/3182
f 943/9547/3183 945/9548/3183 1626/9549/3183
f 1626/9550/3184 945/9551/3184 1627/9552/3184
f 1626/9553/3185 1627/9554/3185 1616/9555/3185
f 1616/9556/3186 1627/9557/3186 1628/9558/3186
f 1616/9559/3187 1628/9560/3187 1615/9561/3187
f 1615/9562/3188 1628/9563/3188 1614/9564/3188
f 949/9565/3189 1614/9566/3189 1628/9567/3189
f 949/9568/3190 1628/9569/3190 947/9570/3190
f 947/9571/3191 1628/9572/3191 1627/9573/3191
f 947/9574/3192 1627/9575/3192 945/9576/3192
f 1617/9577/3193 990/9578/3193 988/9579/3193
f 1617/9580/3194 988/9581/3194 1626/9582/3194
f 1626/9583/3195 988/9584/3195 943/9585/3195
f 1069/9586/3196 1176/9587/3196 1618/9588/3196
f 1069/9589/3197 1618/9590/3197 1068/9591/3197
f 1068/9592/3198 1618/9593/3198 1067/9594/3198
f 1616/9595/3199 1617/9596/3199 1626/9597/3199
f 1433/9598/3200 902/9599/3200 1431/9600/3200
f 1431/9601/3201 902/9602/3201 1493/9603/3201
f 1431/9604/3202 1493/9605/3202 1429/9606/3202
f 1429/9607/3203 1493/9608/3203 1495/9609/3203
f 1105/9610/3204 1590/9611/3204 1629/9612/3204
f 1105/9613/3205 1629/9614/3205 1103/9615/3205
f 1103/9616/3206 1629/9617/3206 1624/9618/3206
f 1103/9619/3207 1624/9620/3207 1102/9621/3207
f 1591/9622/3208 1592/9623/3208 1621/9624/3208
f 1590/9625/3209 1624/9626/3209 1629/9627/3209
f 1496/9628/3210 1498/9629/3210 1497/9630/3210
f 1044/9631/3211 1589/9632/3211 1041/9633/3211
f 1044/9634/3212 1041/9635/3212 1043/9636/3212
f 1428/9637/3213 1426/9638/3213 1565/9639/3213
f 1428/9640/3214 1565/9641/3214 1430/9642/3214
f 1430/9643/3215 1565/9644/3215 1432/9645/3215
f 1427/9646/3216 1499/9647/3216 1423/9648/3216
f 1427/9649/3217 1423/9650/3217 1425/9651/3217